snapshot_at,release_id,release_tag,channel,published_at,prerelease,asset_id,name,created_at,updated_at,size,content_type,download_count,delta,platform,architecture,edition,package_type,delivery_role,status
"2026-08-07T01:29:28.989Z","297073382","0.3.1","stable","2026-03-14T21:58:40Z","true","373965180","CMTrace.Open_0.3.0_amd64.AppImage","2026-03-14T22:04:43Z","2026-03-14T22:04:45Z","78055928","application/zip","1","0","linux","x64","full","appimage","mixed-manual-update","current"
"2026-08-07T01:29:28.989Z","297073382","0.3.1","stable","2026-03-14T21:58:40Z","true","373965167","CMTrace.Open_0.3.0_amd64.deb","2026-03-14T22:04:41Z","2026-03-14T22:04:42Z","5507114","application/zip","1","0","linux","x64","full","deb","manual-only","current"
"2026-08-07T01:29:28.989Z","297073382","0.3.1","stable","2026-03-14T21:58:40Z","true","373965177","CMTrace.Open-0.3.0-1.x86_64.rpm","2026-03-14T22:04:42Z","2026-03-14T22:04:42Z","5509203","application/zip","1","0","linux","x64","full","rpm","manual-only","current"
"2026-08-07T01:29:28.989Z","297073382","0.3.1","stable","2026-03-14T21:58:40Z","true","373964781","CMTrace.Open_0.3.0_aarch64.dmg","2026-03-14T22:03:27Z","2026-03-14T22:03:27Z","5285839","application/zip","1","0","macos","arm64","full","dmg","manual-only","current"
"2026-08-07T01:29:28.989Z","297073382","0.3.1","stable","2026-03-14T21:58:40Z","true","373963182","cmtrace-open.exe","2026-03-14T21:58:36Z","2026-03-14T21:58:36Z","14783488","application/x-msdownload","4","0","unknown","unknown","unknown","unknown","unknown","current"
"2026-08-07T01:29:28.989Z","297073382","0.3.1","stable","2026-03-14T21:58:40Z","true","373964785","CMTrace.Open_aarch64.app.tar.gz","2026-03-14T22:03:28Z","2026-03-14T22:03:28Z","5017372","application/zip","2","0","unknown","unknown","unknown","unknown","unknown","current"
"2026-08-07T01:29:28.989Z","302924479","1.0.2","stable","2026-03-29T23:09:51Z","false","384257694","latest.json","2026-03-29T23:15:04Z","2026-03-29T23:15:05Z","1563","application/zip","0","0","cross-platform","unknown","not-applicable","updater-manifest","updater-only","current"
"2026-08-07T01:29:28.989Z","302924479","1.0.2","stable","2026-03-29T23:09:51Z","false","384257608","CMTrace.Open_1.0.2_aarch64.dmg","2026-03-29T23:15:01Z","2026-03-29T23:15:02Z","8998050","application/zip","2","0","macos","arm64","full","dmg","manual-only","current"
"2026-08-07T01:29:28.989Z","302924479","1.0.2","stable","2026-03-29T23:09:51Z","false","384257691","CMTrace.Open_aarch64.app.tar.gz.sig","2026-03-29T23:15:04Z","2026-03-29T23:15:04Z","412","application/zip","0","0","unknown","unknown","unknown","signature","supporting-file","current"
"2026-08-07T01:29:28.989Z","302924479","1.0.2","stable","2026-03-29T23:09:51Z","false","384257620","CMTrace.Open_aarch64.app.tar.gz","2026-03-29T23:15:03Z","2026-03-29T23:15:03Z","8381605","application/zip","1","0","unknown","unknown","unknown","unknown","unknown","current"
"2026-08-07T01:29:28.989Z","322160744","nightly","nightly","2026-05-13T22:04:10Z","true","477677264","latest.json","2026-07-15T07:59:11Z","2026-07-15T07:59:11Z","2389","application/json","20","0","cross-platform","unknown","not-applicable","updater-manifest","updater-only","replaced"
"2026-08-07T01:29:28.989Z","322160744","nightly","nightly","2026-05-13T22:04:10Z","true","478928710","latest.json","2026-07-16T08:05:39Z","2026-07-16T08:05:39Z","2389","application/json","14","0","cross-platform","unknown","not-applicable","updater-manifest","updater-only","replaced"
"2026-08-07T01:29:28.989Z","322160744","nightly","nightly","2026-05-13T22:04:10Z","true","480128600","latest.json","2026-07-17T08:01:37Z","2026-07-17T08:01:37Z","2389","application/json","0","0","cross-platform","unknown","not-applicable","updater-manifest","updater-only","replaced"
"2026-08-07T01:29:28.989Z","322160744","nightly","nightly","2026-05-13T22:04:10Z","true","481283308","latest.json","2026-07-18T07:53:18Z","2026-07-18T07:53:18Z","2389","application/json","0","0","cross-platform","unknown","not-applicable","updater-manifest","updater-only","replaced"
"2026-08-07T01:29:28.989Z","322160744","nightly","nightly","2026-05-13T22:04:10Z","true","482212903","latest.json","2026-07-19T08:03:32Z","2026-07-19T08:03:32Z","2389","application/json","0","0","cross-platform","unknown","not-applicable","updater-manifest","updater-only","replaced"
"2026-08-07T01:29:28.989Z","322160744","nightly","nightly","2026-05-13T22:04:10Z","true","484082977","latest.json","2026-07-21T00:52:56Z","2026-07-21T00:52:56Z","2389","application/json","0","0","cross-platform","unknown","not-applicable","updater-manifest","updater-only","replaced"
"2026-08-07T01:29:28.989Z","322160744","nightly","nightly","2026-05-13T22:04:10Z","true","485324214","latest.json","2026-07-22T00:41:05Z","2026-07-22T00:41:05Z","2389","application/json","0","0","cross-platform","unknown","not-applicable","updater-manifest","updater-only","replaced"
"2026-08-07T01:29:28.989Z","322160744","nightly","nightly","2026-05-13T22:04:10Z","true","486519486","latest.json","2026-07-22T23:17:30Z","2026-07-22T23:17:31Z","2389","application/json","0","0","cross-platform","unknown","not-applicable","updater-manifest","updater-only","replaced"
"2026-08-07T01:29:28.989Z","322160744","nightly","nightly","2026-05-13T22:04:10Z","true","487786383","latest.json","2026-07-24T00:03:16Z","2026-07-24T00:03:16Z","2397","application/json","0","0","cross-platform","unknown","not-applicable","updater-manifest","updater-only","replaced"
"2026-08-07T01:29:28.989Z","322160744","nightly","nightly","2026-05-13T22:04:10Z","true","488681735","latest.json","2026-07-24T18:12:21Z","2026-07-24T18:12:21Z","2397","application/json","0","0","cross-platform","unknown","not-applicable","updater-manifest","updater-only","replaced"
"2026-08-07T01:29:28.989Z","322160744","nightly","nightly","2026-05-13T22:04:10Z","true","489278549","latest.json","2026-07-25T08:01:51Z","2026-07-25T08:01:51Z","2397","application/json","0","0","cross-platform","unknown","not-applicable","updater-manifest","updater-only","replaced"
"2026-08-07T01:29:28.989Z","322160744","nightly","nightly","2026-05-13T22:04:10Z","true","490177375","latest.json","2026-07-26T08:10:03Z","2026-07-26T08:10:04Z","2397","application/json","0","0","cross-platform","unknown","not-applicable","updater-manifest","updater-only","replaced"
"2026-08-07T01:29:28.989Z","322160744","nightly","nightly","2026-05-13T22:04:10Z","true","491216590","latest.json","2026-07-27T08:33:26Z","2026-07-27T08:33:26Z","2397","application/json","1","0","cross-platform","unknown","not-applicable","updater-manifest","updater-only","replaced"
"2026-08-07T01:29:28.989Z","322160744","nightly","nightly","2026-05-13T22:04:10Z","true","492463631","latest.json","2026-07-28T08:15:10Z","2026-07-28T08:15:10Z","2397","application/json","1","0","cross-platform","unknown","not-applicable","updater-manifest","updater-only","replaced"
"2026-08-07T01:29:28.989Z","322160744","nightly","nightly","2026-05-13T22:04:10Z","true","493790053","latest.json","2026-07-29T08:18:29Z","2026-07-29T08:18:29Z","2397","application/json","2","0","cross-platform","unknown","not-applicable","updater-manifest","updater-only","replaced"
"2026-08-07T01:29:28.989Z","322160744","nightly","nightly","2026-05-13T22:04:10Z","true","495096610","latest.json","2026-07-30T08:10:48Z","2026-07-30T08:10:48Z","2397","application/json","1","0","cross-platform","unknown","not-applicable","updater-manifest","updater-only","replaced"
"2026-08-07T01:29:28.989Z","322160744","nightly","nightly","2026-05-13T22:04:10Z","true","496437363","latest.json","2026-07-31T08:22:37Z","2026-07-31T08:22:37Z","2397","application/json","1","0","cross-platform","unknown","not-applicable","updater-manifest","updater-only","replaced"
"2026-08-07T01:29:28.989Z","322160744","nightly","nightly","2026-05-13T22:04:10Z","true","497716487","latest.json","2026-08-01T08:08:39Z","2026-08-01T08:08:39Z","2397","application/json","3","0","cross-platform","unknown","not-applicable","updater-manifest","updater-only","replaced"
"2026-08-07T01:29:28.989Z","322160744","nightly","nightly","2026-05-13T22:04:10Z","true","498709417","latest.json","2026-08-02T08:08:46Z","2026-08-02T08:08:46Z","2397","application/json","4","0","cross-platform","unknown","not-applicable","updater-manifest","updater-only","replaced"
"2026-08-07T01:29:28.989Z","322160744","nightly","nightly","2026-05-13T22:04:10Z","true","499819859","latest.json","2026-08-03T08:35:12Z","2026-08-03T08:35:12Z","2397","application/json","0","0","cross-platform","unknown","not-applicable","updater-manifest","updater-only","replaced"
"2026-08-07T01:29:28.989Z","322160744","nightly","nightly","2026-05-13T22:04:10Z","true","501081002","latest.json","2026-08-04T08:16:12Z","2026-08-04T08:16:12Z","2397","application/json","0","0","cross-platform","unknown","not-applicable","updater-manifest","updater-only","replaced"
"2026-08-07T01:29:28.989Z","322160744","nightly","nightly","2026-05-13T22:04:10Z","true","502364997","latest.json","2026-08-05T08:18:28Z","2026-08-05T08:18:28Z","2397","application/json","1","0","cross-platform","unknown","not-applicable","updater-manifest","updater-only","replaced"
"2026-08-07T01:29:28.989Z","322160744","nightly","nightly","2026-05-13T22:04:10Z","true","503678055","latest.json","2026-08-06T08:17:55Z","2026-08-06T08:17:55Z","2397","application/json","7","","cross-platform","unknown","not-applicable","updater-manifest","updater-only","current"
"2026-08-07T01:29:28.989Z","322160744","nightly","nightly","2026-05-13T22:04:10Z","true","477677261","CMTrace-Open_Nightly_20260715_77_30b4e39e438c_macOS-arm64.dmg","2026-07-15T07:59:11Z","2026-07-15T07:59:11Z","9364768","application/x-apple-diskimage","0","0","macos","arm64","full","dmg","manual-only","replaced"
"2026-08-07T01:29:28.989Z","322160744","nightly","nightly","2026-05-13T22:04:10Z","true","478928709","CMTrace-Open_Nightly_20260716_78_d6d4c7235666_macOS-arm64.dmg","2026-07-16T08:05:39Z","2026-07-16T08:05:40Z","9427841","application/x-apple-diskimage","0","0","macos","arm64","full","dmg","manual-only","replaced"
"2026-08-07T01:29:28.989Z","322160744","nightly","nightly","2026-05-13T22:04:10Z","true","480128591","CMTrace-Open_Nightly_20260717_79_d6d4c7235666_macOS-arm64.dmg","2026-07-17T08:01:36Z","2026-07-17T08:01:38Z","9431348","application/x-apple-diskimage","0","0","macos","arm64","full","dmg","manual-only","replaced"
"2026-08-07T01:29:28.989Z","322160744","nightly","nightly","2026-05-13T22:04:10Z","true","481283307","CMTrace-Open_Nightly_20260718_80_d6d4c7235666_macOS-arm64.dmg","2026-07-18T07:53:18Z","2026-07-18T07:53:19Z","9431059","application/x-apple-diskimage","0","0","macos","arm64","full","dmg","manual-only","replaced"
"2026-08-07T01:29:28.989Z","322160744","nightly","nightly","2026-05-13T22:04:10Z","true","482212904","CMTrace-Open_Nightly_20260719_81_d6d4c7235666_macOS-arm64.dmg","2026-07-19T08:03:32Z","2026-07-19T08:03:33Z","9431135","application/x-apple-diskimage","0","0","macos","arm64","full","dmg","manual-only","replaced"
"2026-08-07T01:29:28.989Z","322160744","nightly","nightly","2026-05-13T22:04:10Z","true","484082976","CMTrace-Open_Nightly_20260721_83_a177e01791a6_macOS-arm64.dmg","2026-07-21T00:52:56Z","2026-07-21T00:52:57Z","10347213","application/x-apple-diskimage","0","0","macos","arm64","full","dmg","manual-only","replaced"
"2026-08-07T01:29:28.989Z","322160744","nightly","nightly","2026-05-13T22:04:10Z","true","485324211","CMTrace-Open_Nightly_20260722_86_f94de41c40c0_macOS-arm64.dmg","2026-07-22T00:41:05Z","2026-07-22T00:41:06Z","10334812","application/x-apple-diskimage","0","0","macos","arm64","full","dmg","manual-only","replaced"
"2026-08-07T01:29:28.989Z","322160744","nightly","nightly","2026-05-13T22:04:10Z","true","486519485","CMTrace-Open_Nightly_20260722_91_053377ee8a9d_macOS-arm64.dmg","2026-07-22T23:17:30Z","2026-07-22T23:17:31Z","10339494","application/x-apple-diskimage","0","0","macos","arm64","full","dmg","manual-only","replaced"
"2026-08-07T01:29:28.989Z","322160744","nightly","nightly","2026-05-13T22:04:10Z","true","487786382","CMTrace-Open_Nightly_20260723_105_c5e3ebcba48b_macOS-arm64.dmg","2026-07-24T00:03:16Z","2026-07-24T00:03:17Z","10347303","application/x-apple-diskimage","0","0","macos","arm64","full","dmg","manual-only","replaced"
"2026-08-07T01:29:28.989Z","322160744","nightly","nightly","2026-05-13T22:04:10Z","true","488681738","CMTrace-Open_Nightly_20260724_111_5a6559b846f7_macOS-arm64.dmg","2026-07-24T18:12:21Z","2026-07-24T18:12:22Z","10357285","application/x-apple-diskimage","0","0","macos","arm64","full","dmg","manual-only","replaced"
"2026-08-07T01:29:28.989Z","322160744","nightly","nightly","2026-05-13T22:04:10Z","true","489278546","CMTrace-Open_Nightly_20260725_112_f1331120ab2f_macOS-arm64.dmg","2026-07-25T08:01:51Z","2026-07-25T08:01:52Z","9450641","application/x-apple-diskimage","0","0","macos","arm64","full","dmg","manual-only","replaced"
"2026-08-07T01:29:28.989Z","322160744","nightly","nightly","2026-05-13T22:04:10Z","true","490177376","CMTrace-Open_Nightly_20260726_113_f1331120ab2f_macOS-arm64.dmg","2026-07-26T08:10:03Z","2026-07-26T08:10:04Z","9450260","application/x-apple-diskimage","0","0","macos","arm64","full","dmg","manual-only","replaced"
"2026-08-07T01:29:28.989Z","322160744","nightly","nightly","2026-05-13T22:04:10Z","true","491216591","CMTrace-Open_Nightly_20260727_114_7a5721906492_macOS-arm64.dmg","2026-07-27T08:33:26Z","2026-07-27T08:33:26Z","10435870","application/x-apple-diskimage","0","0","macos","arm64","full","dmg","manual-only","replaced"
"2026-08-07T01:29:28.989Z","322160744","nightly","nightly","2026-05-13T22:04:10Z","true","492463634","CMTrace-Open_Nightly_20260728_115_d43d372df66c_macOS-arm64.dmg","2026-07-28T08:15:10Z","2026-07-28T08:15:11Z","10434841","application/x-apple-diskimage","0","0","macos","arm64","full","dmg","manual-only","replaced"
"2026-08-07T01:29:28.989Z","322160744","nightly","nightly","2026-05-13T22:04:10Z","true","493790055","CMTrace-Open_Nightly_20260729_116_5a6470a0e9d6_macOS-arm64.dmg","2026-07-29T08:18:29Z","2026-07-29T08:18:30Z","10492688","application/x-apple-diskimage","0","0","macos","arm64","full","dmg","manual-only","replaced"
"2026-08-07T01:29:28.989Z","322160744","nightly","nightly","2026-05-13T22:04:10Z","true","495096609","CMTrace-Open_Nightly_20260730_117_cf4fb41b3dac_macOS-arm64.dmg","2026-07-30T08:10:48Z","2026-07-30T08:10:49Z","10493098","application/x-apple-diskimage","0","0","macos","arm64","full","dmg","manual-only","replaced"
"2026-08-07T01:29:28.989Z","322160744","nightly","nightly","2026-05-13T22:04:10Z","true","496437364","CMTrace-Open_Nightly_20260731_118_a7c63101de44_macOS-arm64.dmg","2026-07-31T08:22:37Z","2026-07-31T08:22:38Z","10493324","application/x-apple-diskimage","0","0","macos","arm64","full","dmg","manual-only","replaced"
"2026-08-07T01:29:28.989Z","322160744","nightly","nightly","2026-05-13T22:04:10Z","true","497716485","CMTrace-Open_Nightly_20260801_119_0e1baa95dc4d_macOS-arm64.dmg","2026-08-01T08:08:38Z","2026-08-01T08:08:39Z","10572245","application/x-apple-diskimage","0","0","macos","arm64","full","dmg","manual-only","replaced"
"2026-08-07T01:29:28.989Z","322160744","nightly","nightly","2026-05-13T22:04:10Z","true","498709420","CMTrace-Open_Nightly_20260802_120_2ae659c0eb05_macOS-arm64.dmg","2026-08-02T08:08:46Z","2026-08-02T08:08:47Z","10580065","application/x-apple-diskimage","0","0","macos","arm64","full","dmg","manual-only","replaced"
"2026-08-07T01:29:28.989Z","322160744","nightly","nightly","2026-05-13T22:04:10Z","true","499819858","CMTrace-Open_Nightly_20260803_121_614c8b004680_macOS-arm64.dmg","2026-08-03T08:35:11Z","2026-08-03T08:35:13Z","10674232","application/x-apple-diskimage","0","0","macos","arm64","full","dmg","manual-only","replaced"
"2026-08-07T01:29:28.989Z","322160744","nightly","nightly","2026-05-13T22:04:10Z","true","501081005","CMTrace-Open_Nightly_20260804_122_b54aea1f0eb6_macOS-arm64.dmg","2026-08-04T08:16:12Z","2026-08-04T08:16:12Z","10673995","application/x-apple-diskimage","1","0","macos","arm64","full","dmg","manual-only","replaced"
"2026-08-07T01:29:28.989Z","322160744","nightly","nightly","2026-05-13T22:04:10Z","true","502365001","CMTrace-Open_Nightly_20260805_123_8113e17886c5_macOS-arm64.dmg","2026-08-05T08:18:28Z","2026-08-05T08:18:29Z","11123214","application/x-apple-diskimage","0","0","macos","arm64","full","dmg","manual-only","replaced"
"2026-08-07T01:29:28.989Z","322160744","nightly","nightly","2026-05-13T22:04:10Z","true","503678060","CMTrace-Open_Nightly_20260806_124_208d7a49b51b_macOS-arm64.dmg","2026-08-06T08:17:55Z","2026-08-06T08:17:55Z","11159153","application/x-apple-diskimage","0","","macos","arm64","full","dmg","manual-only","current"
"2026-08-07T01:29:28.989Z","322160744","nightly","nightly","2026-05-13T22:04:10Z","true","477677265","CMTrace-Open_Nightly_20260715_77_30b4e39e438c_macOS-arm64.app.tar.gz.sig","2026-07-15T07:59:11Z","2026-07-15T07:59:11Z","424","application/pgp-signature","0","0","macos","arm64","full","signature","supporting-file","replaced"
"2026-08-07T01:29:28.989Z","322160744","nightly","nightly","2026-05-13T22:04:10Z","true","478928711","CMTrace-Open_Nightly_20260716_78_d6d4c7235666_macOS-arm64.app.tar.gz.sig","2026-07-16T08:05:39Z","2026-07-16T08:05:39Z","424","application/pgp-signature","0","0","macos","arm64","full","signature","supporting-file","replaced"
"2026-08-07T01:29:28.989Z","322160744","nightly","nightly","2026-05-13T22:04:10Z","true","480128593","CMTrace-Open_Nightly_20260717_79_d6d4c7235666_macOS-arm64.app.tar.gz.sig","2026-07-17T08:01:36Z","2026-07-17T08:01:37Z","424","application/pgp-signature","0","0","macos","arm64","full","signature","supporting-file","replaced"
"2026-08-07T01:29:28.989Z","322160744","nightly","nightly","2026-05-13T22:04:10Z","true","481283309","CMTrace-Open_Nightly_20260718_80_d6d4c7235666_macOS-arm64.app.tar.gz.sig","2026-07-18T07:53:18Z","2026-07-18T07:53:18Z","424","application/pgp-signature","0","0","macos","arm64","full","signature","supporting-file","replaced"
"2026-08-07T01:29:28.989Z","322160744","nightly","nightly","2026-05-13T22:04:10Z","true","482212906","CMTrace-Open_Nightly_20260719_81_d6d4c7235666_macOS-arm64.app.tar.gz.sig","2026-07-19T08:03:32Z","2026-07-19T08:03:32Z","424","application/pgp-signature","0","0","macos","arm64","full","signature","supporting-file","replaced"
"2026-08-07T01:29:28.989Z","322160744","nightly","nightly","2026-05-13T22:04:10Z","true","484082974","CMTrace-Open_Nightly_20260721_83_a177e01791a6_macOS-arm64.app.tar.gz.sig","2026-07-21T00:52:56Z","2026-07-21T00:52:56Z","424","application/pgp-signature","0","0","macos","arm64","full","signature","supporting-file","replaced"
"2026-08-07T01:29:28.989Z","322160744","nightly","nightly","2026-05-13T22:04:10Z","true","485324215","CMTrace-Open_Nightly_20260722_86_f94de41c40c0_macOS-arm64.app.tar.gz.sig","2026-07-22T00:41:05Z","2026-07-22T00:41:05Z","424","application/pgp-signature","0","0","macos","arm64","full","signature","supporting-file","replaced"
"2026-08-07T01:29:28.989Z","322160744","nightly","nightly","2026-05-13T22:04:10Z","true","486519483","CMTrace-Open_Nightly_20260722_91_053377ee8a9d_macOS-arm64.app.tar.gz.sig","2026-07-22T23:17:30Z","2026-07-22T23:17:31Z","424","application/pgp-signature","0","0","macos","arm64","full","signature","supporting-file","replaced"
"2026-08-07T01:29:28.989Z","322160744","nightly","nightly","2026-05-13T22:04:10Z","true","487786380","CMTrace-Open_Nightly_20260723_105_c5e3ebcba48b_macOS-arm64.app.tar.gz.sig","2026-07-24T00:03:16Z","2026-07-24T00:03:16Z","424","application/pgp-signature","0","0","macos","arm64","full","signature","supporting-file","replaced"
"2026-08-07T01:29:28.989Z","322160744","nightly","nightly","2026-05-13T22:04:10Z","true","488681739","CMTrace-Open_Nightly_20260724_111_5a6559b846f7_macOS-arm64.app.tar.gz.sig","2026-07-24T18:12:21Z","2026-07-24T18:12:21Z","424","application/pgp-signature","0","0","macos","arm64","full","signature","supporting-file","replaced"
"2026-08-07T01:29:28.989Z","322160744","nightly","nightly","2026-05-13T22:04:10Z","true","489278547","CMTrace-Open_Nightly_20260725_112_f1331120ab2f_macOS-arm64.app.tar.gz.sig","2026-07-25T08:01:51Z","2026-07-25T08:01:51Z","424","application/pgp-signature","0","0","macos","arm64","full","signature","supporting-file","replaced"
"2026-08-07T01:29:28.989Z","322160744","nightly","nightly","2026-05-13T22:04:10Z","true","490177374","CMTrace-Open_Nightly_20260726_113_f1331120ab2f_macOS-arm64.app.tar.gz.sig","2026-07-26T08:10:03Z","2026-07-26T08:10:04Z","424","application/pgp-signature","0","0","macos","arm64","full","signature","supporting-file","replaced"
"2026-08-07T01:29:28.989Z","322160744","nightly","nightly","2026-05-13T22:04:10Z","true","491216593","CMTrace-Open_Nightly_20260727_114_7a5721906492_macOS-arm64.app.tar.gz.sig","2026-07-27T08:33:26Z","2026-07-27T08:33:26Z","424","application/pgp-signature","0","0","macos","arm64","full","signature","supporting-file","replaced"
"2026-08-07T01:29:28.989Z","322160744","nightly","nightly","2026-05-13T22:04:10Z","true","492463633","CMTrace-Open_Nightly_20260728_115_d43d372df66c_macOS-arm64.app.tar.gz.sig","2026-07-28T08:15:10Z","2026-07-28T08:15:10Z","424","application/pgp-signature","0","0","macos","arm64","full","signature","supporting-file","replaced"
"2026-08-07T01:29:28.989Z","322160744","nightly","nightly","2026-05-13T22:04:10Z","true","493790056","CMTrace-Open_Nightly_20260729_116_5a6470a0e9d6_macOS-arm64.app.tar.gz.sig","2026-07-29T08:18:29Z","2026-07-29T08:18:29Z","424","application/pgp-signature","0","0","macos","arm64","full","signature","supporting-file","replaced"
"2026-08-07T01:29:28.989Z","322160744","nightly","nightly","2026-05-13T22:04:10Z","true","495096608","CMTrace-Open_Nightly_20260730_117_cf4fb41b3dac_macOS-arm64.app.tar.gz.sig","2026-07-30T08:10:48Z","2026-07-30T08:10:48Z","424","application/pgp-signature","0","0","macos","arm64","full","signature","supporting-file","replaced"
"2026-08-07T01:29:28.989Z","322160744","nightly","nightly","2026-05-13T22:04:10Z","true","496437362","CMTrace-Open_Nightly_20260731_118_a7c63101de44_macOS-arm64.app.tar.gz.sig","2026-07-31T08:22:37Z","2026-07-31T08:22:37Z","424","application/pgp-signature","0","0","macos","arm64","full","signature","supporting-file","replaced"
"2026-08-07T01:29:28.989Z","322160744","nightly","nightly","2026-05-13T22:04:10Z","true","497716489","CMTrace-Open_Nightly_20260801_119_0e1baa95dc4d_macOS-arm64.app.tar.gz.sig","2026-08-01T08:08:39Z","2026-08-01T08:08:39Z","424","application/pgp-signature","0","0","macos","arm64","full","signature","supporting-file","replaced"
"2026-08-07T01:29:28.989Z","322160744","nightly","nightly","2026-05-13T22:04:10Z","true","498709419","CMTrace-Open_Nightly_20260802_120_2ae659c0eb05_macOS-arm64.app.tar.gz.sig","2026-08-02T08:08:46Z","2026-08-02T08:08:46Z","424","application/pgp-signature","0","0","macos","arm64","full","signature","supporting-file","replaced"
"2026-08-07T01:29:28.989Z","322160744","nightly","nightly","2026-05-13T22:04:10Z","true","499819861","CMTrace-Open_Nightly_20260803_121_614c8b004680_macOS-arm64.app.tar.gz.sig","2026-08-03T08:35:12Z","2026-08-03T08:35:12Z","424","application/pgp-signature","0","0","macos","arm64","full","signature","supporting-file","replaced"
"2026-08-07T01:29:28.989Z","322160744","nightly","nightly","2026-05-13T22:04:10Z","true","501081006","CMTrace-Open_Nightly_20260804_122_b54aea1f0eb6_macOS-arm64.app.tar.gz.sig","2026-08-04T08:16:12Z","2026-08-04T08:16:12Z","424","application/pgp-signature","0","0","macos","arm64","full","signature","supporting-file","replaced"
"2026-08-07T01:29:28.989Z","322160744","nightly","nightly","2026-05-13T22:04:10Z","true","502364999","CMTrace-Open_Nightly_20260805_123_8113e17886c5_macOS-arm64.app.tar.gz.sig","2026-08-05T08:18:28Z","2026-08-05T08:18:28Z","424","application/pgp-signature","0","0","macos","arm64","full","signature","supporting-file","replaced"
"2026-08-07T01:29:28.989Z","322160744","nightly","nightly","2026-05-13T22:04:10Z","true","503678059","CMTrace-Open_Nightly_20260806_124_208d7a49b51b_macOS-arm64.app.tar.gz.sig","2026-08-06T08:17:55Z","2026-08-06T08:17:55Z","424","application/pgp-signature","0","","macos","arm64","full","signature","supporting-file","current"
"2026-08-07T01:29:28.989Z","322160744","nightly","nightly","2026-05-13T22:04:10Z","true","477677263","CMTrace-Open_Nightly_20260715_77_30b4e39e438c_macOS-arm64.app.tar.gz","2026-07-15T07:59:11Z","2026-07-15T07:59:12Z","8769547","application/x-gtar","0","0","macos","arm64","full","updater-archive","updater-only","replaced"
"2026-08-07T01:29:28.989Z","322160744","nightly","nightly","2026-05-13T22:04:10Z","true","478928712","CMTrace-Open_Nightly_20260716_78_d6d4c7235666_macOS-arm64.app.tar.gz","2026-07-16T08:05:39Z","2026-07-16T08:05:40Z","8846862","application/x-gtar","0","0","macos","arm64","full","updater-archive","updater-only","replaced"
"2026-08-07T01:29:28.989Z","322160744","nightly","nightly","2026-05-13T22:04:10Z","true","480128599","CMTrace-Open_Nightly_20260717_79_d6d4c7235666_macOS-arm64.app.tar.gz","2026-07-17T08:01:37Z","2026-07-17T08:01:38Z","8847879","application/x-gtar","0","0","macos","arm64","full","updater-archive","updater-only","replaced"
"2026-08-07T01:29:28.989Z","322160744","nightly","nightly","2026-05-13T22:04:10Z","true","481283305","CMTrace-Open_Nightly_20260718_80_d6d4c7235666_macOS-arm64.app.tar.gz","2026-07-18T07:53:17Z","2026-07-18T07:53:19Z","8847077","application/x-gtar","0","0","macos","arm64","full","updater-archive","updater-only","replaced"
"2026-08-07T01:29:28.989Z","322160744","nightly","nightly","2026-05-13T22:04:10Z","true","482212905","CMTrace-Open_Nightly_20260719_81_d6d4c7235666_macOS-arm64.app.tar.gz","2026-07-19T08:03:32Z","2026-07-19T08:03:33Z","8847527","application/x-gtar","0","0","macos","arm64","full","updater-archive","updater-only","replaced"
"2026-08-07T01:29:28.989Z","322160744","nightly","nightly","2026-05-13T22:04:10Z","true","484082973","CMTrace-Open_Nightly_20260721_83_a177e01791a6_macOS-arm64.app.tar.gz","2026-07-21T00:52:56Z","2026-07-21T00:52:57Z","9793375","application/x-gtar","0","0","macos","arm64","full","updater-archive","updater-only","replaced"
"2026-08-07T01:29:28.989Z","322160744","nightly","nightly","2026-05-13T22:04:10Z","true","485324212","CMTrace-Open_Nightly_20260722_86_f94de41c40c0_macOS-arm64.app.tar.gz","2026-07-22T00:41:05Z","2026-07-22T00:41:05Z","9772000","application/x-gtar","0","0","macos","arm64","full","updater-archive","updater-only","replaced"
"2026-08-07T01:29:28.989Z","322160744","nightly","nightly","2026-05-13T22:04:10Z","true","486519482","CMTrace-Open_Nightly_20260722_91_053377ee8a9d_macOS-arm64.app.tar.gz","2026-07-22T23:17:30Z","2026-07-22T23:17:31Z","9774894","application/x-gtar","0","0","macos","arm64","full","updater-archive","updater-only","replaced"
"2026-08-07T01:29:28.989Z","322160744","nightly","nightly","2026-05-13T22:04:10Z","true","487786384","CMTrace-Open_Nightly_20260723_105_c5e3ebcba48b_macOS-arm64.app.tar.gz","2026-07-24T00:03:16Z","2026-07-24T00:03:17Z","9785184","application/x-gtar","0","0","macos","arm64","full","updater-archive","updater-only","replaced"
"2026-08-07T01:29:28.989Z","322160744","nightly","nightly","2026-05-13T22:04:10Z","true","488681737","CMTrace-Open_Nightly_20260724_111_5a6559b846f7_macOS-arm64.app.tar.gz","2026-07-24T18:12:21Z","2026-07-24T18:12:22Z","9806282","application/x-gtar","0","0","macos","arm64","full","updater-archive","updater-only","replaced"
"2026-08-07T01:29:28.989Z","322160744","nightly","nightly","2026-05-13T22:04:10Z","true","489278543","CMTrace-Open_Nightly_20260725_112_f1331120ab2f_macOS-arm64.app.tar.gz","2026-07-25T08:01:51Z","2026-07-25T08:01:52Z","8868468","application/x-gtar","0","0","macos","arm64","full","updater-archive","updater-only","replaced"
"2026-08-07T01:29:28.989Z","322160744","nightly","nightly","2026-05-13T22:04:10Z","true","490177377","CMTrace-Open_Nightly_20260726_113_f1331120ab2f_macOS-arm64.app.tar.gz","2026-07-26T08:10:03Z","2026-07-26T08:10:04Z","8868569","application/x-gtar","0","0","macos","arm64","full","updater-archive","updater-only","replaced"
"2026-08-07T01:29:28.989Z","322160744","nightly","nightly","2026-05-13T22:04:10Z","true","491216592","CMTrace-Open_Nightly_20260727_114_7a5721906492_macOS-arm64.app.tar.gz","2026-07-27T08:33:26Z","2026-07-27T08:33:26Z","9879484","application/x-gtar","0","0","macos","arm64","full","updater-archive","updater-only","replaced"
"2026-08-07T01:29:28.989Z","322160744","nightly","nightly","2026-05-13T22:04:10Z","true","492463635","CMTrace-Open_Nightly_20260728_115_d43d372df66c_macOS-arm64.app.tar.gz","2026-07-28T08:15:10Z","2026-07-28T08:15:11Z","9879830","application/x-gtar","0","0","macos","arm64","full","updater-archive","updater-only","replaced"
"2026-08-07T01:29:28.989Z","322160744","nightly","nightly","2026-05-13T22:04:10Z","true","493790052","CMTrace-Open_Nightly_20260729_116_5a6470a0e9d6_macOS-arm64.app.tar.gz","2026-07-29T08:18:29Z","2026-07-29T08:18:30Z","9949335","application/x-gtar","0","0","macos","arm64","full","updater-archive","updater-only","replaced"
"2026-08-07T01:29:28.989Z","322160744","nightly","nightly","2026-05-13T22:04:10Z","true","495096611","CMTrace-Open_Nightly_20260730_117_cf4fb41b3dac_macOS-arm64.app.tar.gz","2026-07-30T08:10:48Z","2026-07-30T08:10:49Z","9944200","application/x-gtar","0","0","macos","arm64","full","updater-archive","updater-only","replaced"
"2026-08-07T01:29:28.989Z","322160744","nightly","nightly","2026-05-13T22:04:10Z","true","496437365","CMTrace-Open_Nightly_20260731_118_a7c63101de44_macOS-arm64.app.tar.gz","2026-07-31T08:22:37Z","2026-07-31T08:22:38Z","9944741","application/x-gtar","0","0","macos","arm64","full","updater-archive","updater-only","replaced"
"2026-08-07T01:29:28.989Z","322160744","nightly","nightly","2026-05-13T22:04:10Z","true","497716488","CMTrace-Open_Nightly_20260801_119_0e1baa95dc4d_macOS-arm64.app.tar.gz","2026-08-01T08:08:39Z","2026-08-01T08:08:39Z","10028297","application/x-gtar","0","0","macos","arm64","full","updater-archive","updater-only","replaced"
"2026-08-07T01:29:28.989Z","322160744","nightly","nightly","2026-05-13T22:04:10Z","true","498709418","CMTrace-Open_Nightly_20260802_120_2ae659c0eb05_macOS-arm64.app.tar.gz","2026-08-02T08:08:46Z","2026-08-02T08:08:46Z","10036818","application/x-gtar","0","0","macos","arm64","full","updater-archive","updater-only","replaced"
"2026-08-07T01:29:28.989Z","322160744","nightly","nightly","2026-05-13T22:04:10Z","true","499819862","CMTrace-Open_Nightly_20260803_121_614c8b004680_macOS-arm64.app.tar.gz","2026-08-03T08:35:12Z","2026-08-03T08:35:13Z","10117613","application/x-gtar","0","0","macos","arm64","full","updater-archive","updater-only","replaced"
"2026-08-07T01:29:28.989Z","322160744","nightly","nightly","2026-05-13T22:04:10Z","true","501081004","CMTrace-Open_Nightly_20260804_122_b54aea1f0eb6_macOS-arm64.app.tar.gz","2026-08-04T08:16:12Z","2026-08-04T08:16:12Z","10117621","application/x-gtar","0","0","macos","arm64","full","updater-archive","updater-only","replaced"
"2026-08-07T01:29:28.989Z","322160744","nightly","nightly","2026-05-13T22:04:10Z","true","502365000","CMTrace-Open_Nightly_20260805_123_8113e17886c5_macOS-arm64.app.tar.gz","2026-08-05T08:18:28Z","2026-08-05T08:18:29Z","10605290","application/x-gtar","0","0","macos","arm64","full","updater-archive","updater-only","replaced"
"2026-08-07T01:29:28.989Z","322160744","nightly","nightly","2026-05-13T22:04:10Z","true","503678057","CMTrace-Open_Nightly_20260806_124_208d7a49b51b_macOS-arm64.app.tar.gz","2026-08-06T08:17:55Z","2026-08-06T08:17:55Z","10632432","application/x-gtar","0","","macos","arm64","full","updater-archive","updater-only","current"
"2026-08-07T01:29:28.989Z","322160744","nightly","nightly","2026-05-13T22:04:10Z","true","477677294","CMTrace-Open_Nightly_20260715_77_30b4e39e438c_arm64.msi","2026-07-15T07:59:13Z","2026-07-15T07:59:13Z","12517376","application/x-msi","0","0","windows","arm64","full","msi","manual-only","replaced"
"2026-08-07T01:29:28.989Z","322160744","nightly","nightly","2026-05-13T22:04:10Z","true","478928746","CMTrace-Open_Nightly_20260716_78_d6d4c7235666_arm64.msi","2026-07-16T08:05:41Z","2026-07-16T08:05:41Z","12582912","application/x-msi","0","0","windows","arm64","full","msi","manual-only","replaced"
"2026-08-07T01:29:28.989Z","322160744","nightly","nightly","2026-05-13T22:04:10Z","true","480128638","CMTrace-Open_Nightly_20260717_79_d6d4c7235666_arm64.msi","2026-07-17T08:01:39Z","2026-07-17T08:01:39Z","12582912","application/x-msi","0","0","windows","arm64","full","msi","manual-only","replaced"
"2026-08-07T01:29:28.989Z","322160744","nightly","nightly","2026-05-13T22:04:10Z","true","481283325","CMTrace-Open_Nightly_20260718_80_d6d4c7235666_arm64.msi","2026-07-18T07:53:19Z","2026-07-18T07:53:20Z","12578816","application/x-msi","0","0","windows","arm64","full","msi","manual-only","replaced"
"2026-08-07T01:29:28.989Z","322160744","nightly","nightly","2026-05-13T22:04:10Z","true","482212931","CMTrace-Open_Nightly_20260719_81_d6d4c7235666_arm64.msi","2026-07-19T08:03:34Z","2026-07-19T08:03:35Z","12574720","application/x-msi","0","0","windows","arm64","full","msi","manual-only","replaced"
"2026-08-07T01:29:28.989Z","322160744","nightly","nightly","2026-05-13T22:04:10Z","true","484083041","CMTrace-Open_Nightly_20260721_83_a177e01791a6_arm64.msi","2026-07-21T00:52:58Z","2026-07-21T00:52:59Z","13656064","application/x-msi","0","0","windows","arm64","full","msi","manual-only","replaced"
"2026-08-07T01:29:28.989Z","322160744","nightly","nightly","2026-05-13T22:04:10Z","true","485324235","CMTrace-Open_Nightly_20260722_86_f94de41c40c0_arm64.msi","2026-07-22T00:41:06Z","2026-07-22T00:41:07Z","13676544","application/x-msi","0","0","windows","arm64","full","msi","manual-only","replaced"
"2026-08-07T01:29:28.989Z","322160744","nightly","nightly","2026-05-13T22:04:10Z","true","486519504","CMTrace-Open_Nightly_20260722_91_053377ee8a9d_arm64.msi","2026-07-22T23:17:32Z","2026-07-22T23:17:33Z","13688832","application/x-msi","1","0","windows","arm64","full","msi","manual-only","replaced"
"2026-08-07T01:29:28.989Z","322160744","nightly","nightly","2026-05-13T22:04:10Z","true","487786404","CMTrace-Open_Nightly_20260723_105_c5e3ebcba48b_arm64.msi","2026-07-24T00:03:17Z","2026-07-24T00:03:18Z","13680640","application/x-msi","0","0","windows","arm64","full","msi","manual-only","replaced"
"2026-08-07T01:29:28.989Z","322160744","nightly","nightly","2026-05-13T22:04:10Z","true","488681790","CMTrace-Open_Nightly_20260724_111_5a6559b846f7_arm64.msi","2026-07-24T18:12:23Z","2026-07-24T18:12:24Z","13713408","application/x-msi","0","0","windows","arm64","full","msi","manual-only","replaced"
"2026-08-07T01:29:28.989Z","322160744","nightly","nightly","2026-05-13T22:04:10Z","true","489278597","CMTrace-Open_Nightly_20260725_112_f1331120ab2f_arm64.msi","2026-07-25T08:01:53Z","2026-07-25T08:01:54Z","12623872","application/x-msi","0","0","windows","arm64","full","msi","manual-only","replaced"
"2026-08-07T01:29:28.989Z","322160744","nightly","nightly","2026-05-13T22:04:10Z","true","490177400","CMTrace-Open_Nightly_20260726_113_f1331120ab2f_arm64.msi","2026-07-26T08:10:05Z","2026-07-26T08:10:06Z","12623872","application/x-msi","0","0","windows","arm64","full","msi","manual-only","replaced"
"2026-08-07T01:29:28.989Z","322160744","nightly","nightly","2026-05-13T22:04:10Z","true","491216611","CMTrace-Open_Nightly_20260727_114_7a5721906492_arm64.msi","2026-07-27T08:33:27Z","2026-07-27T08:33:28Z","13819904","application/x-msi","1","0","windows","arm64","full","msi","manual-only","replaced"
"2026-08-07T01:29:28.989Z","322160744","nightly","nightly","2026-05-13T22:04:10Z","true","492463655","CMTrace-Open_Nightly_20260728_115_d43d372df66c_arm64.msi","2026-07-28T08:15:12Z","2026-07-28T08:15:12Z","13819904","application/x-msi","0","0","windows","arm64","full","msi","manual-only","replaced"
"2026-08-07T01:29:28.989Z","322160744","nightly","nightly","2026-05-13T22:04:10Z","true","493790084","CMTrace-Open_Nightly_20260729_116_5a6470a0e9d6_arm64.msi","2026-07-29T08:18:30Z","2026-07-29T08:18:31Z","13840384","application/x-msi","0","0","windows","arm64","full","msi","manual-only","replaced"
"2026-08-07T01:29:28.989Z","322160744","nightly","nightly","2026-05-13T22:04:10Z","true","495096649","CMTrace-Open_Nightly_20260730_117_cf4fb41b3dac_arm64.msi","2026-07-30T08:10:50Z","2026-07-30T08:10:50Z","13897728","application/x-msi","0","0","windows","arm64","full","msi","manual-only","replaced"
"2026-08-07T01:29:28.989Z","322160744","nightly","nightly","2026-05-13T22:04:10Z","true","496437417","CMTrace-Open_Nightly_20260731_118_a7c63101de44_arm64.msi","2026-07-31T08:22:39Z","2026-07-31T08:22:40Z","13897728","application/x-msi","0","0","windows","arm64","full","msi","manual-only","replaced"
"2026-08-07T01:29:28.989Z","322160744","nightly","nightly","2026-05-13T22:04:10Z","true","497716506","CMTrace-Open_Nightly_20260801_119_0e1baa95dc4d_arm64.msi","2026-08-01T08:08:40Z","2026-08-01T08:08:41Z","13955072","application/x-msi","0","0","windows","arm64","full","msi","manual-only","replaced"
"2026-08-07T01:29:28.989Z","322160744","nightly","nightly","2026-05-13T22:04:10Z","true","498709446","CMTrace-Open_Nightly_20260802_120_2ae659c0eb05_arm64.msi","2026-08-02T08:08:48Z","2026-08-02T08:08:48Z","13967360","application/x-msi","0","0","windows","arm64","full","msi","manual-only","replaced"
"2026-08-07T01:29:28.989Z","322160744","nightly","nightly","2026-05-13T22:04:10Z","true","499819886","CMTrace-Open_Nightly_20260803_121_614c8b004680_arm64.msi","2026-08-03T08:35:13Z","2026-08-03T08:35:15Z","14090240","application/x-msi","0","0","windows","arm64","full","msi","manual-only","replaced"
"2026-08-07T01:29:28.989Z","322160744","nightly","nightly","2026-05-13T22:04:10Z","true","501081031","CMTrace-Open_Nightly_20260804_122_b54aea1f0eb6_arm64.msi","2026-08-04T08:16:13Z","2026-08-04T08:16:14Z","14094336","application/x-msi","0","0","windows","arm64","full","msi","manual-only","replaced"
"2026-08-07T01:29:28.989Z","322160744","nightly","nightly","2026-05-13T22:04:10Z","true","502365022","CMTrace-Open_Nightly_20260805_123_8113e17886c5_arm64.msi","2026-08-05T08:18:30Z","2026-08-05T08:18:30Z","14508032","application/x-msi","0","0","windows","arm64","full","msi","manual-only","replaced"
"2026-08-07T01:29:28.989Z","322160744","nightly","nightly","2026-05-13T22:04:10Z","true","503678096","CMTrace-Open_Nightly_20260806_124_208d7a49b51b_arm64.msi","2026-08-06T08:17:56Z","2026-08-06T08:17:57Z","14536704","application/x-msi","0","","windows","arm64","full","msi","manual-only","current"
"2026-08-07T01:29:28.989Z","322160744","nightly","nightly","2026-05-13T22:04:10Z","true","477677276","CMTrace-Open_Nightly_20260715_77_30b4e39e438c_arm64-setup.exe","2026-07-15T07:59:12Z","2026-07-15T07:59:12Z","5356096","application/octet-stream","0","0","windows","arm64","full","nsis-setup","mixed-manual-update","replaced"
"2026-08-07T01:29:28.989Z","322160744","nightly","nightly","2026-05-13T22:04:10Z","true","478928722","CMTrace-Open_Nightly_20260716_78_d6d4c7235666_arm64-setup.exe","2026-07-16T08:05:40Z","2026-07-16T08:05:40Z","5368672","application/octet-stream","0","0","windows","arm64","full","nsis-setup","mixed-manual-update","replaced"
"2026-08-07T01:29:28.989Z","322160744","nightly","nightly","2026-05-13T22:04:10Z","true","480128608","CMTrace-Open_Nightly_20260717_79_d6d4c7235666_arm64-setup.exe","2026-07-17T08:01:37Z","2026-07-17T08:01:37Z","5372424","application/octet-stream","0","0","windows","arm64","full","nsis-setup","mixed-manual-update","replaced"
"2026-08-07T01:29:28.989Z","322160744","nightly","nightly","2026-05-13T22:04:10Z","true","481283314","CMTrace-Open_Nightly_20260718_80_d6d4c7235666_arm64-setup.exe","2026-07-18T07:53:18Z","2026-07-18T07:53:19Z","5369632","application/octet-stream","0","0","windows","arm64","full","nsis-setup","mixed-manual-update","replaced"
"2026-08-07T01:29:28.989Z","322160744","nightly","nightly","2026-05-13T22:04:10Z","true","482212918","CMTrace-Open_Nightly_20260719_81_d6d4c7235666_arm64-setup.exe","2026-07-19T08:03:33Z","2026-07-19T08:03:33Z","5369208","application/octet-stream","0","0","windows","arm64","full","nsis-setup","mixed-manual-update","replaced"
"2026-08-07T01:29:28.989Z","322160744","nightly","nightly","2026-05-13T22:04:10Z","true","484082997","CMTrace-Open_Nightly_20260721_83_a177e01791a6_arm64-setup.exe","2026-07-21T00:52:57Z","2026-07-21T00:52:58Z","6168240","application/octet-stream","0","0","windows","arm64","full","nsis-setup","mixed-manual-update","replaced"
"2026-08-07T01:29:28.989Z","322160744","nightly","nightly","2026-05-13T22:04:10Z","true","485324220","CMTrace-Open_Nightly_20260722_86_f94de41c40c0_arm64-setup.exe","2026-07-22T00:41:05Z","2026-07-22T00:41:06Z","6186272","application/octet-stream","0","0","windows","arm64","full","nsis-setup","mixed-manual-update","replaced"
"2026-08-07T01:29:28.989Z","322160744","nightly","nightly","2026-05-13T22:04:10Z","true","486519490","CMTrace-Open_Nightly_20260722_91_053377ee8a9d_arm64-setup.exe","2026-07-22T23:17:31Z","2026-07-22T23:17:31Z","6205936","application/octet-stream","0","0","windows","arm64","full","nsis-setup","mixed-manual-update","replaced"
"2026-08-07T01:29:28.989Z","322160744","nightly","nightly","2026-05-13T22:04:10Z","true","487786393","CMTrace-Open_Nightly_20260723_105_c5e3ebcba48b_arm64-setup.exe","2026-07-24T00:03:16Z","2026-07-24T00:03:17Z","6182384","application/octet-stream","0","0","windows","arm64","full","nsis-setup","mixed-manual-update","replaced"
"2026-08-07T01:29:28.989Z","322160744","nightly","nightly","2026-05-13T22:04:10Z","true","488681751","CMTrace-Open_Nightly_20260724_111_5a6559b846f7_arm64-setup.exe","2026-07-24T18:12:22Z","2026-07-24T18:12:22Z","6207392","application/octet-stream","0","0","windows","arm64","full","nsis-setup","mixed-manual-update","replaced"
"2026-08-07T01:29:28.989Z","322160744","nightly","nightly","2026-05-13T22:04:10Z","true","489278556","CMTrace-Open_Nightly_20260725_112_f1331120ab2f_arm64-setup.exe","2026-07-25T08:01:51Z","2026-07-25T08:01:52Z","5393808","application/octet-stream","0","0","windows","arm64","full","nsis-setup","mixed-manual-update","replaced"
"2026-08-07T01:29:28.989Z","322160744","nightly","nightly","2026-05-13T22:04:10Z","true","490177380","CMTrace-Open_Nightly_20260726_113_f1331120ab2f_arm64-setup.exe","2026-07-26T08:10:04Z","2026-07-26T08:10:04Z","5392152","application/octet-stream","0","0","windows","arm64","full","nsis-setup","mixed-manual-update","replaced"
"2026-08-07T01:29:28.989Z","322160744","nightly","nightly","2026-05-13T22:04:10Z","true","491216599","CMTrace-Open_Nightly_20260727_114_7a5721906492_arm64-setup.exe","2026-07-27T08:33:26Z","2026-07-27T08:33:27Z","6264224","application/octet-stream","0","0","windows","arm64","full","nsis-setup","mixed-manual-update","replaced"
"2026-08-07T01:29:28.989Z","322160744","nightly","nightly","2026-05-13T22:04:10Z","true","492463644","CMTrace-Open_Nightly_20260728_115_d43d372df66c_arm64-setup.exe","2026-07-28T08:15:11Z","2026-07-28T08:15:11Z","6260840","application/octet-stream","0","0","windows","arm64","full","nsis-setup","mixed-manual-update","replaced"
"2026-08-07T01:29:28.989Z","322160744","nightly","nightly","2026-05-13T22:04:10Z","true","493790064","CMTrace-Open_Nightly_20260729_116_5a6470a0e9d6_arm64-setup.exe","2026-07-29T08:18:29Z","2026-07-29T08:18:30Z","6279776","application/octet-stream","0","0","windows","arm64","full","nsis-setup","mixed-manual-update","replaced"
"2026-08-07T01:29:28.989Z","322160744","nightly","nightly","2026-05-13T22:04:10Z","true","495096629","CMTrace-Open_Nightly_20260730_117_cf4fb41b3dac_arm64-setup.exe","2026-07-30T08:10:49Z","2026-07-30T08:10:49Z","6298624","application/octet-stream","0","0","windows","arm64","full","nsis-setup","mixed-manual-update","replaced"
"2026-08-07T01:29:28.989Z","322160744","nightly","nightly","2026-05-13T22:04:10Z","true","496437375","CMTrace-Open_Nightly_20260731_118_a7c63101de44_arm64-setup.exe","2026-07-31T08:22:37Z","2026-07-31T08:22:38Z","6304736","application/octet-stream","0","0","windows","arm64","full","nsis-setup","mixed-manual-update","replaced"
"2026-08-07T01:29:28.989Z","322160744","nightly","nightly","2026-05-13T22:04:10Z","true","497716494","CMTrace-Open_Nightly_20260801_119_0e1baa95dc4d_arm64-setup.exe","2026-08-01T08:08:39Z","2026-08-01T08:08:39Z","6358136","application/octet-stream","0","0","windows","arm64","full","nsis-setup","mixed-manual-update","replaced"
"2026-08-07T01:29:28.989Z","322160744","nightly","nightly","2026-05-13T22:04:10Z","true","498709427","CMTrace-Open_Nightly_20260802_120_2ae659c0eb05_arm64-setup.exe","2026-08-02T08:08:46Z","2026-08-02T08:08:47Z","6365016","application/octet-stream","0","0","windows","arm64","full","nsis-setup","mixed-manual-update","replaced"
"2026-08-07T01:29:28.989Z","322160744","nightly","nightly","2026-05-13T22:04:10Z","true","499819869","CMTrace-Open_Nightly_20260803_121_614c8b004680_arm64-setup.exe","2026-08-03T08:35:12Z","2026-08-03T08:35:13Z","6398176","application/octet-stream","0","0","windows","arm64","full","nsis-setup","mixed-manual-update","replaced"
"2026-08-07T01:29:28.989Z","322160744","nightly","nightly","2026-05-13T22:04:10Z","true","501081011","CMTrace-Open_Nightly_20260804_122_b54aea1f0eb6_arm64-setup.exe","2026-08-04T08:16:12Z","2026-08-04T08:16:13Z","6395360","application/octet-stream","0","0","windows","arm64","full","nsis-setup","mixed-manual-update","replaced"
"2026-08-07T01:29:28.989Z","322160744","nightly","nightly","2026-05-13T22:04:10Z","true","502365011","CMTrace-Open_Nightly_20260805_123_8113e17886c5_arm64-setup.exe","2026-08-05T08:18:28Z","2026-08-05T08:18:29Z","6728376","application/octet-stream","0","0","windows","arm64","full","nsis-setup","mixed-manual-update","replaced"
"2026-08-07T01:29:28.989Z","322160744","nightly","nightly","2026-05-13T22:04:10Z","true","503678074","CMTrace-Open_Nightly_20260806_124_208d7a49b51b_arm64-setup.exe","2026-08-06T08:17:55Z","2026-08-06T08:17:56Z","6731224","application/octet-stream","0","","windows","arm64","full","nsis-setup","mixed-manual-update","current"
"2026-08-07T01:29:28.989Z","322160744","nightly","nightly","2026-05-13T22:04:10Z","true","477677262","CMTrace-Open-Lite_Nightly_20260715_77_30b4e39e438c_arm64.exe","2026-07-15T07:59:11Z","2026-07-15T07:59:12Z","16974592","application/octet-stream","0","0","windows","arm64","lite","portable-exe","manual-only","replaced"
"2026-08-07T01:29:28.989Z","322160744","nightly","nightly","2026-05-13T22:04:10Z","true","477677282","CMTrace-Open_Nightly_20260715_77_30b4e39e438c_arm64.exe","2026-07-15T07:59:12Z","2026-07-15T07:59:13Z","19656448","application/octet-stream","0","0","windows","arm64","full","portable-exe","manual-only","replaced"
"2026-08-07T01:29:28.989Z","322160744","nightly","nightly","2026-05-13T22:04:10Z","true","478928713","CMTrace-Open-Lite_Nightly_20260716_78_d6d4c7235666_arm64.exe","2026-07-16T08:05:39Z","2026-07-16T08:05:40Z","17130752","application/octet-stream","0","0","windows","arm64","lite","portable-exe","manual-only","replaced"
"2026-08-07T01:29:28.989Z","322160744","nightly","nightly","2026-05-13T22:04:10Z","true","478928726","CMTrace-Open_Nightly_20260716_78_d6d4c7235666_arm64.exe","2026-07-16T08:05:40Z","2026-07-16T08:05:41Z","19689728","application/octet-stream","0","0","windows","arm64","full","portable-exe","manual-only","replaced"
"2026-08-07T01:29:28.989Z","322160744","nightly","nightly","2026-05-13T22:04:10Z","true","480128592","CMTrace-Open-Lite_Nightly_20260717_79_d6d4c7235666_arm64.exe","2026-07-17T08:01:36Z","2026-07-17T08:01:38Z","17134856","application/octet-stream","0","0","windows","arm64","lite","portable-exe","manual-only","replaced"
"2026-08-07T01:29:28.989Z","322160744","nightly","nightly","2026-05-13T22:04:10Z","true","480128628","CMTrace-Open_Nightly_20260717_79_d6d4c7235666_arm64.exe","2026-07-17T08:01:38Z","2026-07-17T08:01:39Z","19692808","application/octet-stream","0","0","windows","arm64","full","portable-exe","manual-only","replaced"
"2026-08-07T01:29:28.989Z","322160744","nightly","nightly","2026-05-13T22:04:10Z","true","481283306","CMTrace-Open-Lite_Nightly_20260718_80_d6d4c7235666_arm64.exe","2026-07-18T07:53:18Z","2026-07-18T07:53:19Z","17134848","application/octet-stream","0","0","windows","arm64","lite","portable-exe","manual-only","replaced"
"2026-08-07T01:29:28.989Z","322160744","nightly","nightly","2026-05-13T22:04:10Z","true","481283319","CMTrace-Open_Nightly_20260718_80_d6d4c7235666_arm64.exe","2026-07-18T07:53:19Z","2026-07-18T07:53:20Z","19692800","application/octet-stream","0","0","windows","arm64","full","portable-exe","manual-only","replaced"
"2026-08-07T01:29:28.989Z","322160744","nightly","nightly","2026-05-13T22:04:10Z","true","482212907","CMTrace-Open-Lite_Nightly_20260719_81_d6d4c7235666_arm64.exe","2026-07-19T08:03:32Z","2026-07-19T08:03:33Z","17134856","application/octet-stream","0","0","windows","arm64","lite","portable-exe","manual-only","replaced"
"2026-08-07T01:29:28.989Z","322160744","nightly","nightly","2026-05-13T22:04:10Z","true","482212926","CMTrace-Open_Nightly_20260719_81_d6d4c7235666_arm64.exe","2026-07-19T08:03:33Z","2026-07-19T08:03:34Z","19692296","application/octet-stream","0","0","windows","arm64","full","portable-exe","manual-only","replaced"
"2026-08-07T01:29:28.989Z","322160744","nightly","nightly","2026-05-13T22:04:10Z","true","484082975","CMTrace-Open-Lite_Nightly_20260721_83_a177e01791a6_arm64.exe","2026-07-21T00:52:56Z","2026-07-21T00:52:57Z","17302784","application/octet-stream","0","0","windows","arm64","lite","portable-exe","manual-only","replaced"
"2026-08-07T01:29:28.989Z","322160744","nightly","nightly","2026-05-13T22:04:10Z","true","484083021","CMTrace-Open_Nightly_20260721_83_a177e01791a6_arm64.exe","2026-07-21T00:52:57Z","2026-07-21T00:52:58Z","22775552","application/octet-stream","0","0","windows","arm64","full","portable-exe","manual-only","replaced"
"2026-08-07T01:29:28.989Z","322160744","nightly","nightly","2026-05-13T22:04:10Z","true","485324213","CMTrace-Open-Lite_Nightly_20260722_86_f94de41c40c0_arm64.exe","2026-07-22T00:41:05Z","2026-07-22T00:41:06Z","17309440","application/octet-stream","0","0","windows","arm64","lite","portable-exe","manual-only","replaced"
"2026-08-07T01:29:28.989Z","322160744","nightly","nightly","2026-05-13T22:04:10Z","true","485324228","CMTrace-Open_Nightly_20260722_86_f94de41c40c0_arm64.exe","2026-07-22T00:41:06Z","2026-07-22T00:41:07Z","22805760","application/octet-stream","0","0","windows","arm64","full","portable-exe","manual-only","replaced"
"2026-08-07T01:29:28.989Z","322160744","nightly","nightly","2026-05-13T22:04:10Z","true","486519484","CMTrace-Open-Lite_Nightly_20260722_91_053377ee8a9d_arm64.exe","2026-07-22T23:17:30Z","2026-07-22T23:17:31Z","17358080","application/octet-stream","0","0","windows","arm64","lite","portable-exe","manual-only","replaced"
"2026-08-07T01:29:28.989Z","322160744","nightly","nightly","2026-05-13T22:04:10Z","true","486519498","CMTrace-Open_Nightly_20260722_91_053377ee8a9d_arm64.exe","2026-07-22T23:17:31Z","2026-07-22T23:17:32Z","22926080","application/octet-stream","1","0","windows","arm64","full","portable-exe","manual-only","replaced"
"2026-08-07T01:29:28.989Z","322160744","nightly","nightly","2026-05-13T22:04:10Z","true","487786381","CMTrace-Open-Lite_Nightly_20260723_105_c5e3ebcba48b_arm64.exe","2026-07-24T00:03:16Z","2026-07-24T00:03:17Z","17360128","application/octet-stream","0","0","windows","arm64","lite","portable-exe","manual-only","replaced"
"2026-08-07T01:29:28.989Z","322160744","nightly","nightly","2026-05-13T22:04:10Z","true","487786397","CMTrace-Open_Nightly_20260723_105_c5e3ebcba48b_arm64.exe","2026-07-24T00:03:17Z","2026-07-24T00:03:18Z","22838536","application/octet-stream","0","0","windows","arm64","full","portable-exe","manual-only","replaced"
"2026-08-07T01:29:28.989Z","322160744","nightly","nightly","2026-05-13T22:04:10Z","true","488681736","CMTrace-Open-Lite_Nightly_20260724_111_5a6559b846f7_arm64.exe","2026-07-24T18:12:21Z","2026-07-24T18:12:22Z","17357576","application/octet-stream","0","0","windows","arm64","lite","portable-exe","manual-only","replaced"
"2026-08-07T01:29:28.989Z","322160744","nightly","nightly","2026-05-13T22:04:10Z","true","488681761","CMTrace-Open_Nightly_20260724_111_5a6559b846f7_arm64.exe","2026-07-24T18:12:22Z","2026-07-24T18:12:23Z","22986504","application/octet-stream","0","0","windows","arm64","full","portable-exe","manual-only","replaced"
"2026-08-07T01:29:28.989Z","322160744","nightly","nightly","2026-05-13T22:04:10Z","true","489278548","CMTrace-Open-Lite_Nightly_20260725_112_f1331120ab2f_arm64.exe","2026-07-25T08:01:51Z","2026-07-25T08:01:53Z","17159424","application/octet-stream","0","0","windows","arm64","lite","portable-exe","manual-only","replaced"
"2026-08-07T01:29:28.989Z","322160744","nightly","nightly","2026-05-13T22:04:10Z","true","489278574","CMTrace-Open_Nightly_20260725_112_f1331120ab2f_arm64.exe","2026-07-25T08:01:53Z","2026-07-25T08:01:54Z","19716872","application/octet-stream","0","0","windows","arm64","full","portable-exe","manual-only","replaced"
"2026-08-07T01:29:28.989Z","322160744","nightly","nightly","2026-05-13T22:04:10Z","true","490177373","CMTrace-Open-Lite_Nightly_20260726_113_f1331120ab2f_arm64.exe","2026-07-26T08:10:03Z","2026-07-26T08:10:04Z","17159432","application/octet-stream","0","0","windows","arm64","lite","portable-exe","manual-only","replaced"
"2026-08-07T01:29:28.989Z","322160744","nightly","nightly","2026-05-13T22:04:10Z","true","490177389","CMTrace-Open_Nightly_20260726_113_f1331120ab2f_arm64.exe","2026-07-26T08:10:04Z","2026-07-26T08:10:05Z","19717896","application/octet-stream","0","0","windows","arm64","full","portable-exe","manual-only","replaced"
"2026-08-07T01:29:28.989Z","322160744","nightly","nightly","2026-05-13T22:04:10Z","true","491216589","CMTrace-Open-Lite_Nightly_20260727_114_7a5721906492_arm64.exe","2026-07-27T08:33:26Z","2026-07-27T08:33:27Z","17466632","application/octet-stream","0","0","windows","arm64","lite","portable-exe","manual-only","replaced"
"2026-08-07T01:29:28.989Z","322160744","nightly","nightly","2026-05-13T22:04:10Z","true","491216603","CMTrace-Open_Nightly_20260727_114_7a5721906492_arm64.exe","2026-07-27T08:33:27Z","2026-07-27T08:33:28Z","23037192","application/octet-stream","0","0","windows","arm64","full","portable-exe","manual-only","replaced"
"2026-08-07T01:29:28.989Z","322160744","nightly","nightly","2026-05-13T22:04:10Z","true","492463632","CMTrace-Open-Lite_Nightly_20260728_115_d43d372df66c_arm64.exe","2026-07-28T08:15:10Z","2026-07-28T08:15:11Z","17466632","application/octet-stream","0","0","windows","arm64","lite","portable-exe","manual-only","replaced"
"2026-08-07T01:29:28.989Z","322160744","nightly","nightly","2026-05-13T22:04:10Z","true","492463649","CMTrace-Open_Nightly_20260728_115_d43d372df66c_arm64.exe","2026-07-28T08:15:11Z","2026-07-28T08:15:12Z","23037192","application/octet-stream","0","0","windows","arm64","full","portable-exe","manual-only","replaced"
"2026-08-07T01:29:28.989Z","322160744","nightly","nightly","2026-05-13T22:04:10Z","true","493790054","CMTrace-Open-Lite_Nightly_20260729_116_5a6470a0e9d6_arm64.exe","2026-07-29T08:18:29Z","2026-07-29T08:18:30Z","17480456","application/octet-stream","0","0","windows","arm64","lite","portable-exe","manual-only","replaced"
"2026-08-07T01:29:28.989Z","322160744","nightly","nightly","2026-05-13T22:04:10Z","true","493790068","CMTrace-Open_Nightly_20260729_116_5a6470a0e9d6_arm64.exe","2026-07-29T08:18:30Z","2026-07-29T08:18:31Z","23046408","application/octet-stream","0","0","windows","arm64","full","portable-exe","manual-only","replaced"
"2026-08-07T01:29:28.989Z","322160744","nightly","nightly","2026-05-13T22:04:10Z","true","495096607","CMTrace-Open-Lite_Nightly_20260730_117_cf4fb41b3dac_arm64.exe","2026-07-30T08:10:48Z","2026-07-30T08:10:49Z","17534720","application/octet-stream","0","0","windows","arm64","lite","portable-exe","manual-only","replaced"
"2026-08-07T01:29:28.989Z","322160744","nightly","nightly","2026-05-13T22:04:10Z","true","495096637","CMTrace-Open_Nightly_20260730_117_cf4fb41b3dac_arm64.exe","2026-07-30T08:10:49Z","2026-07-30T08:10:50Z","23217416","application/octet-stream","0","0","windows","arm64","full","portable-exe","manual-only","replaced"
"2026-08-07T01:29:28.989Z","322160744","nightly","nightly","2026-05-13T22:04:10Z","true","496437366","CMTrace-Open-Lite_Nightly_20260731_118_a7c63101de44_arm64.exe","2026-07-31T08:22:37Z","2026-07-31T08:22:39Z","17535232","application/octet-stream","0","0","windows","arm64","lite","portable-exe","manual-only","replaced"
"2026-08-07T01:29:28.989Z","322160744","nightly","nightly","2026-05-13T22:04:10Z","true","496437395","CMTrace-Open_Nightly_20260731_118_a7c63101de44_arm64.exe","2026-07-31T08:22:38Z","2026-07-31T08:22:40Z","23217408","application/octet-stream","0","0","windows","arm64","full","portable-exe","manual-only","replaced"
"2026-08-07T01:29:28.989Z","322160744","nightly","nightly","2026-05-13T22:04:10Z","true","497716486","CMTrace-Open-Lite_Nightly_20260801_119_0e1baa95dc4d_arm64.exe","2026-08-01T08:08:39Z","2026-08-01T08:08:39Z","17541888","application/octet-stream","0","0","windows","arm64","lite","portable-exe","manual-only","replaced"
"2026-08-07T01:29:28.989Z","322160744","nightly","nightly","2026-05-13T22:04:10Z","true","497716500","CMTrace-Open_Nightly_20260801_119_0e1baa95dc4d_arm64.exe","2026-08-01T08:08:40Z","2026-08-01T08:08:40Z","23336200","application/octet-stream","0","0","windows","arm64","full","portable-exe","manual-only","replaced"
"2026-08-07T01:29:28.989Z","322160744","nightly","nightly","2026-05-13T22:04:10Z","true","498709416","CMTrace-Open-Lite_Nightly_20260802_120_2ae659c0eb05_arm64.exe","2026-08-02T08:08:46Z","2026-08-02T08:08:47Z","17550088","application/octet-stream","0","0","windows","arm64","lite","portable-exe","manual-only","replaced"
"2026-08-07T01:29:28.989Z","322160744","nightly","nightly","2026-05-13T22:04:10Z","true","498709430","CMTrace-Open_Nightly_20260802_120_2ae659c0eb05_arm64.exe","2026-08-02T08:08:47Z","2026-08-02T08:08:48Z","23352072","application/octet-stream","0","0","windows","arm64","full","portable-exe","manual-only","replaced"
"2026-08-07T01:29:28.989Z","322160744","nightly","nightly","2026-05-13T22:04:10Z","true","499819860","CMTrace-Open-Lite_Nightly_20260803_121_614c8b004680_arm64.exe","2026-08-03T08:35:12Z","2026-08-03T08:35:13Z","17816840","application/octet-stream","0","0","windows","arm64","lite","portable-exe","manual-only","replaced"
"2026-08-07T01:29:28.989Z","322160744","nightly","nightly","2026-05-13T22:04:10Z","true","499819877","CMTrace-Open_Nightly_20260803_121_614c8b004680_arm64.exe","2026-08-03T08:35:13Z","2026-08-03T08:35:15Z","23478536","application/octet-stream","0","0","windows","arm64","full","portable-exe","manual-only","replaced"
"2026-08-07T01:29:28.989Z","322160744","nightly","nightly","2026-05-13T22:04:10Z","true","501081003","CMTrace-Open-Lite_Nightly_20260804_122_b54aea1f0eb6_arm64.exe","2026-08-04T08:16:12Z","2026-08-04T08:16:13Z","17816832","application/octet-stream","0","0","windows","arm64","lite","portable-exe","manual-only","replaced"
"2026-08-07T01:29:28.989Z","322160744","nightly","nightly","2026-05-13T22:04:10Z","true","501081017","CMTrace-Open_Nightly_20260804_122_b54aea1f0eb6_arm64.exe","2026-08-04T08:16:13Z","2026-08-04T08:16:14Z","23478528","application/octet-stream","0","0","windows","arm64","full","portable-exe","manual-only","replaced"
"2026-08-07T01:29:28.989Z","322160744","nightly","nightly","2026-05-13T22:04:10Z","true","502364998","CMTrace-Open-Lite_Nightly_20260805_123_8113e17886c5_arm64.exe","2026-08-05T08:18:28Z","2026-08-05T08:18:29Z","17840384","application/octet-stream","0","0","windows","arm64","lite","portable-exe","manual-only","replaced"
"2026-08-07T01:29:28.989Z","322160744","nightly","nightly","2026-05-13T22:04:10Z","true","502365015","CMTrace-Open_Nightly_20260805_123_8113e17886c5_arm64.exe","2026-08-05T08:18:29Z","2026-08-05T08:18:30Z","24743680","application/octet-stream","0","0","windows","arm64","full","portable-exe","manual-only","replaced"
"2026-08-07T01:29:28.989Z","322160744","nightly","nightly","2026-05-13T22:04:10Z","true","503678056","CMTrace-Open-Lite_Nightly_20260806_124_208d7a49b51b_arm64.exe","2026-08-06T08:17:55Z","2026-08-06T08:17:56Z","17802496","application/octet-stream","0","","windows","arm64","lite","portable-exe","manual-only","current"
"2026-08-07T01:29:28.989Z","322160744","nightly","nightly","2026-05-13T22:04:10Z","true","503678085","CMTrace-Open_Nightly_20260806_124_208d7a49b51b_arm64.exe","2026-08-06T08:17:56Z","2026-08-06T08:17:57Z","24751360","application/octet-stream","0","","windows","arm64","full","portable-exe","manual-only","current"
"2026-08-07T01:29:28.989Z","322160744","nightly","nightly","2026-05-13T22:04:10Z","true","477677281","CMTrace-Open_Nightly_20260715_77_30b4e39e438c_arm64-setup.exe.sig","2026-07-15T07:59:12Z","2026-07-15T07:59:12Z","464","application/pgp-signature","0","0","windows","arm64","full","signature","supporting-file","replaced"
"2026-08-07T01:29:28.989Z","322160744","nightly","nightly","2026-05-13T22:04:10Z","true","478928724","CMTrace-Open_Nightly_20260716_78_d6d4c7235666_arm64-setup.exe.sig","2026-07-16T08:05:40Z","2026-07-16T08:05:40Z","464","application/pgp-signature","0","0","windows","arm64","full","signature","supporting-file","replaced"
"2026-08-07T01:29:28.989Z","322160744","nightly","nightly","2026-05-13T22:04:10Z","true","480128622","CMTrace-Open_Nightly_20260717_79_d6d4c7235666_arm64-setup.exe.sig","2026-07-17T08:01:38Z","2026-07-17T08:01:38Z","464","application/pgp-signature","0","0","windows","arm64","full","signature","supporting-file","replaced"
"2026-08-07T01:29:28.989Z","322160744","nightly","nightly","2026-05-13T22:04:10Z","true","481283318","CMTrace-Open_Nightly_20260718_80_d6d4c7235666_arm64-setup.exe.sig","2026-07-18T07:53:19Z","2026-07-18T07:53:19Z","464","application/pgp-signature","0","0","windows","arm64","full","signature","supporting-file","replaced"
"2026-08-07T01:29:28.989Z","322160744","nightly","nightly","2026-05-13T22:04:10Z","true","482212925","CMTrace-Open_Nightly_20260719_81_d6d4c7235666_arm64-setup.exe.sig","2026-07-19T08:03:33Z","2026-07-19T08:03:33Z","464","application/pgp-signature","0","0","windows","arm64","full","signature","supporting-file","replaced"
"2026-08-07T01:29:28.989Z","322160744","nightly","nightly","2026-05-13T22:04:10Z","true","484083018","CMTrace-Open_Nightly_20260721_83_a177e01791a6_arm64-setup.exe.sig","2026-07-21T00:52:57Z","2026-07-21T00:52:57Z","464","application/pgp-signature","0","0","windows","arm64","full","signature","supporting-file","replaced"
"2026-08-07T01:29:28.989Z","322160744","nightly","nightly","2026-05-13T22:04:10Z","true","485324225","CMTrace-Open_Nightly_20260722_86_f94de41c40c0_arm64-setup.exe.sig","2026-07-22T00:41:06Z","2026-07-22T00:41:06Z","464","application/pgp-signature","0","0","windows","arm64","full","signature","supporting-file","replaced"
"2026-08-07T01:29:28.989Z","322160744","nightly","nightly","2026-05-13T22:04:10Z","true","486519497","CMTrace-Open_Nightly_20260722_91_053377ee8a9d_arm64-setup.exe.sig","2026-07-22T23:17:31Z","2026-07-22T23:17:31Z","464","application/pgp-signature","0","0","windows","arm64","full","signature","supporting-file","replaced"
"2026-08-07T01:29:28.989Z","322160744","nightly","nightly","2026-05-13T22:04:10Z","true","487786398","CMTrace-Open_Nightly_20260723_105_c5e3ebcba48b_arm64-setup.exe.sig","2026-07-24T00:03:17Z","2026-07-24T00:03:17Z","464","application/pgp-signature","0","0","windows","arm64","full","signature","supporting-file","replaced"
"2026-08-07T01:29:28.989Z","322160744","nightly","nightly","2026-05-13T22:04:10Z","true","488681760","CMTrace-Open_Nightly_20260724_111_5a6559b846f7_arm64-setup.exe.sig","2026-07-24T18:12:22Z","2026-07-24T18:12:22Z","464","application/pgp-signature","0","0","windows","arm64","full","signature","supporting-file","replaced"
"2026-08-07T01:29:28.989Z","322160744","nightly","nightly","2026-05-13T22:04:10Z","true","489278572","CMTrace-Open_Nightly_20260725_112_f1331120ab2f_arm64-setup.exe.sig","2026-07-25T08:01:52Z","2026-07-25T08:01:52Z","464","application/pgp-signature","0","0","windows","arm64","full","signature","supporting-file","replaced"
"2026-08-07T01:29:28.989Z","322160744","nightly","nightly","2026-05-13T22:04:10Z","true","490177382","CMTrace-Open_Nightly_20260726_113_f1331120ab2f_arm64-setup.exe.sig","2026-07-26T08:10:04Z","2026-07-26T08:10:04Z","464","application/pgp-signature","0","0","windows","arm64","full","signature","supporting-file","replaced"
"2026-08-07T01:29:28.989Z","322160744","nightly","nightly","2026-05-13T22:04:10Z","true","491216602","CMTrace-Open_Nightly_20260727_114_7a5721906492_arm64-setup.exe.sig","2026-07-27T08:33:27Z","2026-07-27T08:33:27Z","464","application/pgp-signature","0","0","windows","arm64","full","signature","supporting-file","replaced"
"2026-08-07T01:29:28.989Z","322160744","nightly","nightly","2026-05-13T22:04:10Z","true","492463648","CMTrace-Open_Nightly_20260728_115_d43d372df66c_arm64-setup.exe.sig","2026-07-28T08:15:11Z","2026-07-28T08:15:11Z","464","application/pgp-signature","0","0","windows","arm64","full","signature","supporting-file","replaced"
"2026-08-07T01:29:28.989Z","322160744","nightly","nightly","2026-05-13T22:04:10Z","true","493790069","CMTrace-Open_Nightly_20260729_116_5a6470a0e9d6_arm64-setup.exe.sig","2026-07-29T08:18:30Z","2026-07-29T08:18:30Z","464","application/pgp-signature","0","0","windows","arm64","full","signature","supporting-file","replaced"
"2026-08-07T01:29:28.989Z","322160744","nightly","nightly","2026-05-13T22:04:10Z","true","495096636","CMTrace-Open_Nightly_20260730_117_cf4fb41b3dac_arm64-setup.exe.sig","2026-07-30T08:10:49Z","2026-07-30T08:10:49Z","464","application/pgp-signature","0","0","windows","arm64","full","signature","supporting-file","replaced"
"2026-08-07T01:29:28.989Z","322160744","nightly","nightly","2026-05-13T22:04:10Z","true","496437392","CMTrace-Open_Nightly_20260731_118_a7c63101de44_arm64-setup.exe.sig","2026-07-31T08:22:38Z","2026-07-31T08:22:38Z","464","application/pgp-signature","0","0","windows","arm64","full","signature","supporting-file","replaced"
"2026-08-07T01:29:28.989Z","322160744","nightly","nightly","2026-05-13T22:04:10Z","true","497716498","CMTrace-Open_Nightly_20260801_119_0e1baa95dc4d_arm64-setup.exe.sig","2026-08-01T08:08:39Z","2026-08-01T08:08:40Z","464","application/pgp-signature","0","0","windows","arm64","full","signature","supporting-file","replaced"
"2026-08-07T01:29:28.989Z","322160744","nightly","nightly","2026-05-13T22:04:10Z","true","498709428","CMTrace-Open_Nightly_20260802_120_2ae659c0eb05_arm64-setup.exe.sig","2026-08-02T08:08:47Z","2026-08-02T08:08:47Z","464","application/pgp-signature","0","0","windows","arm64","full","signature","supporting-file","replaced"
"2026-08-07T01:29:28.989Z","322160744","nightly","nightly","2026-05-13T22:04:10Z","true","499819873","CMTrace-Open_Nightly_20260803_121_614c8b004680_arm64-setup.exe.sig","2026-08-03T08:35:13Z","2026-08-03T08:35:13Z","464","application/pgp-signature","0","0","windows","arm64","full","signature","supporting-file","replaced"
"2026-08-07T01:29:28.989Z","322160744","nightly","nightly","2026-05-13T22:04:10Z","true","501081016","CMTrace-Open_Nightly_20260804_122_b54aea1f0eb6_arm64-setup.exe.sig","2026-08-04T08:16:13Z","2026-08-04T08:16:13Z","464","application/pgp-signature","0","0","windows","arm64","full","signature","supporting-file","replaced"
"2026-08-07T01:29:28.989Z","322160744","nightly","nightly","2026-05-13T22:04:10Z","true","502365013","CMTrace-Open_Nightly_20260805_123_8113e17886c5_arm64-setup.exe.sig","2026-08-05T08:18:29Z","2026-08-05T08:18:29Z","464","application/pgp-signature","0","0","windows","arm64","full","signature","supporting-file","replaced"
"2026-08-07T01:29:28.989Z","322160744","nightly","nightly","2026-05-13T22:04:10Z","true","503678084","CMTrace-Open_Nightly_20260806_124_208d7a49b51b_arm64-setup.exe.sig","2026-08-06T08:17:56Z","2026-08-06T08:17:56Z","464","application/pgp-signature","0","","windows","arm64","full","signature","supporting-file","current"
"2026-08-07T01:29:28.989Z","322160744","nightly","nightly","2026-05-13T22:04:10Z","true","477677298","CMTrace-Open_Nightly_20260715_77_30b4e39e438c_x64.msi","2026-07-15T07:59:13Z","2026-07-15T07:59:14Z","13324288","application/x-msi","2","0","windows","x64","full","msi","manual-only","replaced"
"2026-08-07T01:29:28.989Z","322160744","nightly","nightly","2026-05-13T22:04:10Z","true","478928749","CMTrace-Open_Nightly_20260716_78_d6d4c7235666_x64.msi","2026-07-16T08:05:41Z","2026-07-16T08:05:41Z","13418496","application/x-msi","1","0","windows","x64","full","msi","manual-only","replaced"
"2026-08-07T01:29:28.989Z","322160744","nightly","nightly","2026-05-13T22:04:10Z","true","480128640","CMTrace-Open_Nightly_20260717_79_d6d4c7235666_x64.msi","2026-07-17T08:01:39Z","2026-07-17T08:01:40Z","13418496","application/x-msi","1","0","windows","x64","full","msi","manual-only","replaced"
"2026-08-07T01:29:28.989Z","322160744","nightly","nightly","2026-05-13T22:04:10Z","true","481283329","CMTrace-Open_Nightly_20260718_80_d6d4c7235666_x64.msi","2026-07-18T07:53:20Z","2026-07-18T07:53:20Z","13418496","application/x-msi","0","0","windows","x64","full","msi","manual-only","replaced"
"2026-08-07T01:29:28.989Z","322160744","nightly","nightly","2026-05-13T22:04:10Z","true","482212936","CMTrace-Open_Nightly_20260719_81_d6d4c7235666_x64.msi","2026-07-19T08:03:34Z","2026-07-19T08:03:35Z","13418496","application/x-msi","0","0","windows","x64","full","msi","manual-only","replaced"
"2026-08-07T01:29:28.989Z","322160744","nightly","nightly","2026-05-13T22:04:10Z","true","484083043","CMTrace-Open_Nightly_20260721_83_a177e01791a6_x64.msi","2026-07-21T00:52:58Z","2026-07-21T00:52:59Z","14581760","application/x-msi","0","0","windows","x64","full","msi","manual-only","replaced"
"2026-08-07T01:29:28.989Z","322160744","nightly","nightly","2026-05-13T22:04:10Z","true","485324236","CMTrace-Open_Nightly_20260722_86_f94de41c40c0_x64.msi","2026-07-22T00:41:06Z","2026-07-22T00:41:07Z","14573568","application/x-msi","0","0","windows","x64","full","msi","manual-only","replaced"
"2026-08-07T01:29:28.989Z","322160744","nightly","nightly","2026-05-13T22:04:10Z","true","486519510","CMTrace-Open_Nightly_20260722_91_053377ee8a9d_x64.msi","2026-07-22T23:17:32Z","2026-07-22T23:17:33Z","14573568","application/x-msi","1","0","windows","x64","full","msi","manual-only","replaced"
"2026-08-07T01:29:28.989Z","322160744","nightly","nightly","2026-05-13T22:04:10Z","true","487786406","CMTrace-Open_Nightly_20260723_105_c5e3ebcba48b_x64.msi","2026-07-24T00:03:17Z","2026-07-24T00:03:18Z","14589952","application/x-msi","0","0","windows","x64","full","msi","manual-only","replaced"
"2026-08-07T01:29:28.989Z","322160744","nightly","nightly","2026-05-13T22:04:10Z","true","488681792","CMTrace-Open_Nightly_20260724_111_5a6559b846f7_x64.msi","2026-07-24T18:12:23Z","2026-07-24T18:12:24Z","14630912","application/x-msi","0","0","windows","x64","full","msi","manual-only","replaced"
"2026-08-07T01:29:28.989Z","322160744","nightly","nightly","2026-05-13T22:04:10Z","true","489278600","CMTrace-Open_Nightly_20260725_112_f1331120ab2f_x64.msi","2026-07-25T08:01:53Z","2026-07-25T08:01:54Z","13463552","application/x-msi","0","0","windows","x64","full","msi","manual-only","replaced"
"2026-08-07T01:29:28.989Z","322160744","nightly","nightly","2026-05-13T22:04:10Z","true","490177402","CMTrace-Open_Nightly_20260726_113_f1331120ab2f_x64.msi","2026-07-26T08:10:05Z","2026-07-26T08:10:06Z","13459456","application/x-msi","0","0","windows","x64","full","msi","manual-only","replaced"
"2026-08-07T01:29:28.989Z","322160744","nightly","nightly","2026-05-13T22:04:10Z","true","491216612","CMTrace-Open_Nightly_20260727_114_7a5721906492_x64.msi","2026-07-27T08:33:27Z","2026-07-27T08:33:28Z","14733312","application/x-msi","2","0","windows","x64","full","msi","manual-only","replaced"
"2026-08-07T01:29:28.989Z","322160744","nightly","nightly","2026-05-13T22:04:10Z","true","492463659","CMTrace-Open_Nightly_20260728_115_d43d372df66c_x64.msi","2026-07-28T08:15:12Z","2026-07-28T08:15:13Z","14733312","application/x-msi","0","0","windows","x64","full","msi","manual-only","replaced"
"2026-08-07T01:29:28.989Z","322160744","nightly","nightly","2026-05-13T22:04:10Z","true","493790086","CMTrace-Open_Nightly_20260729_116_5a6470a0e9d6_x64.msi","2026-07-29T08:18:31Z","2026-07-29T08:18:32Z","14790656","application/x-msi","2","0","windows","x64","full","msi","manual-only","replaced"
"2026-08-07T01:29:28.989Z","322160744","nightly","nightly","2026-05-13T22:04:10Z","true","495096652","CMTrace-Open_Nightly_20260730_117_cf4fb41b3dac_x64.msi","2026-07-30T08:10:50Z","2026-07-30T08:10:51Z","14835712","application/x-msi","0","0","windows","x64","full","msi","manual-only","replaced"
"2026-08-07T01:29:28.989Z","322160744","nightly","nightly","2026-05-13T22:04:10Z","true","496437421","CMTrace-Open_Nightly_20260731_118_a7c63101de44_x64.msi","2026-07-31T08:22:39Z","2026-07-31T08:22:40Z","14831616","application/x-msi","1","0","windows","x64","full","msi","manual-only","replaced"
"2026-08-07T01:29:28.989Z","322160744","nightly","nightly","2026-05-13T22:04:10Z","true","497716508","CMTrace-Open_Nightly_20260801_119_0e1baa95dc4d_x64.msi","2026-08-01T08:08:40Z","2026-08-01T08:08:41Z","14884864","application/x-msi","0","0","windows","x64","full","msi","manual-only","replaced"
"2026-08-07T01:29:28.989Z","322160744","nightly","nightly","2026-05-13T22:04:10Z","true","498709445","CMTrace-Open_Nightly_20260802_120_2ae659c0eb05_x64.msi","2026-08-02T08:08:48Z","2026-08-02T08:08:49Z","14897152","application/x-msi","0","0","windows","x64","full","msi","manual-only","replaced"
"2026-08-07T01:29:28.989Z","322160744","nightly","nightly","2026-05-13T22:04:10Z","true","499819889","CMTrace-Open_Nightly_20260803_121_614c8b004680_x64.msi","2026-08-03T08:35:14Z","2026-08-03T08:35:15Z","15040512","application/x-msi","1","0","windows","x64","full","msi","manual-only","replaced"
"2026-08-07T01:29:28.989Z","322160744","nightly","nightly","2026-05-13T22:04:10Z","true","501081036","CMTrace-Open_Nightly_20260804_122_b54aea1f0eb6_x64.msi","2026-08-04T08:16:14Z","2026-08-04T08:16:14Z","15044608","application/x-msi","2","0","windows","x64","full","msi","manual-only","replaced"
"2026-08-07T01:29:28.989Z","322160744","nightly","nightly","2026-05-13T22:04:10Z","true","502365024","CMTrace-Open_Nightly_20260805_123_8113e17886c5_x64.msi","2026-08-05T08:18:30Z","2026-08-05T08:18:31Z","15499264","application/x-msi","1","0","windows","x64","full","msi","manual-only","replaced"
"2026-08-07T01:29:28.989Z","322160744","nightly","nightly","2026-05-13T22:04:10Z","true","503678103","CMTrace-Open_Nightly_20260806_124_208d7a49b51b_x64.msi","2026-08-06T08:17:57Z","2026-08-06T08:17:57Z","15532032","application/x-msi","0","","windows","x64","full","msi","manual-only","current"
"2026-08-07T01:29:28.989Z","322160744","nightly","nightly","2026-05-13T22:04:10Z","true","477677284","CMTrace-Open_Nightly_20260715_77_30b4e39e438c_x64-setup.exe","2026-07-15T07:59:12Z","2026-07-15T07:59:13Z","5966736","application/octet-stream","1","0","windows","x64","full","nsis-setup","mixed-manual-update","replaced"
"2026-08-07T01:29:28.989Z","322160744","nightly","nightly","2026-05-13T22:04:10Z","true","478928728","CMTrace-Open_Nightly_20260716_78_d6d4c7235666_x64-setup.exe","2026-07-16T08:05:40Z","2026-07-16T08:05:41Z","5999688","application/octet-stream","2","0","windows","x64","full","nsis-setup","mixed-manual-update","replaced"
"2026-08-07T01:29:28.989Z","322160744","nightly","nightly","2026-05-13T22:04:10Z","true","480128629","CMTrace-Open_Nightly_20260717_79_d6d4c7235666_x64-setup.exe","2026-07-17T08:01:38Z","2026-07-17T08:01:39Z","6009088","application/octet-stream","0","0","windows","x64","full","nsis-setup","mixed-manual-update","replaced"
"2026-08-07T01:29:28.989Z","322160744","nightly","nightly","2026-05-13T22:04:10Z","true","481283322","CMTrace-Open_Nightly_20260718_80_d6d4c7235666_x64-setup.exe","2026-07-18T07:53:19Z","2026-07-18T07:53:20Z","6011232","application/octet-stream","0","0","windows","x64","full","nsis-setup","mixed-manual-update","replaced"
"2026-08-07T01:29:28.989Z","322160744","nightly","nightly","2026-05-13T22:04:10Z","true","482212927","CMTrace-Open_Nightly_20260719_81_d6d4c7235666_x64-setup.exe","2026-07-19T08:03:33Z","2026-07-19T08:03:34Z","6021928","application/octet-stream","0","0","windows","x64","full","nsis-setup","mixed-manual-update","replaced"
"2026-08-07T01:29:28.989Z","322160744","nightly","nightly","2026-05-13T22:04:10Z","true","484083029","CMTrace-Open_Nightly_20260721_83_a177e01791a6_x64-setup.exe","2026-07-21T00:52:57Z","2026-07-21T00:52:58Z","6948416","application/octet-stream","0","0","windows","x64","full","nsis-setup","mixed-manual-update","replaced"
"2026-08-07T01:29:28.989Z","322160744","nightly","nightly","2026-05-13T22:04:10Z","true","485324230","CMTrace-Open_Nightly_20260722_86_f94de41c40c0_x64-setup.exe","2026-07-22T00:41:06Z","2026-07-22T00:41:06Z","6944752","application/octet-stream","0","0","windows","x64","full","nsis-setup","mixed-manual-update","replaced"
"2026-08-07T01:29:28.989Z","322160744","nightly","nightly","2026-05-13T22:04:10Z","true","486519502","CMTrace-Open_Nightly_20260722_91_053377ee8a9d_x64-setup.exe","2026-07-22T23:17:31Z","2026-07-22T23:17:32Z","6900296","application/octet-stream","0","0","windows","x64","full","nsis-setup","mixed-manual-update","replaced"
"2026-08-07T01:29:28.989Z","322160744","nightly","nightly","2026-05-13T22:04:10Z","true","487786400","CMTrace-Open_Nightly_20260723_105_c5e3ebcba48b_x64-setup.exe","2026-07-24T00:03:17Z","2026-07-24T00:03:17Z","6952016","application/octet-stream","0","0","windows","x64","full","nsis-setup","mixed-manual-update","replaced"
"2026-08-07T01:29:28.989Z","322160744","nightly","nightly","2026-05-13T22:04:10Z","true","488681778","CMTrace-Open_Nightly_20260724_111_5a6559b846f7_x64-setup.exe","2026-07-24T18:12:22Z","2026-07-24T18:12:23Z","6974136","application/octet-stream","0","0","windows","x64","full","nsis-setup","mixed-manual-update","replaced"
"2026-08-07T01:29:28.989Z","322160744","nightly","nightly","2026-05-13T22:04:10Z","true","489278581","CMTrace-Open_Nightly_20260725_112_f1331120ab2f_x64-setup.exe","2026-07-25T08:01:53Z","2026-07-25T08:01:53Z","6035872","application/octet-stream","0","0","windows","x64","full","nsis-setup","mixed-manual-update","replaced"
"2026-08-07T01:29:28.989Z","322160744","nightly","nightly","2026-05-13T22:04:10Z","true","490177392","CMTrace-Open_Nightly_20260726_113_f1331120ab2f_x64-setup.exe","2026-07-26T08:10:04Z","2026-07-26T08:10:05Z","6035336","application/octet-stream","0","0","windows","x64","full","nsis-setup","mixed-manual-update","replaced"
"2026-08-07T01:29:28.989Z","322160744","nightly","nightly","2026-05-13T22:04:10Z","true","491216605","CMTrace-Open_Nightly_20260727_114_7a5721906492_x64-setup.exe","2026-07-27T08:33:27Z","2026-07-27T08:33:27Z","7014376","application/octet-stream","2","0","windows","x64","full","nsis-setup","mixed-manual-update","replaced"
"2026-08-07T01:29:28.989Z","322160744","nightly","nightly","2026-05-13T22:04:10Z","true","492463650","CMTrace-Open_Nightly_20260728_115_d43d372df66c_x64-setup.exe","2026-07-28T08:15:11Z","2026-07-28T08:15:12Z","7016752","application/octet-stream","1","0","windows","x64","full","nsis-setup","mixed-manual-update","replaced"
"2026-08-07T01:29:28.989Z","322160744","nightly","nightly","2026-05-13T22:04:10Z","true","493790077","CMTrace-Open_Nightly_20260729_116_5a6470a0e9d6_x64-setup.exe","2026-07-29T08:18:30Z","2026-07-29T08:18:31Z","7042456","application/octet-stream","3","0","windows","x64","full","nsis-setup","mixed-manual-update","replaced"
"2026-08-07T01:29:28.989Z","322160744","nightly","nightly","2026-05-13T22:04:10Z","true","495096639","CMTrace-Open_Nightly_20260730_117_cf4fb41b3dac_x64-setup.exe","2026-07-30T08:10:49Z","2026-07-30T08:10:50Z","7090144","application/octet-stream","0","0","windows","x64","full","nsis-setup","mixed-manual-update","replaced"
"2026-08-07T01:29:28.989Z","322160744","nightly","nightly","2026-05-13T22:04:10Z","true","496437400","CMTrace-Open_Nightly_20260731_118_a7c63101de44_x64-setup.exe","2026-07-31T08:22:39Z","2026-07-31T08:22:39Z","7095352","application/octet-stream","1","0","windows","x64","full","nsis-setup","mixed-manual-update","replaced"
"2026-08-07T01:29:28.989Z","322160744","nightly","nightly","2026-05-13T22:04:10Z","true","497716501","CMTrace-Open_Nightly_20260801_119_0e1baa95dc4d_x64-setup.exe","2026-08-01T08:08:40Z","2026-08-01T08:08:40Z","7112152","application/octet-stream","0","0","windows","x64","full","nsis-setup","mixed-manual-update","replaced"
"2026-08-07T01:29:28.989Z","322160744","nightly","nightly","2026-05-13T22:04:10Z","true","498709438","CMTrace-Open_Nightly_20260802_120_2ae659c0eb05_x64-setup.exe","2026-08-02T08:08:47Z","2026-08-02T08:08:48Z","7127944","application/octet-stream","1","0","windows","x64","full","nsis-setup","mixed-manual-update","replaced"
"2026-08-07T01:29:28.989Z","322160744","nightly","nightly","2026-05-13T22:04:10Z","true","499819876","CMTrace-Open_Nightly_20260803_121_614c8b004680_x64-setup.exe","2026-08-03T08:35:13Z","2026-08-03T08:35:14Z","7202312","application/octet-stream","0","0","windows","x64","full","nsis-setup","mixed-manual-update","replaced"
"2026-08-07T01:29:28.989Z","322160744","nightly","nightly","2026-05-13T22:04:10Z","true","501081021","CMTrace-Open_Nightly_20260804_122_b54aea1f0eb6_x64-setup.exe","2026-08-04T08:16:13Z","2026-08-04T08:16:13Z","7199984","application/octet-stream","1","0","windows","x64","full","nsis-setup","mixed-manual-update","replaced"
"2026-08-07T01:29:28.989Z","322160744","nightly","nightly","2026-05-13T22:04:10Z","true","502365017","CMTrace-Open_Nightly_20260805_123_8113e17886c5_x64-setup.exe","2026-08-05T08:18:29Z","2026-08-05T08:18:30Z","7589952","application/octet-stream","0","0","windows","x64","full","nsis-setup","mixed-manual-update","replaced"
"2026-08-07T01:29:28.989Z","322160744","nightly","nightly","2026-05-13T22:04:10Z","true","503678090","CMTrace-Open_Nightly_20260806_124_208d7a49b51b_x64-setup.exe","2026-08-06T08:17:56Z","2026-08-06T08:17:57Z","7590176","application/octet-stream","1","","windows","x64","full","nsis-setup","mixed-manual-update","current"
"2026-08-07T01:29:28.989Z","322160744","nightly","nightly","2026-05-13T22:04:10Z","true","477677273","CMTrace-Open-Lite_Nightly_20260715_77_30b4e39e438c_x64.exe","2026-07-15T07:59:11Z","2026-07-15T07:59:12Z","20370176","application/octet-stream","0","0","windows","x64","lite","portable-exe","manual-only","replaced"
"2026-08-07T01:29:28.989Z","322160744","nightly","nightly","2026-05-13T22:04:10Z","true","477677289","CMTrace-Open_Nightly_20260715_77_30b4e39e438c_x64.exe","2026-07-15T07:59:12Z","2026-07-15T07:59:13Z","23563520","application/octet-stream","1","0","windows","x64","full","portable-exe","manual-only","replaced"
"2026-08-07T01:29:28.989Z","322160744","nightly","nightly","2026-05-13T22:04:10Z","true","478928719","CMTrace-Open-Lite_Nightly_20260716_78_d6d4c7235666_x64.exe","2026-07-16T08:05:39Z","2026-07-16T08:05:40Z","20533504","application/octet-stream","0","0","windows","x64","lite","portable-exe","manual-only","replaced"
"2026-08-07T01:29:28.989Z","322160744","nightly","nightly","2026-05-13T22:04:10Z","true","478928731","CMTrace-Open_Nightly_20260716_78_d6d4c7235666_x64.exe","2026-07-16T08:05:40Z","2026-07-16T08:05:41Z","23811840","application/octet-stream","0","0","windows","x64","full","portable-exe","manual-only","replaced"
"2026-08-07T01:29:28.989Z","322160744","nightly","nightly","2026-05-13T22:04:10Z","true","480128605","CMTrace-Open-Lite_Nightly_20260717_79_d6d4c7235666_x64.exe","2026-07-17T08:01:37Z","2026-07-17T08:01:38Z","20541696","application/octet-stream","0","0","windows","x64","lite","portable-exe","manual-only","replaced"
"2026-08-07T01:29:28.989Z","322160744","nightly","nightly","2026-05-13T22:04:10Z","true","480128634","CMTrace-Open_Nightly_20260717_79_d6d4c7235666_x64.exe","2026-07-17T08:01:38Z","2026-07-17T08:01:40Z","23813376","application/octet-stream","1","0","windows","x64","full","portable-exe","manual-only","replaced"
"2026-08-07T01:29:28.989Z","322160744","nightly","nightly","2026-05-13T22:04:10Z","true","481283311","CMTrace-Open-Lite_Nightly_20260718_80_d6d4c7235666_x64.exe","2026-07-18T07:53:18Z","2026-07-18T07:53:19Z","20542728","application/octet-stream","0","0","windows","x64","lite","portable-exe","manual-only","replaced"
"2026-08-07T01:29:28.989Z","322160744","nightly","nightly","2026-05-13T22:04:10Z","true","481283324","CMTrace-Open_Nightly_20260718_80_d6d4c7235666_x64.exe","2026-07-18T07:53:19Z","2026-07-18T07:53:21Z","23813896","application/octet-stream","0","0","windows","x64","full","portable-exe","manual-only","replaced"
"2026-08-07T01:29:28.989Z","322160744","nightly","nightly","2026-05-13T22:04:10Z","true","482212916","CMTrace-Open-Lite_Nightly_20260719_81_d6d4c7235666_x64.exe","2026-07-19T08:03:32Z","2026-07-19T08:03:34Z","20541192","application/octet-stream","0","0","windows","x64","lite","portable-exe","manual-only","replaced"
"2026-08-07T01:29:28.989Z","322160744","nightly","nightly","2026-05-13T22:04:10Z","true","482212930","CMTrace-Open_Nightly_20260719_81_d6d4c7235666_x64.exe","2026-07-19T08:03:34Z","2026-07-19T08:03:35Z","23812872","application/octet-stream","0","0","windows","x64","full","portable-exe","manual-only","replaced"
"2026-08-07T01:29:28.989Z","322160744","nightly","nightly","2026-05-13T22:04:10Z","true","484082996","CMTrace-Open-Lite_Nightly_20260721_83_a177e01791a6_x64.exe","2026-07-21T00:52:57Z","2026-07-21T00:52:58Z","20749056","application/octet-stream","0","0","windows","x64","lite","portable-exe","manual-only","replaced"
"2026-08-07T01:29:28.989Z","322160744","nightly","nightly","2026-05-13T22:04:10Z","true","484083039","CMTrace-Open_Nightly_20260721_83_a177e01791a6_x64.exe","2026-07-21T00:52:58Z","2026-07-21T00:52:59Z","27555592","application/octet-stream","0","0","windows","x64","full","portable-exe","manual-only","replaced"
"2026-08-07T01:29:28.989Z","322160744","nightly","nightly","2026-05-13T22:04:10Z","true","485324217","CMTrace-Open-Lite_Nightly_20260722_86_f94de41c40c0_x64.exe","2026-07-22T00:41:05Z","2026-07-22T00:41:06Z","20745984","application/octet-stream","0","0","windows","x64","lite","portable-exe","manual-only","replaced"
"2026-08-07T01:29:28.989Z","322160744","nightly","nightly","2026-05-13T22:04:10Z","true","485324232","CMTrace-Open_Nightly_20260722_86_f94de41c40c0_x64.exe","2026-07-22T00:41:06Z","2026-07-22T00:41:07Z","27536640","application/octet-stream","0","0","windows","x64","full","portable-exe","manual-only","replaced"
"2026-08-07T01:29:28.989Z","322160744","nightly","nightly","2026-05-13T22:04:10Z","true","486519491","CMTrace-Open-Lite_Nightly_20260722_91_053377ee8a9d_x64.exe","2026-07-22T23:17:31Z","2026-07-22T23:17:32Z","20794112","application/octet-stream","0","0","windows","x64","lite","portable-exe","manual-only","replaced"
"2026-08-07T01:29:28.989Z","322160744","nightly","nightly","2026-05-13T22:04:10Z","true","486519503","CMTrace-Open_Nightly_20260722_91_053377ee8a9d_x64.exe","2026-07-22T23:17:32Z","2026-07-22T23:17:33Z","27370752","application/octet-stream","1","0","windows","x64","full","portable-exe","manual-only","replaced"
"2026-08-07T01:29:28.989Z","322160744","nightly","nightly","2026-05-13T22:04:10Z","true","487786390","CMTrace-Open-Lite_Nightly_20260723_105_c5e3ebcba48b_x64.exe","2026-07-24T00:03:16Z","2026-07-24T00:03:17Z","20792072","application/octet-stream","0","0","windows","x64","lite","portable-exe","manual-only","replaced"
"2026-08-07T01:29:28.989Z","322160744","nightly","nightly","2026-05-13T22:04:10Z","true","487786402","CMTrace-Open_Nightly_20260723_105_c5e3ebcba48b_x64.exe","2026-07-24T00:03:17Z","2026-07-24T00:03:18Z","27485952","application/octet-stream","0","0","windows","x64","full","portable-exe","manual-only","replaced"
"2026-08-07T01:29:28.989Z","322160744","nightly","nightly","2026-05-13T22:04:10Z","true","488681748","CMTrace-Open-Lite_Nightly_20260724_111_5a6559b846f7_x64.exe","2026-07-24T18:12:21Z","2026-07-24T18:12:22Z","20794632","application/octet-stream","0","0","windows","x64","lite","portable-exe","manual-only","replaced"
"2026-08-07T01:29:28.989Z","322160744","nightly","nightly","2026-05-13T22:04:10Z","true","488681783","CMTrace-Open_Nightly_20260724_111_5a6559b846f7_x64.exe","2026-07-24T18:12:22Z","2026-07-24T18:12:24Z","27699976","application/octet-stream","0","0","windows","x64","full","portable-exe","manual-only","replaced"
"2026-08-07T01:29:28.989Z","322160744","nightly","nightly","2026-05-13T22:04:10Z","true","489278554","CMTrace-Open-Lite_Nightly_20260725_112_f1331120ab2f_x64.exe","2026-07-25T08:01:51Z","2026-07-25T08:01:53Z","20565760","application/octet-stream","0","0","windows","x64","lite","portable-exe","manual-only","replaced"
"2026-08-07T01:29:28.989Z","322160744","nightly","nightly","2026-05-13T22:04:10Z","true","489278593","CMTrace-Open_Nightly_20260725_112_f1331120ab2f_x64.exe","2026-07-25T08:01:53Z","2026-07-25T08:01:54Z","23834368","application/octet-stream","0","0","windows","x64","full","portable-exe","manual-only","replaced"
"2026-08-07T01:29:28.989Z","322160744","nightly","nightly","2026-05-13T22:04:10Z","true","490177379","CMTrace-Open-Lite_Nightly_20260726_113_f1331120ab2f_x64.exe","2026-07-26T08:10:04Z","2026-07-26T08:10:04Z","20567304","application/octet-stream","0","0","windows","x64","lite","portable-exe","manual-only","replaced"
"2026-08-07T01:29:28.989Z","322160744","nightly","nightly","2026-05-13T22:04:10Z","true","490177397","CMTrace-Open_Nightly_20260726_113_f1331120ab2f_x64.exe","2026-07-26T08:10:05Z","2026-07-26T08:10:06Z","23834376","application/octet-stream","0","0","windows","x64","full","portable-exe","manual-only","replaced"
"2026-08-07T01:29:28.989Z","322160744","nightly","nightly","2026-05-13T22:04:10Z","true","491216596","CMTrace-Open-Lite_Nightly_20260727_114_7a5721906492_x64.exe","2026-07-27T08:33:26Z","2026-07-27T08:33:27Z","20921096","application/octet-stream","0","0","windows","x64","lite","portable-exe","manual-only","replaced"
"2026-08-07T01:29:28.989Z","322160744","nightly","nightly","2026-05-13T22:04:10Z","true","491216609","CMTrace-Open_Nightly_20260727_114_7a5721906492_x64.exe","2026-07-27T08:33:27Z","2026-07-27T08:33:28Z","27651848","application/octet-stream","0","0","windows","x64","full","portable-exe","manual-only","replaced"
"2026-08-07T01:29:28.989Z","322160744","nightly","nightly","2026-05-13T22:04:10Z","true","492463643","CMTrace-Open-Lite_Nightly_20260728_115_d43d372df66c_x64.exe","2026-07-28T08:15:10Z","2026-07-28T08:15:11Z","20920576","application/octet-stream","0","0","windows","x64","lite","portable-exe","manual-only","replaced"
"2026-08-07T01:29:28.989Z","322160744","nightly","nightly","2026-05-13T22:04:10Z","true","492463653","CMTrace-Open_Nightly_20260728_115_d43d372df66c_x64.exe","2026-07-28T08:15:11Z","2026-07-28T08:15:14Z","27650824","application/octet-stream","5","0","windows","x64","full","portable-exe","manual-only","replaced"
"2026-08-07T01:29:28.989Z","322160744","nightly","nightly","2026-05-13T22:04:10Z","true","493790061","CMTrace-Open-Lite_Nightly_20260729_116_5a6470a0e9d6_x64.exe","2026-07-29T08:18:29Z","2026-07-29T08:18:30Z","20927752","application/octet-stream","3","0","windows","x64","lite","portable-exe","manual-only","replaced"
"2026-08-07T01:29:28.989Z","322160744","nightly","nightly","2026-05-13T22:04:10Z","true","493790083","CMTrace-Open_Nightly_20260729_116_5a6470a0e9d6_x64.exe","2026-07-29T08:18:30Z","2026-07-29T08:18:31Z","27872008","application/octet-stream","21","0","windows","x64","full","portable-exe","manual-only","replaced"
"2026-08-07T01:29:28.989Z","322160744","nightly","nightly","2026-05-13T22:04:10Z","true","495096624","CMTrace-Open-Lite_Nightly_20260730_117_cf4fb41b3dac_x64.exe","2026-07-30T08:10:48Z","2026-07-30T08:10:49Z","20988168","application/octet-stream","1","0","windows","x64","lite","portable-exe","manual-only","replaced"
"2026-08-07T01:29:28.989Z","322160744","nightly","nightly","2026-05-13T22:04:10Z","true","495096647","CMTrace-Open_Nightly_20260730_117_cf4fb41b3dac_x64.exe","2026-07-30T08:10:49Z","2026-07-30T08:10:50Z","27895040","application/octet-stream","6","0","windows","x64","full","portable-exe","manual-only","replaced"
"2026-08-07T01:29:28.989Z","322160744","nightly","nightly","2026-05-13T22:04:10Z","true","496437373","CMTrace-Open-Lite_Nightly_20260731_118_a7c63101de44_x64.exe","2026-07-31T08:22:37Z","2026-07-31T08:22:39Z","20988168","application/octet-stream","0","0","windows","x64","lite","portable-exe","manual-only","replaced"
"2026-08-07T01:29:28.989Z","322160744","nightly","nightly","2026-05-13T22:04:10Z","true","496437406","CMTrace-Open_Nightly_20260731_118_a7c63101de44_x64.exe","2026-07-31T08:22:39Z","2026-07-31T08:22:40Z","27895048","application/octet-stream","1","0","windows","x64","full","portable-exe","manual-only","replaced"
"2026-08-07T01:29:28.989Z","322160744","nightly","nightly","2026-05-13T22:04:10Z","true","497716493","CMTrace-Open-Lite_Nightly_20260801_119_0e1baa95dc4d_x64.exe","2026-08-01T08:08:39Z","2026-08-01T08:08:40Z","20995840","application/octet-stream","0","0","windows","x64","lite","portable-exe","manual-only","replaced"
"2026-08-07T01:29:28.989Z","322160744","nightly","nightly","2026-05-13T22:04:10Z","true","497716505","CMTrace-Open_Nightly_20260801_119_0e1baa95dc4d_x64.exe","2026-08-01T08:08:40Z","2026-08-01T08:08:41Z","28009728","application/octet-stream","4","0","windows","x64","full","portable-exe","manual-only","replaced"
"2026-08-07T01:29:28.989Z","322160744","nightly","nightly","2026-05-13T22:04:10Z","true","498709426","CMTrace-Open-Lite_Nightly_20260802_120_2ae659c0eb05_x64.exe","2026-08-02T08:08:46Z","2026-08-02T08:08:47Z","21000968","application/octet-stream","0","0","windows","x64","lite","portable-exe","manual-only","replaced"
"2026-08-07T01:29:28.989Z","322160744","nightly","nightly","2026-05-13T22:04:10Z","true","498709440","CMTrace-Open_Nightly_20260802_120_2ae659c0eb05_x64.exe","2026-08-02T08:08:47Z","2026-08-02T08:08:49Z","28055816","application/octet-stream","0","0","windows","x64","full","portable-exe","manual-only","replaced"
"2026-08-07T01:29:28.989Z","322160744","nightly","nightly","2026-05-13T22:04:10Z","true","499819868","CMTrace-Open-Lite_Nightly_20260803_121_614c8b004680_x64.exe","2026-08-03T08:35:12Z","2026-08-03T08:35:13Z","21295368","application/octet-stream","0","0","windows","x64","lite","portable-exe","manual-only","replaced"
"2026-08-07T01:29:28.989Z","322160744","nightly","nightly","2026-05-13T22:04:10Z","true","499819882","CMTrace-Open_Nightly_20260803_121_614c8b004680_x64.exe","2026-08-03T08:35:13Z","2026-08-03T08:35:15Z","28321544","application/octet-stream","0","0","windows","x64","full","portable-exe","manual-only","replaced"
"2026-08-07T01:29:28.989Z","322160744","nightly","nightly","2026-05-13T22:04:10Z","true","501081013","CMTrace-Open-Lite_Nightly_20260804_122_b54aea1f0eb6_x64.exe","2026-08-04T08:16:12Z","2026-08-04T08:16:13Z","21295872","application/octet-stream","0","0","windows","x64","lite","portable-exe","manual-only","replaced"
"2026-08-07T01:29:28.989Z","322160744","nightly","nightly","2026-05-13T22:04:10Z","true","501081029","CMTrace-Open_Nightly_20260804_122_b54aea1f0eb6_x64.exe","2026-08-04T08:16:13Z","2026-08-04T08:16:15Z","28324096","application/octet-stream","3","0","windows","x64","full","portable-exe","manual-only","replaced"
"2026-08-07T01:29:28.989Z","322160744","nightly","nightly","2026-05-13T22:04:10Z","true","502365007","CMTrace-Open-Lite_Nightly_20260805_123_8113e17886c5_x64.exe","2026-08-05T08:18:28Z","2026-08-05T08:18:29Z","21303040","application/octet-stream","0","0","windows","x64","lite","portable-exe","manual-only","replaced"
"2026-08-07T01:29:28.989Z","322160744","nightly","nightly","2026-05-13T22:04:10Z","true","502365020","CMTrace-Open_Nightly_20260805_123_8113e17886c5_x64.exe","2026-08-05T08:18:29Z","2026-08-05T08:18:31Z","30036224","application/octet-stream","0","0","windows","x64","full","portable-exe","manual-only","replaced"
"2026-08-07T01:29:28.989Z","322160744","nightly","nightly","2026-05-13T22:04:10Z","true","503678072","CMTrace-Open-Lite_Nightly_20260806_124_208d7a49b51b_x64.exe","2026-08-06T08:17:55Z","2026-08-06T08:17:56Z","21359872","application/octet-stream","0","","windows","x64","lite","portable-exe","manual-only","current"
"2026-08-07T01:29:28.989Z","322160744","nightly","nightly","2026-05-13T22:04:10Z","true","503678094","CMTrace-Open_Nightly_20260806_124_208d7a49b51b_x64.exe","2026-08-06T08:17:56Z","2026-08-06T08:17:57Z","30046464","application/octet-stream","2","","windows","x64","full","portable-exe","manual-only","current"
"2026-08-07T01:29:28.989Z","322160744","nightly","nightly","2026-05-13T22:04:10Z","true","477677288","CMTrace-Open_Nightly_20260715_77_30b4e39e438c_x64-setup.exe.sig","2026-07-15T07:59:12Z","2026-07-15T07:59:12Z","460","application/pgp-signature","0","0","windows","x64","full","signature","supporting-file","replaced"
"2026-08-07T01:29:28.989Z","322160744","nightly","nightly","2026-05-13T22:04:10Z","true","478928730","CMTrace-Open_Nightly_20260716_78_d6d4c7235666_x64-setup.exe.sig","2026-07-16T08:05:40Z","2026-07-16T08:05:41Z","460","application/pgp-signature","0","0","windows","x64","full","signature","supporting-file","replaced"
"2026-08-07T01:29:28.989Z","322160744","nightly","nightly","2026-05-13T22:04:10Z","true","480128633","CMTrace-Open_Nightly_20260717_79_d6d4c7235666_x64-setup.exe.sig","2026-07-17T08:01:38Z","2026-07-17T08:01:38Z","460","application/pgp-signature","0","0","windows","x64","full","signature","supporting-file","replaced"
"2026-08-07T01:29:28.989Z","322160744","nightly","nightly","2026-05-13T22:04:10Z","true","481283321","CMTrace-Open_Nightly_20260718_80_d6d4c7235666_x64-setup.exe.sig","2026-07-18T07:53:19Z","2026-07-18T07:53:19Z","460","application/pgp-signature","0","0","windows","x64","full","signature","supporting-file","replaced"
"2026-08-07T01:29:28.989Z","322160744","nightly","nightly","2026-05-13T22:04:10Z","true","482212928","CMTrace-Open_Nightly_20260719_81_d6d4c7235666_x64-setup.exe.sig","2026-07-19T08:03:33Z","2026-07-19T08:03:34Z","460","application/pgp-signature","0","0","windows","x64","full","signature","supporting-file","replaced"
"2026-08-07T01:29:28.989Z","322160744","nightly","nightly","2026-05-13T22:04:10Z","true","484083034","CMTrace-Open_Nightly_20260721_83_a177e01791a6_x64-setup.exe.sig","2026-07-21T00:52:58Z","2026-07-21T00:52:58Z","460","application/pgp-signature","0","0","windows","x64","full","signature","supporting-file","replaced"
"2026-08-07T01:29:28.989Z","322160744","nightly","nightly","2026-05-13T22:04:10Z","true","485324231","CMTrace-Open_Nightly_20260722_86_f94de41c40c0_x64-setup.exe.sig","2026-07-22T00:41:06Z","2026-07-22T00:41:06Z","460","application/pgp-signature","0","0","windows","x64","full","signature","supporting-file","replaced"
"2026-08-07T01:29:28.989Z","322160744","nightly","nightly","2026-05-13T22:04:10Z","true","486519501","CMTrace-Open_Nightly_20260722_91_053377ee8a9d_x64-setup.exe.sig","2026-07-22T23:17:31Z","2026-07-22T23:17:32Z","460","application/pgp-signature","0","0","windows","x64","full","signature","supporting-file","replaced"
"2026-08-07T01:29:28.989Z","322160744","nightly","nightly","2026-05-13T22:04:10Z","true","487786401","CMTrace-Open_Nightly_20260723_105_c5e3ebcba48b_x64-setup.exe.sig","2026-07-24T00:03:17Z","2026-07-24T00:03:17Z","460","application/pgp-signature","0","0","windows","x64","full","signature","supporting-file","replaced"
"2026-08-07T01:29:28.989Z","322160744","nightly","nightly","2026-05-13T22:04:10Z","true","488681779","CMTrace-Open_Nightly_20260724_111_5a6559b846f7_x64-setup.exe.sig","2026-07-24T18:12:22Z","2026-07-24T18:12:23Z","460","application/pgp-signature","0","0","windows","x64","full","signature","supporting-file","replaced"
"2026-08-07T01:29:28.989Z","322160744","nightly","nightly","2026-05-13T22:04:10Z","true","489278583","CMTrace-Open_Nightly_20260725_112_f1331120ab2f_x64-setup.exe.sig","2026-07-25T08:01:53Z","2026-07-25T08:01:53Z","460","application/pgp-signature","0","0","windows","x64","full","signature","supporting-file","replaced"
"2026-08-07T01:29:28.989Z","322160744","nightly","nightly","2026-05-13T22:04:10Z","true","490177393","CMTrace-Open_Nightly_20260726_113_f1331120ab2f_x64-setup.exe.sig","2026-07-26T08:10:05Z","2026-07-26T08:10:05Z","460","application/pgp-signature","0","0","windows","x64","full","signature","supporting-file","replaced"
"2026-08-07T01:29:28.989Z","322160744","nightly","nightly","2026-05-13T22:04:10Z","true","491216607","CMTrace-Open_Nightly_20260727_114_7a5721906492_x64-setup.exe.sig","2026-07-27T08:33:27Z","2026-07-27T08:33:27Z","460","application/pgp-signature","0","0","windows","x64","full","signature","supporting-file","replaced"
"2026-08-07T01:29:28.989Z","322160744","nightly","nightly","2026-05-13T22:04:10Z","true","492463652","CMTrace-Open_Nightly_20260728_115_d43d372df66c_x64-setup.exe.sig","2026-07-28T08:15:11Z","2026-07-28T08:15:12Z","460","application/pgp-signature","0","0","windows","x64","full","signature","supporting-file","replaced"
"2026-08-07T01:29:28.989Z","322160744","nightly","nightly","2026-05-13T22:04:10Z","true","493790078","CMTrace-Open_Nightly_20260729_116_5a6470a0e9d6_x64-setup.exe.sig","2026-07-29T08:18:30Z","2026-07-29T08:18:30Z","460","application/pgp-signature","0","0","windows","x64","full","signature","supporting-file","replaced"
"2026-08-07T01:29:28.989Z","322160744","nightly","nightly","2026-05-13T22:04:10Z","true","495096645","CMTrace-Open_Nightly_20260730_117_cf4fb41b3dac_x64-setup.exe.sig","2026-07-30T08:10:49Z","2026-07-30T08:10:49Z","460","application/pgp-signature","0","0","windows","x64","full","signature","supporting-file","replaced"
"2026-08-07T01:29:28.989Z","322160744","nightly","nightly","2026-05-13T22:04:10Z","true","496437403","CMTrace-Open_Nightly_20260731_118_a7c63101de44_x64-setup.exe.sig","2026-07-31T08:22:39Z","2026-07-31T08:22:39Z","460","application/pgp-signature","0","0","windows","x64","full","signature","supporting-file","replaced"
"2026-08-07T01:29:28.989Z","322160744","nightly","nightly","2026-05-13T22:04:10Z","true","497716504","CMTrace-Open_Nightly_20260801_119_0e1baa95dc4d_x64-setup.exe.sig","2026-08-01T08:08:40Z","2026-08-01T08:08:40Z","460","application/pgp-signature","0","0","windows","x64","full","signature","supporting-file","replaced"
"2026-08-07T01:29:28.989Z","322160744","nightly","nightly","2026-05-13T22:04:10Z","true","498709439","CMTrace-Open_Nightly_20260802_120_2ae659c0eb05_x64-setup.exe.sig","2026-08-02T08:08:47Z","2026-08-02T08:08:47Z","460","application/pgp-signature","0","0","windows","x64","full","signature","supporting-file","replaced"
"2026-08-07T01:29:28.989Z","322160744","nightly","nightly","2026-05-13T22:04:10Z","true","499819879","CMTrace-Open_Nightly_20260803_121_614c8b004680_x64-setup.exe.sig","2026-08-03T08:35:13Z","2026-08-03T08:35:13Z","460","application/pgp-signature","0","0","windows","x64","full","signature","supporting-file","replaced"
"2026-08-07T01:29:28.989Z","322160744","nightly","nightly","2026-05-13T22:04:10Z","true","501081022","CMTrace-Open_Nightly_20260804_122_b54aea1f0eb6_x64-setup.exe.sig","2026-08-04T08:16:13Z","2026-08-04T08:16:13Z","460","application/pgp-signature","0","0","windows","x64","full","signature","supporting-file","replaced"
"2026-08-07T01:29:28.989Z","322160744","nightly","nightly","2026-05-13T22:04:10Z","true","502365018","CMTrace-Open_Nightly_20260805_123_8113e17886c5_x64-setup.exe.sig","2026-08-05T08:18:29Z","2026-08-05T08:18:29Z","460","application/pgp-signature","0","0","windows","x64","full","signature","supporting-file","replaced"
"2026-08-07T01:29:28.989Z","322160744","nightly","nightly","2026-05-13T22:04:10Z","true","503678095","CMTrace-Open_Nightly_20260806_124_208d7a49b51b_x64-setup.exe.sig","2026-08-06T08:17:56Z","2026-08-06T08:17:56Z","460","application/pgp-signature","0","","windows","x64","full","signature","supporting-file","current"
"2026-08-07T01:29:28.989Z","296507341","v0.2.0","stable","2026-03-13T03:39:39Z","false","372820895","CMTrace.Open_0.2.0_amd64.AppImage","2026-03-13T03:41:01Z","2026-03-13T03:41:04Z","77957624","application/zip","3","0","linux","x64","full","appimage","mixed-manual-update","current"
"2026-08-07T01:29:28.989Z","296507341","v0.2.0","stable","2026-03-13T03:39:39Z","false","372820883","CMTrace.Open_0.2.0_amd64.deb","2026-03-13T03:40:59Z","2026-03-13T03:41:00Z","5400190","application/zip","4","0","linux","x64","full","deb","manual-only","current"
"2026-08-07T01:29:28.989Z","296507341","v0.2.0","stable","2026-03-13T03:39:39Z","false","372820887","CMTrace.Open-0.2.0-1.x86_64.rpm","2026-03-13T03:41:00Z","2026-03-13T03:41:01Z","5402925","application/zip","5","0","linux","x64","full","rpm","manual-only","current"
"2026-08-07T01:29:28.989Z","296507341","v0.2.0","stable","2026-03-13T03:39:39Z","false","372820275","CMTrace.Open_0.2.0_aarch64.dmg","2026-03-13T03:39:40Z","2026-03-13T03:39:40Z","5193655","application/zip","4","0","macos","arm64","full","dmg","manual-only","current"
"2026-08-07T01:29:28.989Z","296507341","v0.2.0","stable","2026-03-13T03:39:39Z","false","372820285","CMTrace.Open_aarch64.app.tar.gz","2026-03-13T03:39:41Z","2026-03-13T03:39:41Z","4923465","application/zip","3","0","unknown","unknown","unknown","unknown","unknown","current"
"2026-08-07T01:29:28.989Z","296507341","v0.2.0","stable","2026-03-13T03:39:39Z","false","372826832","CMTrace-Open_0.2.0_arm64.msi","2026-03-13T03:55:37Z","2026-03-13T03:55:38Z","4431872","application/octet-stream","14","0","windows","arm64","full","msi","manual-only","current"
"2026-08-07T01:29:28.989Z","296507341","v0.2.0","stable","2026-03-13T03:39:39Z","false","372826831","CMTrace-Open_0.2.0_arm64.exe","2026-03-13T03:55:37Z","2026-03-13T03:55:38Z","11711952","application/x-msdownload","3","0","windows","arm64","full","portable-exe","manual-only","current"
"2026-08-07T01:29:28.989Z","296507341","v0.2.0","stable","2026-03-13T03:39:39Z","false","372826803","CMTrace-Open_0.2.0_x64.msi","2026-03-13T03:55:33Z","2026-03-13T03:55:34Z","4710400","application/octet-stream","44","0","windows","x64","full","msi","manual-only","current"
"2026-08-07T01:29:28.989Z","296507341","v0.2.0","stable","2026-03-13T03:39:39Z","false","372826802","CMTrace-Open_0.2.0_x64.exe","2026-03-13T03:55:33Z","2026-03-13T03:55:34Z","14105552","application/x-msdownload","19","0","windows","x64","full","portable-exe","manual-only","current"
"2026-08-07T01:29:28.989Z","296928323","v0.3.0","stable","2026-03-14T01:15:44Z","false","373489167","CMTrace.Open_0.3.0_amd64.AppImage","2026-03-14T01:19:25Z","2026-03-14T01:19:27Z","78060024","application/zip","2","0","linux","x64","full","appimage","mixed-manual-update","current"
"2026-08-07T01:29:28.989Z","296928323","v0.3.0","stable","2026-03-14T01:15:44Z","false","373489150","CMTrace.Open_0.3.0_amd64.deb","2026-03-14T01:19:23Z","2026-03-14T01:19:24Z","5504624","application/zip","1","0","linux","x64","full","deb","manual-only","current"
"2026-08-07T01:29:28.989Z","296928323","v0.3.0","stable","2026-03-14T01:15:44Z","false","373489163","CMTrace.Open-0.3.0-1.x86_64.rpm","2026-03-14T01:19:24Z","2026-03-14T01:19:25Z","5505335","application/zip","1","0","linux","x64","full","rpm","manual-only","current"
"2026-08-07T01:29:28.989Z","296928323","v0.3.0","stable","2026-03-14T01:15:44Z","false","373487830","CMTrace.Open_0.3.0_aarch64.dmg","2026-03-14T01:16:39Z","2026-03-14T01:16:40Z","5284067","application/zip","2","0","macos","arm64","full","dmg","manual-only","current"
"2026-08-07T01:29:28.989Z","296928323","v0.3.0","stable","2026-03-14T01:15:44Z","false","373487837","CMTrace.Open_aarch64.app.tar.gz","2026-03-14T01:16:40Z","2026-03-14T01:16:41Z","5014108","application/zip","1","0","unknown","unknown","unknown","unknown","unknown","current"
"2026-08-07T01:29:28.989Z","296928323","v0.3.0","stable","2026-03-14T01:15:44Z","false","373491420","CMTrace-Open_0.3.0_arm64.msi","2026-03-14T01:25:04Z","2026-03-14T01:25:04Z","4583424","application/octet-stream","179","1","windows","arm64","full","msi","manual-only","current"
"2026-08-07T01:29:28.989Z","296928323","v0.3.0","stable","2026-03-14T01:15:44Z","false","373491418","CMTrace-Open_0.3.0_arm64.exe","2026-03-14T01:25:04Z","2026-03-14T01:25:05Z","12186576","application/x-msdownload","1","0","windows","arm64","full","portable-exe","manual-only","current"
"2026-08-07T01:29:28.989Z","296928323","v0.3.0","stable","2026-03-14T01:15:44Z","false","373491517","CMTrace-Open_0.3.0_x64.msi","2026-03-14T01:25:15Z","2026-03-14T01:25:16Z","4857856","application/octet-stream","180","1","windows","x64","full","msi","manual-only","current"
"2026-08-07T01:29:28.989Z","296928323","v0.3.0","stable","2026-03-14T01:15:44Z","false","373491518","CMTrace-Open_0.3.0_x64.exe","2026-03-14T01:25:15Z","2026-03-14T01:25:16Z","14774736","application/x-msdownload","8","0","windows","x64","full","portable-exe","manual-only","current"
"2026-08-07T01:29:28.989Z","297729884","v0.4.0","stable","2026-03-17T00:50:20Z","false","375377287","CMTrace.Open_0.4.0_amd64.AppImage","2026-03-17T00:57:01Z","2026-03-17T00:57:03Z","78551544","application/zip","1","0","linux","x64","full","appimage","mixed-manual-update","current"
"2026-08-07T01:29:28.989Z","297729884","v0.4.0","stable","2026-03-17T00:50:20Z","false","375377278","CMTrace.Open_0.4.0_amd64.deb","2026-03-17T00:56:59Z","2026-03-17T00:57:00Z","6049952","application/zip","1","0","linux","x64","full","deb","manual-only","current"
"2026-08-07T01:29:28.989Z","297729884","v0.4.0","stable","2026-03-17T00:50:20Z","false","375377283","CMTrace.Open-0.4.0-1.x86_64.rpm","2026-03-17T00:57:00Z","2026-03-17T00:57:00Z","6052458","application/zip","1","0","linux","x64","full","rpm","manual-only","current"
"2026-08-07T01:29:28.989Z","297729884","v0.4.0","stable","2026-03-17T00:50:20Z","false","375375889","CMTrace.Open_0.4.0_aarch64.dmg","2026-03-17T00:53:43Z","2026-03-17T00:53:45Z","5782025","application/zip","3","0","macos","arm64","full","dmg","manual-only","current"
"2026-08-07T01:29:28.989Z","297729884","v0.4.0","stable","2026-03-17T00:50:20Z","false","375375904","CMTrace.Open_aarch64.app.tar.gz","2026-03-17T00:53:45Z","2026-03-17T00:53:46Z","5514834","application/zip","2","0","unknown","unknown","unknown","unknown","unknown","current"
"2026-08-07T01:29:28.989Z","297729884","v0.4.0","stable","2026-03-17T00:50:20Z","false","375380083","CMTrace-Open_0.4.0_arm64.msi","2026-03-17T01:02:23Z","2026-03-17T01:02:24Z","5804032","application/octet-stream","186","1","windows","arm64","full","msi","manual-only","current"
"2026-08-07T01:29:28.989Z","297729884","v0.4.0","stable","2026-03-17T00:50:20Z","false","375380084","CMTrace-Open_0.4.0_arm64.exe","2026-03-17T01:02:23Z","2026-03-17T01:02:24Z","14653912","application/x-msdownload","3","0","windows","arm64","full","portable-exe","manual-only","current"
"2026-08-07T01:29:28.989Z","297729884","v0.4.0","stable","2026-03-17T00:50:20Z","false","375380288","CMTrace-Open_0.4.0_x64.msi","2026-03-17T01:02:48Z","2026-03-17T01:02:49Z","6164480","application/octet-stream","233","3","windows","x64","full","msi","manual-only","current"
"2026-08-07T01:29:28.989Z","297729884","v0.4.0","stable","2026-03-17T00:50:20Z","false","375380287","CMTrace-Open_0.4.0_x64.exe","2026-03-17T01:02:48Z","2026-03-17T01:02:49Z","17716184","application/x-msdownload","14","0","windows","x64","full","portable-exe","manual-only","current"
"2026-08-07T01:29:28.989Z","299814348","v0.5.0","stable","2026-03-21T22:26:25Z","false","378764533","CMTrace.Open_0.5.0_amd64.AppImage","2026-03-21T22:30:12Z","2026-03-21T22:30:14Z","79059448","application/zip","5","0","linux","x64","full","appimage","mixed-manual-update","current"
"2026-08-07T01:29:28.989Z","299814348","v0.5.0","stable","2026-03-21T22:26:25Z","false","378764515","CMTrace.Open_0.5.0_amd64.deb","2026-03-21T22:30:11Z","2026-03-21T22:30:11Z","6571584","application/zip","2","0","linux","x64","full","deb","manual-only","current"
"2026-08-07T01:29:28.989Z","299814348","v0.5.0","stable","2026-03-21T22:26:25Z","false","378764524","CMTrace.Open-0.5.0-1.x86_64.rpm","2026-03-21T22:30:11Z","2026-03-21T22:30:12Z","6572029","application/zip","4","0","linux","x64","full","rpm","manual-only","current"
"2026-08-07T01:29:28.989Z","299814348","v0.5.0","stable","2026-03-21T22:26:25Z","false","378763719","CMTrace.Open_0.5.0_aarch64.dmg","2026-03-21T22:27:45Z","2026-03-21T22:27:46Z","10870548","application/zip","5","0","macos","arm64","full","dmg","manual-only","current"
"2026-08-07T01:29:28.989Z","299814348","v0.5.0","stable","2026-03-21T22:26:25Z","false","378763725","CMTrace.Open_aarch64.app.tar.gz","2026-03-21T22:27:46Z","2026-03-21T22:27:47Z","8298964","application/zip","4","0","unknown","unknown","unknown","unknown","unknown","current"
"2026-08-07T01:29:28.989Z","299814348","v0.5.0","stable","2026-03-21T22:26:25Z","false","378766583","CMTrace-Open_0.5.0_arm64.msi","2026-03-21T22:36:14Z","2026-03-21T22:36:15Z","6168576","application/octet-stream","175","1","windows","arm64","full","msi","manual-only","current"
"2026-08-07T01:29:28.989Z","299814348","v0.5.0","stable","2026-03-21T22:26:25Z","false","378766582","CMTrace-Open_0.5.0_arm64.exe","2026-03-21T22:36:14Z","2026-03-21T22:36:15Z","15104112","application/x-msdownload","176","1","windows","arm64","full","portable-exe","manual-only","current"
"2026-08-07T01:29:28.989Z","299814348","v0.5.0","stable","2026-03-21T22:26:25Z","false","378766808","CMTrace-Open_0.5.0_x64.msi","2026-03-21T22:37:00Z","2026-03-21T22:37:01Z","6516736","application/octet-stream","186","3","windows","x64","full","msi","manual-only","current"
"2026-08-07T01:29:28.989Z","299814348","v0.5.0","stable","2026-03-21T22:26:25Z","false","378766807","CMTrace-Open_0.5.0_x64.exe","2026-03-21T22:37:00Z","2026-03-21T22:37:01Z","18155472","application/x-msdownload","183","1","windows","x64","full","portable-exe","manual-only","current"
"2026-08-07T01:29:28.989Z","299921491","v0.5.1","stable","2026-03-22T16:06:43Z","false","379164768","CMTrace.Open_0.5.1_amd64.AppImage","2026-03-22T16:08:23Z","2026-03-22T16:08:26Z","79063544","application/zip","3","0","linux","x64","full","appimage","mixed-manual-update","current"
"2026-08-07T01:29:28.989Z","299921491","v0.5.1","stable","2026-03-22T16:06:43Z","false","379164751","CMTrace.Open_0.5.1_amd64.deb","2026-03-22T16:08:20Z","2026-03-22T16:08:21Z","6570130","application/zip","2","0","linux","x64","full","deb","manual-only","current"
"2026-08-07T01:29:28.989Z","299921491","v0.5.1","stable","2026-03-22T16:06:43Z","false","379164755","CMTrace.Open-0.5.1-1.x86_64.rpm","2026-03-22T16:08:21Z","2026-03-22T16:08:22Z","6570873","application/zip","2","0","linux","x64","full","rpm","manual-only","current"
"2026-08-07T01:29:28.989Z","299921491","v0.5.1","stable","2026-03-22T16:06:43Z","false","379164148","CMTrace.Open_0.5.1_aarch64.dmg","2026-03-22T16:06:44Z","2026-03-22T16:06:45Z","10884213","application/zip","24","0","macos","arm64","full","dmg","manual-only","current"
"2026-08-07T01:29:28.989Z","299921491","v0.5.1","stable","2026-03-22T16:06:43Z","false","379164158","CMTrace.Open_aarch64.app.tar.gz","2026-03-22T16:06:46Z","2026-03-22T16:06:47Z","8304539","application/zip","1","0","unknown","unknown","unknown","unknown","unknown","current"
"2026-08-07T01:29:28.989Z","299921491","v0.5.1","stable","2026-03-22T16:06:43Z","false","379166318","CMTrace-Open_0.5.1_arm64.msi","2026-03-22T16:13:02Z","2026-03-22T16:13:03Z","6172672","application/octet-stream","211","1","windows","arm64","full","msi","manual-only","current"
"2026-08-07T01:29:28.989Z","299921491","v0.5.1","stable","2026-03-22T16:06:43Z","false","379166317","CMTrace-Open_0.5.1_arm64.exe","2026-03-22T16:13:02Z","2026-03-22T16:13:03Z","15104984","application/x-msdownload","178","1","windows","arm64","full","portable-exe","manual-only","current"
"2026-08-07T01:29:28.989Z","299921491","v0.5.1","stable","2026-03-22T16:06:43Z","false","379165928","CMTrace-Open_0.5.1_x64.msi","2026-03-22T16:12:07Z","2026-03-22T16:12:08Z","6516736","application/octet-stream","408","3","windows","x64","full","msi","manual-only","current"
"2026-08-07T01:29:28.989Z","299921491","v0.5.1","stable","2026-03-22T16:06:43Z","false","379165927","CMTrace-Open_0.5.1_x64.exe","2026-03-22T16:12:07Z","2026-03-22T16:12:08Z","18155480","application/x-msdownload","336","1","windows","x64","full","portable-exe","manual-only","current"
"2026-08-07T01:29:28.989Z","301211821","v0.6.0","stable","2026-03-25T13:36:59Z","true","381283331","CMTrace.Open_0.6.0_amd64.AppImage","2026-03-25T13:44:14Z","2026-03-25T13:44:16Z","79231480","application/zip","1","0","linux","x64","full","appimage","mixed-manual-update","current"
"2026-08-07T01:29:28.989Z","301211821","v0.6.0","stable","2026-03-25T13:36:59Z","true","381283316","CMTrace.Open_0.6.0_amd64.deb","2026-03-25T13:44:13Z","2026-03-25T13:44:13Z","6752466","application/zip","1","0","linux","x64","full","deb","manual-only","current"
"2026-08-07T01:29:28.989Z","301211821","v0.6.0","stable","2026-03-25T13:36:59Z","true","381283322","CMTrace.Open-0.6.0-1.x86_64.rpm","2026-03-25T13:44:13Z","2026-03-25T13:44:14Z","6752049","application/zip","1","0","linux","x64","full","rpm","manual-only","current"
"2026-08-07T01:29:28.989Z","301211821","v0.6.0","stable","2026-03-25T13:36:59Z","true","381283140","CMTrace.Open_0.6.0_aarch64.dmg","2026-03-25T13:43:57Z","2026-03-25T13:43:59Z","11040265","application/zip","3","0","macos","arm64","full","dmg","manual-only","current"
"2026-08-07T01:29:28.989Z","301211821","v0.6.0","stable","2026-03-25T13:36:59Z","true","381283178","CMTrace.Open_aarch64.app.tar.gz","2026-03-25T13:43:59Z","2026-03-25T13:44:09Z","8460067","application/zip","1","0","unknown","unknown","unknown","unknown","unknown","current"
"2026-08-07T01:29:28.989Z","301211821","v0.6.0","stable","2026-03-25T13:36:59Z","true","381286962","CMTrace-Open_0.6.0_arm64.msi","2026-03-25T13:48:50Z","2026-03-25T13:48:51Z","6303744","application/octet-stream","3","0","windows","arm64","full","msi","manual-only","current"
"2026-08-07T01:29:28.989Z","301211821","v0.6.0","stable","2026-03-25T13:36:59Z","true","381286965","CMTrace-Open_0.6.0_arm64.exe","2026-03-25T13:48:50Z","2026-03-25T13:48:51Z","15447000","application/x-msdownload","2","0","windows","arm64","full","portable-exe","manual-only","current"
"2026-08-07T01:29:28.989Z","301211821","v0.6.0","stable","2026-03-25T13:36:59Z","true","381287012","CMTrace-Open_0.6.0_x64.msi","2026-03-25T13:48:55Z","2026-03-25T13:48:56Z","6664192","application/octet-stream","12","0","windows","x64","full","msi","manual-only","current"
"2026-08-07T01:29:28.989Z","301211821","v0.6.0","stable","2026-03-25T13:36:59Z","true","381287011","CMTrace-Open_0.6.0_x64.exe","2026-03-25T13:48:55Z","2026-03-25T13:48:56Z","18597336","application/x-msdownload","26","0","windows","x64","full","portable-exe","manual-only","current"
"2026-08-07T01:29:28.989Z","303720209","v0.6.0-pre1","stable","2026-03-31T13:54:22Z","false","385570118","CMTrace.Open_0.6.0-pre1_aarch64.dmg","2026-03-31T13:56:21Z","2026-03-31T13:56:22Z","11046612","application/zip","1","0","unknown","unknown","unknown","unknown","unknown","current"
"2026-08-07T01:29:28.989Z","303720209","v0.6.0-pre1","stable","2026-03-31T13:54:22Z","false","385570129","CMTrace.Open_aarch64.app.tar.gz","2026-03-31T13:56:23Z","2026-03-31T13:56:24Z","8465785","application/zip","1","0","unknown","unknown","unknown","unknown","unknown","current"
"2026-08-07T01:29:28.989Z","303720209","v0.6.0-pre1","stable","2026-03-31T13:54:22Z","false","385571622","CMTrace.Open_0.6.0-pre1_amd64.deb","2026-03-31T13:58:45Z","2026-03-31T13:58:46Z","6752652","application/zip","1","0","unknown","unknown","unknown","unknown","unknown","current"
"2026-08-07T01:29:28.989Z","303720209","v0.6.0-pre1","stable","2026-03-31T13:54:22Z","false","385571631","CMTrace.Open-0.6.0-pre1-1.x86_64.rpm","2026-03-31T13:58:46Z","2026-03-31T13:58:46Z","6753182","application/zip","1","0","unknown","unknown","unknown","unknown","unknown","current"
"2026-08-07T01:29:28.989Z","303720209","v0.6.0-pre1","stable","2026-03-31T13:54:22Z","false","385571636","CMTrace.Open_0.6.0-pre1_amd64.AppImage","2026-03-31T13:58:47Z","2026-03-31T13:58:49Z","79239672","application/zip","1","0","unknown","unknown","unknown","unknown","unknown","current"
"2026-08-07T01:29:28.989Z","302767781","v1.0.0","stable","2026-03-28T23:54:27Z","false","383767335","CMTrace.Open_1.0.0_amd64.AppImage","2026-03-29T00:00:47Z","2026-03-29T00:00:50Z","79264248","application/zip","1","0","linux","x64","full","appimage","mixed-manual-update","current"
"2026-08-07T01:29:28.989Z","302767781","v1.0.0","stable","2026-03-28T23:54:27Z","false","383767327","CMTrace.Open_1.0.0_amd64.deb","2026-03-29T00:00:46Z","2026-03-29T00:00:46Z","6783656","application/zip","1","0","linux","x64","full","deb","manual-only","current"
"2026-08-07T01:29:28.989Z","302767781","v1.0.0","stable","2026-03-28T23:54:27Z","false","383767329","CMTrace.Open-1.0.0-1.x86_64.rpm","2026-03-29T00:00:47Z","2026-03-29T00:00:47Z","6786219","application/zip","1","0","linux","x64","full","rpm","manual-only","current"
"2026-08-07T01:29:28.989Z","302767781","v1.0.0","stable","2026-03-28T23:54:27Z","false","383766725","CMTrace.Open_1.0.0_aarch64.dmg","2026-03-28T23:58:55Z","2026-03-28T23:58:56Z","11097274","application/zip","5","0","macos","arm64","full","dmg","manual-only","current"
"2026-08-07T01:29:28.989Z","302767781","v1.0.0","stable","2026-03-28T23:54:27Z","false","383766735","CMTrace.Open_aarch64.app.tar.gz","2026-03-28T23:58:57Z","2026-03-28T23:58:58Z","8507265","application/zip","2","0","unknown","unknown","unknown","unknown","unknown","current"
"2026-08-07T01:29:28.989Z","302767781","v1.0.0","stable","2026-03-28T23:54:27Z","false","383768562","CMTrace-Open_1.0.0_arm64.msi","2026-03-29T00:04:50Z","2026-03-29T00:04:51Z","6447104","application/octet-stream","180","1","windows","arm64","full","msi","manual-only","current"
"2026-08-07T01:29:28.989Z","302767781","v1.0.0","stable","2026-03-28T23:54:27Z","false","383768563","CMTrace-Open_1.0.0_arm64.exe","2026-03-29T00:04:50Z","2026-03-29T00:04:52Z","15914456","application/x-msdownload","174","1","windows","arm64","full","portable-exe","manual-only","current"
"2026-08-07T01:29:28.989Z","302767781","v1.0.0","stable","2026-03-28T23:54:27Z","false","383768990","CMTrace-Open_1.0.0_x64.msi","2026-03-29T00:05:57Z","2026-03-29T00:05:58Z","6819840","application/octet-stream","232","3","windows","x64","full","msi","manual-only","current"
"2026-08-07T01:29:28.989Z","302767781","v1.0.0","stable","2026-03-28T23:54:27Z","false","383768989","CMTrace-Open_1.0.0_x64.exe","2026-03-29T00:05:57Z","2026-03-29T00:05:58Z","19135960","application/x-msdownload","232","1","windows","x64","full","portable-exe","manual-only","current"
"2026-08-07T01:29:28.989Z","302774559","v1.0.1","stable","2026-03-29T01:05:41Z","false","383793279","CMTrace.Open_1.0.1_amd64.AppImage","2026-03-29T01:10:08Z","2026-03-29T01:10:11Z","79256056","application/zip","1","0","linux","x64","full","appimage","mixed-manual-update","current"
"2026-08-07T01:29:28.989Z","302774559","v1.0.1","stable","2026-03-29T01:05:41Z","false","383793269","CMTrace.Open_1.0.1_amd64.deb","2026-03-29T01:10:07Z","2026-03-29T01:10:07Z","6783374","application/zip","2","0","linux","x64","full","deb","manual-only","current"
"2026-08-07T01:29:28.989Z","302774559","v1.0.1","stable","2026-03-29T01:05:41Z","false","383793272","CMTrace.Open-1.0.1-1.x86_64.rpm","2026-03-29T01:10:08Z","2026-03-29T01:10:08Z","6786282","application/zip","1","0","linux","x64","full","rpm","manual-only","current"
"2026-08-07T01:29:28.989Z","302774559","v1.0.1","stable","2026-03-29T01:05:41Z","false","383792717","CMTrace.Open_1.0.1_aarch64.dmg","2026-03-29T01:08:44Z","2026-03-29T01:08:45Z","11079666","application/zip","5","0","macos","arm64","full","dmg","manual-only","current"
"2026-08-07T01:29:28.989Z","302774559","v1.0.1","stable","2026-03-29T01:05:41Z","false","383792724","CMTrace.Open_aarch64.app.tar.gz","2026-03-29T01:08:45Z","2026-03-29T01:08:46Z","8491875","application/zip","1","0","unknown","unknown","unknown","unknown","unknown","current"
"2026-08-07T01:29:28.989Z","302774559","v1.0.1","stable","2026-03-29T01:05:41Z","false","383796202","CMTrace-Open_1.0.1_arm64.msi","2026-03-29T01:17:59Z","2026-03-29T01:18:00Z","6451200","application/octet-stream","182","1","windows","arm64","full","msi","manual-only","current"
"2026-08-07T01:29:28.989Z","302774559","v1.0.1","stable","2026-03-29T01:05:41Z","false","383796201","CMTrace-Open_1.0.1_arm64.exe","2026-03-29T01:17:59Z","2026-03-29T01:18:00Z","15914456","application/x-msdownload","180","1","windows","arm64","full","portable-exe","manual-only","current"
"2026-08-07T01:29:28.989Z","302774559","v1.0.1","stable","2026-03-29T01:05:41Z","false","383795544","CMTrace-Open_1.0.1_x64.msi","2026-03-29T01:16:41Z","2026-03-29T01:16:41Z","6823936","application/octet-stream","243","3","windows","x64","full","msi","manual-only","current"
"2026-08-07T01:29:28.989Z","302774559","v1.0.1","stable","2026-03-29T01:05:41Z","false","383795543","CMTrace-Open_1.0.1_x64.exe","2026-03-29T01:16:41Z","2026-03-29T01:16:42Z","19135960","application/x-msdownload","206","1","windows","x64","full","portable-exe","manual-only","current"
"2026-08-07T01:29:28.989Z","302924813","v1.0.2","stable","2026-03-29T23:12:22Z","false","384262167","latest.json","2026-03-29T23:25:17Z","2026-03-29T23:25:17Z","1379","application/json","170","0","cross-platform","unknown","not-applicable","updater-manifest","updater-only","current"
"2026-08-07T01:29:28.989Z","302924813","v1.0.2","stable","2026-03-29T23:12:22Z","false","384261988","CMTrace-Open_1.0.2_arm64.msi","2026-03-29T23:24:51Z","2026-03-29T23:24:52Z","7114752","application/octet-stream","181","1","windows","arm64","full","msi","manual-only","current"
"2026-08-07T01:29:28.989Z","302924813","v1.0.2","stable","2026-03-29T23:12:22Z","false","384261987","CMTrace-Open_1.0.2_arm64-setup.exe","2026-03-29T23:24:51Z","2026-03-29T23:24:52Z","4757848","application/x-msdownload","183","1","windows","arm64","full","nsis-setup","mixed-manual-update","current"
"2026-08-07T01:29:28.989Z","302924813","v1.0.2","stable","2026-03-29T23:12:22Z","false","384261989","CMTrace-Open_1.0.2_arm64.exe","2026-03-29T23:24:51Z","2026-03-29T23:24:53Z","17584592","application/x-msdownload","177","1","windows","arm64","full","portable-exe","manual-only","current"
"2026-08-07T01:29:28.989Z","302924813","v1.0.2","stable","2026-03-29T23:12:22Z","false","384261723","CMTrace-Open_1.0.2_x64.msi","2026-03-29T23:24:01Z","2026-03-29T23:24:02Z","7516160","application/octet-stream","326","1","windows","x64","full","msi","manual-only","current"
"2026-08-07T01:29:28.989Z","302924813","v1.0.2","stable","2026-03-29T23:12:22Z","false","384261724","CMTrace-Open_1.0.2_x64-setup.exe","2026-03-29T23:24:01Z","2026-03-29T23:24:01Z","5313704","application/x-msdownload","231","3","windows","x64","full","nsis-setup","mixed-manual-update","current"
"2026-08-07T01:29:28.989Z","302924813","v1.0.2","stable","2026-03-29T23:12:22Z","false","384261722","CMTrace-Open_1.0.2_x64.exe","2026-03-29T23:24:01Z","2026-03-29T23:24:02Z","21092304","application/x-msdownload","271","1","windows","x64","full","portable-exe","manual-only","current"
"2026-08-07T01:29:28.989Z","303746720","v1.0.3","stable","2026-03-31T15:46:15Z","false","385631179","latest.json","2026-03-31T15:42:08Z","2026-03-31T15:42:08Z","5216","application/json","610","0","cross-platform","unknown","not-applicable","updater-manifest","updater-only","current"
"2026-08-07T01:29:28.989Z","303746720","v1.0.3","stable","2026-03-31T15:46:15Z","false","385626475","CMTrace.Open_1.0.3_amd64.AppImage","2026-03-31T15:33:28Z","2026-03-31T15:33:32Z","80566776","application/zip","3","0","linux","x64","full","appimage","mixed-manual-update","current"
"2026-08-07T01:29:28.989Z","303746720","v1.0.3","stable","2026-03-31T15:46:15Z","false","385626431","CMTrace.Open_1.0.3_amd64.deb","2026-03-31T15:33:24Z","2026-03-31T15:33:24Z","8262694","application/zip","2","0","linux","x64","full","deb","manual-only","current"
"2026-08-07T01:29:28.989Z","303746720","v1.0.3","stable","2026-03-31T15:46:15Z","false","385626449","CMTrace.Open-1.0.3-1.x86_64.rpm","2026-03-31T15:33:26Z","2026-03-31T15:33:27Z","8263791","application/zip","2","0","linux","x64","full","rpm","manual-only","current"
"2026-08-07T01:29:28.989Z","303746720","v1.0.3","stable","2026-03-31T15:46:15Z","false","385626440","CMTrace.Open_1.0.3_amd64.deb.sig","2026-03-31T15:33:25Z","2026-03-31T15:33:25Z","420","application/zip","0","0","linux","x64","full","signature","supporting-file","current"
"2026-08-07T01:29:28.989Z","303746720","v1.0.3","stable","2026-03-31T15:46:15Z","false","385626467","CMTrace.Open-1.0.3-1.x86_64.rpm.sig","2026-03-31T15:33:27Z","2026-03-31T15:33:28Z","424","application/zip","1","0","linux","x64","full","signature","supporting-file","current"
"2026-08-07T01:29:28.989Z","303746720","v1.0.3","stable","2026-03-31T15:46:15Z","false","385626505","CMTrace.Open_1.0.3_amd64.AppImage.sig","2026-03-31T15:33:32Z","2026-03-31T15:33:33Z","424","application/zip","0","0","linux","x64","full","signature","supporting-file","current"
"2026-08-07T01:29:28.989Z","303746720","v1.0.3","stable","2026-03-31T15:46:15Z","false","385626126","CMTrace.Open_1.0.3_aarch64.dmg","2026-03-31T15:32:46Z","2026-03-31T15:32:47Z","9016206","application/zip","11","0","macos","arm64","full","dmg","manual-only","current"
"2026-08-07T01:29:28.989Z","303746720","v1.0.3","stable","2026-03-31T15:46:15Z","false","385626165","CMTrace.Open_aarch64.app.tar.gz.sig","2026-03-31T15:32:50Z","2026-03-31T15:32:50Z","412","application/zip","0","0","unknown","unknown","unknown","signature","supporting-file","current"
"2026-08-07T01:29:28.989Z","303746720","v1.0.3","stable","2026-03-31T15:46:15Z","false","385626148","CMTrace.Open_aarch64.app.tar.gz","2026-03-31T15:32:48Z","2026-03-31T15:32:49Z","8406121","application/zip","2","0","unknown","unknown","unknown","unknown","unknown","current"
"2026-08-07T01:29:28.989Z","303746720","v1.0.3","stable","2026-03-31T15:46:15Z","false","385631148","CMTrace-Open_1.0.3_arm64.msi","2026-03-31T15:42:03Z","2026-03-31T15:42:04Z","10887168","application/octet-stream","9","0","windows","arm64","full","msi","manual-only","current"
"2026-08-07T01:29:28.989Z","303746720","v1.0.3","stable","2026-03-31T15:46:15Z","false","385631150","CMTrace-Open_1.0.3_arm64-setup.exe","2026-03-31T15:42:03Z","2026-03-31T15:42:04Z","4773880","application/x-msdownload","2","0","windows","arm64","full","nsis-setup","mixed-manual-update","current"
"2026-08-07T01:29:28.989Z","303746720","v1.0.3","stable","2026-03-31T15:46:15Z","false","385631146","CMTrace-Open_1.0.3_arm64.exe","2026-03-31T15:42:03Z","2026-03-31T15:42:04Z","17607640","application/x-msdownload","6","0","windows","arm64","full","portable-exe","manual-only","current"
"2026-08-07T01:29:28.989Z","303746720","v1.0.3","stable","2026-03-31T15:46:15Z","false","385631147","CMTrace-Open-Lite_1.0.3_arm64.exe","2026-03-31T15:42:03Z","2026-03-31T15:42:04Z","15125976","application/x-msdownload","4","0","windows","arm64","lite","portable-exe","manual-only","current"
"2026-08-07T01:29:28.989Z","303746720","v1.0.3","stable","2026-03-31T15:46:15Z","false","385631048","CMTrace-Open_1.0.3_x64.msi","2026-03-31T15:41:44Z","2026-03-31T15:41:45Z","11563008","application/octet-stream","88","0","windows","x64","full","msi","manual-only","current"
"2026-08-07T01:29:28.989Z","303746720","v1.0.3","stable","2026-03-31T15:46:15Z","false","385631046","CMTrace-Open_1.0.3_x64-setup.exe","2026-03-31T15:41:44Z","2026-03-31T15:41:44Z","5312536","application/x-msdownload","53","0","windows","x64","full","nsis-setup","mixed-manual-update","current"
"2026-08-07T01:29:28.989Z","303746720","v1.0.3","stable","2026-03-31T15:46:15Z","false","385631045","CMTrace-Open_1.0.3_x64.exe","2026-03-31T15:41:44Z","2026-03-31T15:41:45Z","21145560","application/x-msdownload","74","0","windows","x64","full","portable-exe","manual-only","current"
"2026-08-07T01:29:28.989Z","303746720","v1.0.3","stable","2026-03-31T15:46:15Z","false","385631047","CMTrace-Open-Lite_1.0.3_x64.exe","2026-03-31T15:41:44Z","2026-03-31T15:41:45Z","18149848","application/x-msdownload","48","0","windows","x64","lite","portable-exe","manual-only","current"
"2026-08-07T01:29:28.989Z","305463109","v1.1.0","stable","2026-04-05T19:36:11Z","false","389499929","latest.json","2026-04-05T19:29:33Z","2026-04-05T19:29:33Z","5217","application/json","1672","0","cross-platform","unknown","not-applicable","updater-manifest","updater-only","current"
"2026-08-07T01:29:28.989Z","305463109","v1.1.0","stable","2026-04-05T19:36:11Z","false","389495988","CMTrace.Open_1.1.0_amd64.AppImage","2026-04-05T19:20:25Z","2026-04-05T19:20:28Z","80804344","application/zip","3","0","linux","x64","full","appimage","mixed-manual-update","current"
"2026-08-07T01:29:28.989Z","305463109","v1.1.0","stable","2026-04-05T19:36:11Z","false","389495958","CMTrace.Open_1.1.0_amd64.deb","2026-04-05T19:20:22Z","2026-04-05T19:20:23Z","8537936","application/zip","3","1","linux","x64","full","deb","manual-only","current"
"2026-08-07T01:29:28.989Z","305463109","v1.1.0","stable","2026-04-05T19:36:11Z","false","389495969","CMTrace.Open-1.1.0-1.x86_64.rpm","2026-04-05T19:20:24Z","2026-04-05T19:20:25Z","8537023","application/zip","5","0","linux","x64","full","rpm","manual-only","current"
"2026-08-07T01:29:28.989Z","305463109","v1.1.0","stable","2026-04-05T19:36:11Z","false","389495965","CMTrace.Open_1.1.0_amd64.deb.sig","2026-04-05T19:20:23Z","2026-04-05T19:20:23Z","420","application/zip","0","0","linux","x64","full","signature","supporting-file","current"
"2026-08-07T01:29:28.989Z","305463109","v1.1.0","stable","2026-04-05T19:36:11Z","false","389495983","CMTrace.Open-1.1.0-1.x86_64.rpm.sig","2026-04-05T19:20:25Z","2026-04-05T19:20:25Z","424","application/zip","1","0","linux","x64","full","signature","supporting-file","current"
"2026-08-07T01:29:28.989Z","305463109","v1.1.0","stable","2026-04-05T19:36:11Z","false","389496003","CMTrace.Open_1.1.0_amd64.AppImage.sig","2026-04-05T19:20:29Z","2026-04-05T19:20:29Z","424","application/zip","0","0","linux","x64","full","signature","supporting-file","current"
"2026-08-07T01:29:28.989Z","305463109","v1.1.0","stable","2026-04-05T19:36:11Z","false","389495848","CMTrace.Open_1.1.0_aarch64.dmg","2026-04-05T19:20:07Z","2026-04-05T19:20:07Z","9278272","application/zip","25","0","macos","arm64","full","dmg","manual-only","current"
"2026-08-07T01:29:28.989Z","305463109","v1.1.0","stable","2026-04-05T19:36:11Z","false","389495874","CMTrace.Open_aarch64.app.tar.gz.sig","2026-04-05T19:20:09Z","2026-04-05T19:20:09Z","412","application/zip","0","0","unknown","unknown","unknown","signature","supporting-file","current"
"2026-08-07T01:29:28.989Z","305463109","v1.1.0","stable","2026-04-05T19:36:11Z","false","389495867","CMTrace.Open_aarch64.app.tar.gz","2026-04-05T19:20:08Z","2026-04-05T19:20:08Z","8661211","application/zip","2","0","unknown","unknown","unknown","unknown","unknown","current"
"2026-08-07T01:29:28.989Z","305463109","v1.1.0","stable","2026-04-05T19:36:11Z","false","389499523","CMTrace-Open_1.1.0_arm64.msi","2026-04-05T19:28:45Z","2026-04-05T19:28:46Z","11464704","application/octet-stream","238","1","windows","arm64","full","msi","manual-only","current"
"2026-08-07T01:29:28.989Z","305463109","v1.1.0","stable","2026-04-05T19:36:11Z","false","389499522","CMTrace-Open_1.1.0_arm64-setup.exe","2026-04-05T19:28:45Z","2026-04-05T19:28:46Z","5006312","application/x-msdownload","9","0","windows","arm64","full","nsis-setup","mixed-manual-update","current"
"2026-08-07T01:29:28.989Z","305463109","v1.1.0","stable","2026-04-05T19:36:11Z","false","389499520","CMTrace-Open_1.1.0_arm64.exe","2026-04-05T19:28:45Z","2026-04-05T19:28:46Z","18353264","application/x-msdownload","194","1","windows","arm64","full","portable-exe","manual-only","current"
"2026-08-07T01:29:28.989Z","305463109","v1.1.0","stable","2026-04-05T19:36:11Z","false","389499521","CMTrace-Open-Lite_1.1.0_arm64.exe","2026-04-05T19:28:45Z","2026-04-05T19:28:46Z","15809136","application/x-msdownload","9","0","windows","arm64","lite","portable-exe","manual-only","current"
"2026-08-07T01:29:28.989Z","305463109","v1.1.0","stable","2026-04-05T19:36:11Z","false","389499895","CMTrace-Open_1.1.0_x64.msi","2026-04-05T19:29:28Z","2026-04-05T19:29:29Z","12173312","application/octet-stream","518","1","windows","x64","full","msi","manual-only","current"
"2026-08-07T01:29:28.989Z","305463109","v1.1.0","stable","2026-04-05T19:36:11Z","false","389499893","CMTrace-Open_1.1.0_x64-setup.exe","2026-04-05T19:29:28Z","2026-04-05T19:29:29Z","5568512","application/x-msdownload","152","0","windows","x64","full","nsis-setup","mixed-manual-update","current"
"2026-08-07T01:29:28.989Z","305463109","v1.1.0","stable","2026-04-05T19:36:11Z","false","389499891","CMTrace-Open_1.1.0_x64.exe","2026-04-05T19:29:28Z","2026-04-05T19:29:31Z","21914576","application/x-msdownload","501","2","windows","x64","full","portable-exe","manual-only","current"
"2026-08-07T01:29:28.989Z","305463109","v1.1.0","stable","2026-04-05T19:36:11Z","false","389499892","CMTrace-Open-Lite_1.1.0_x64.exe","2026-04-05T19:29:28Z","2026-04-05T19:29:29Z","18890712","application/x-msdownload","128","0","windows","x64","lite","portable-exe","manual-only","current"
"2026-08-07T01:29:28.989Z","309102232","v1.2.0","stable","2026-04-15T00:57:51Z","false","396602289","sbom-npm.cdx.json","2026-04-15T00:11:54Z","2026-04-15T00:11:55Z","436385","application/json","0","0","cross-platform","unknown","not-applicable","sbom","supporting-file","current"
"2026-08-07T01:29:28.989Z","309102232","v1.2.0","stable","2026-04-15T00:57:51Z","false","396602290","sbom-rust.cdx.json","2026-04-15T00:11:54Z","2026-04-15T00:11:55Z","578147","application/json","0","0","cross-platform","unknown","not-applicable","sbom","supporting-file","current"
"2026-08-07T01:29:28.989Z","309102232","v1.2.0","stable","2026-04-15T00:57:51Z","false","396608892","latest.json","2026-04-15T00:24:48Z","2026-04-15T00:24:49Z","5216","application/json","688","0","cross-platform","unknown","not-applicable","updater-manifest","updater-only","current"
"2026-08-07T01:29:28.989Z","309102232","v1.2.0","stable","2026-04-15T00:57:51Z","false","396602260","CMTrace.Open_1.2.0_amd64.AppImage","2026-04-15T00:11:48Z","2026-04-15T00:11:51Z","80968184","application/zip","3","0","linux","x64","full","appimage","mixed-manual-update","current"
"2026-08-07T01:29:28.989Z","309102232","v1.2.0","stable","2026-04-15T00:57:51Z","false","396602243","CMTrace.Open_1.2.0_amd64.deb","2026-04-15T00:11:46Z","2026-04-15T00:11:46Z","8698934","application/zip","2","0","linux","x64","full","deb","manual-only","current"
"2026-08-07T01:29:28.989Z","309102232","v1.2.0","stable","2026-04-15T00:57:51Z","false","396602255","CMTrace.Open-1.2.0-1.x86_64.rpm","2026-04-15T00:11:47Z","2026-04-15T00:11:48Z","8697863","application/zip","1","0","linux","x64","full","rpm","manual-only","current"
"2026-08-07T01:29:28.989Z","309102232","v1.2.0","stable","2026-04-15T00:57:51Z","false","396602248","CMTrace.Open_1.2.0_amd64.deb.sig","2026-04-15T00:11:47Z","2026-04-15T00:11:47Z","420","application/zip","0","0","linux","x64","full","signature","supporting-file","current"
"2026-08-07T01:29:28.989Z","309102232","v1.2.0","stable","2026-04-15T00:57:51Z","false","396602258","CMTrace.Open-1.2.0-1.x86_64.rpm.sig","2026-04-15T00:11:48Z","2026-04-15T00:11:48Z","424","application/zip","0","0","linux","x64","full","signature","supporting-file","current"
"2026-08-07T01:29:28.989Z","309102232","v1.2.0","stable","2026-04-15T00:57:51Z","false","396602274","CMTrace.Open_1.2.0_amd64.AppImage.sig","2026-04-15T00:11:51Z","2026-04-15T00:11:51Z","424","application/zip","0","0","linux","x64","full","signature","supporting-file","current"
"2026-08-07T01:29:28.989Z","309102232","v1.2.0","stable","2026-04-15T00:57:51Z","false","396601981","CMTrace.Open_1.2.0_aarch64.dmg","2026-04-15T00:11:16Z","2026-04-15T00:11:17Z","9442894","application/zip","14","0","macos","arm64","full","dmg","manual-only","current"
"2026-08-07T01:29:28.989Z","309102232","v1.2.0","stable","2026-04-15T00:57:51Z","false","396601998","CMTrace.Open_aarch64.app.tar.gz.sig","2026-04-15T00:11:18Z","2026-04-15T00:11:19Z","412","application/zip","0","0","unknown","unknown","unknown","signature","supporting-file","current"
"2026-08-07T01:29:28.989Z","309102232","v1.2.0","stable","2026-04-15T00:57:51Z","false","396601987","CMTrace.Open_aarch64.app.tar.gz","2026-04-15T00:11:17Z","2026-04-15T00:11:18Z","8840265","application/zip","4","0","unknown","unknown","unknown","unknown","unknown","current"
"2026-08-07T01:29:28.989Z","309102232","v1.2.0","stable","2026-04-15T00:57:51Z","false","396608854","CMTrace-Open_1.2.0_arm64.msi","2026-04-15T00:24:44Z","2026-04-15T00:24:45Z","11857920","application/octet-stream","192","1","windows","arm64","full","msi","manual-only","current"
"2026-08-07T01:29:28.989Z","309102232","v1.2.0","stable","2026-04-15T00:57:51Z","false","396608871","CMTrace-Open_1.2.0_arm64-setup.exe","2026-04-15T00:24:44Z","2026-04-15T00:24:45Z","5188496","application/x-msdownload","4","0","windows","arm64","full","nsis-setup","mixed-manual-update","current"
"2026-08-07T01:29:28.989Z","309102232","v1.2.0","stable","2026-04-15T00:57:51Z","false","396608870","CMTrace-Open-Lite_1.2.0_arm64.exe","2026-04-15T00:24:44Z","2026-04-15T00:24:45Z","16160536","application/x-msdownload","6","0","windows","arm64","lite","portable-exe","manual-only","current"
"2026-08-07T01:29:28.989Z","309102232","v1.2.0","stable","2026-04-15T00:57:51Z","false","396608872","CMTrace-Open_1.2.0_arm64.exe","2026-04-15T00:24:44Z","2026-04-15T00:24:45Z","18808088","application/x-msdownload","178","1","windows","arm64","full","portable-exe","manual-only","current"
"2026-08-07T01:29:28.989Z","309102232","v1.2.0","stable","2026-04-15T00:57:51Z","false","396607888","CMTrace-Open_1.2.0_x64.msi","2026-04-15T00:22:51Z","2026-04-15T00:22:51Z","12615680","application/octet-stream","328","1","windows","x64","full","msi","manual-only","current"
"2026-08-07T01:29:28.989Z","309102232","v1.2.0","stable","2026-04-15T00:57:51Z","false","396607887","CMTrace-Open_1.2.0_x64-setup.exe","2026-04-15T00:22:51Z","2026-04-15T00:22:51Z","5774888","application/x-msdownload","108","0","windows","x64","full","nsis-setup","mixed-manual-update","current"
"2026-08-07T01:29:28.989Z","309102232","v1.2.0","stable","2026-04-15T00:57:51Z","false","396607886","CMTrace-Open_1.2.0_x64.exe","2026-04-15T00:22:51Z","2026-04-15T00:22:52Z","22539544","application/x-msdownload","293","2","windows","x64","full","portable-exe","manual-only","current"
"2026-08-07T01:29:28.989Z","309102232","v1.2.0","stable","2026-04-15T00:57:51Z","false","396607889","CMTrace-Open-Lite_1.2.0_x64.exe","2026-04-15T00:22:51Z","2026-04-15T00:22:52Z","19392792","application/x-msdownload","33","0","windows","x64","lite","portable-exe","manual-only","current"
"2026-08-07T01:29:28.989Z","311375312","v1.2.1","stable","2026-04-20T19:56:59Z","false","400989268","sbom-rust.cdx.json","2026-04-20T19:51:41Z","2026-04-20T19:51:41Z","511607","application/json","1","0","cross-platform","unknown","not-applicable","sbom","supporting-file","current"
"2026-08-07T01:29:28.989Z","311375312","v1.2.1","stable","2026-04-20T19:56:59Z","false","400989269","sbom-npm.cdx.json","2026-04-20T19:51:41Z","2026-04-20T19:51:41Z","437360","application/json","0","0","cross-platform","unknown","not-applicable","sbom","supporting-file","current"
"2026-08-07T01:29:28.989Z","311375312","v1.2.1","stable","2026-04-20T19:56:59Z","false","400989219","latest.json","2026-04-20T19:51:37Z","2026-04-20T19:51:37Z","5175","application/zip","1994","0","cross-platform","unknown","not-applicable","updater-manifest","updater-only","current"
"2026-08-07T01:29:28.989Z","311375312","v1.2.1","stable","2026-04-20T19:56:59Z","false","400969884","CMTrace.Open_1.2.1_amd64.AppImage","2026-04-20T19:18:36Z","2026-04-20T19:18:38Z","80951800","application/zip","2","0","linux","x64","full","appimage","mixed-manual-update","current"
"2026-08-07T01:29:28.989Z","311375312","v1.2.1","stable","2026-04-20T19:56:59Z","false","400969867","CMTrace.Open_1.2.1_amd64.deb","2026-04-20T19:18:33Z","2026-04-20T19:18:34Z","8671810","application/zip","5","0","linux","x64","full","deb","manual-only","current"
"2026-08-07T01:29:28.989Z","311375312","v1.2.1","stable","2026-04-20T19:56:59Z","false","400969879","CMTrace.Open-1.2.1-1.x86_64.rpm","2026-04-20T19:18:34Z","2026-04-20T19:18:35Z","8674474","application/zip","1","0","linux","x64","full","rpm","manual-only","current"
"2026-08-07T01:29:28.989Z","311375312","v1.2.1","stable","2026-04-20T19:56:59Z","false","400969874","CMTrace.Open_1.2.1_amd64.deb.sig","2026-04-20T19:18:34Z","2026-04-20T19:18:34Z","420","application/zip","0","0","linux","x64","full","signature","supporting-file","current"
"2026-08-07T01:29:28.989Z","311375312","v1.2.1","stable","2026-04-20T19:56:59Z","false","400969882","CMTrace.Open-1.2.1-1.x86_64.rpm.sig","2026-04-20T19:18:35Z","2026-04-20T19:18:36Z","424","application/zip","1","0","linux","x64","full","signature","supporting-file","current"
"2026-08-07T01:29:28.989Z","311375312","v1.2.1","stable","2026-04-20T19:56:59Z","false","400969903","CMTrace.Open_1.2.1_amd64.AppImage.sig","2026-04-20T19:18:39Z","2026-04-20T19:18:39Z","424","application/zip","0","0","linux","x64","full","signature","supporting-file","current"
"2026-08-07T01:29:28.989Z","311375312","v1.2.1","stable","2026-04-20T19:56:59Z","false","400989184","CMTrace.Open_1.2.1_aarch64.dmg","2026-04-20T19:51:33Z","2026-04-20T19:51:34Z","9417250","application/zip","17","0","macos","arm64","full","dmg","manual-only","current"
"2026-08-07T01:29:28.989Z","311375312","v1.2.1","stable","2026-04-20T19:56:59Z","false","400989201","CMTrace.Open_aarch64.app.tar.gz.sig","2026-04-20T19:51:35Z","2026-04-20T19:51:35Z","412","application/zip","0","0","unknown","unknown","unknown","signature","supporting-file","current"
"2026-08-07T01:29:28.989Z","311375312","v1.2.1","stable","2026-04-20T19:56:59Z","false","400989192","CMTrace.Open_aarch64.app.tar.gz","2026-04-20T19:51:34Z","2026-04-20T19:51:35Z","8813671","application/zip","8","0","unknown","unknown","unknown","unknown","unknown","current"
"2026-08-07T01:29:28.989Z","311375312","v1.2.1","stable","2026-04-20T19:56:59Z","false","400977315","CMTrace-Open_1.2.1_arm64.msi","2026-04-20T19:29:50Z","2026-04-20T19:29:51Z","11882496","application/octet-stream","213","1","windows","arm64","full","msi","manual-only","current"
"2026-08-07T01:29:28.989Z","311375312","v1.2.1","stable","2026-04-20T19:56:59Z","false","400977313","CMTrace-Open_1.2.1_arm64-setup.exe","2026-04-20T19:29:50Z","2026-04-20T19:29:51Z","5211800","application/x-msdownload","13","0","windows","arm64","full","nsis-setup","mixed-manual-update","current"
"2026-08-07T01:29:28.989Z","311375312","v1.2.1","stable","2026-04-20T19:56:59Z","false","400977314","CMTrace-Open_1.2.1_arm64.exe","2026-04-20T19:29:50Z","2026-04-20T19:29:52Z","18842904","application/x-msdownload","184","1","windows","arm64","full","portable-exe","manual-only","current"
"2026-08-07T01:29:28.989Z","311375312","v1.2.1","stable","2026-04-20T19:56:59Z","false","400977316","CMTrace-Open-Lite_1.2.1_arm64.exe","2026-04-20T19:29:50Z","2026-04-20T19:29:51Z","16101656","application/x-msdownload","12","0","windows","arm64","lite","portable-exe","manual-only","current"
"2026-08-07T01:29:28.989Z","311375312","v1.2.1","stable","2026-04-20T19:56:59Z","false","400977336","CMTrace-Open_1.2.1_x64.msi","2026-04-20T19:29:52Z","2026-04-20T19:29:52Z","12640256","application/octet-stream","479","1","windows","x64","full","msi","manual-only","current"
"2026-08-07T01:29:28.989Z","311375312","v1.2.1","stable","2026-04-20T19:56:59Z","false","400977334","CMTrace-Open_1.2.1_x64-setup.exe","2026-04-20T19:29:52Z","2026-04-20T19:29:52Z","5782704","application/x-msdownload","216","0","windows","x64","full","nsis-setup","mixed-manual-update","current"
"2026-08-07T01:29:28.989Z","311375312","v1.2.1","stable","2026-04-20T19:56:59Z","false","400977335","CMTrace-Open-Lite_1.2.1_x64.exe","2026-04-20T19:29:52Z","2026-04-20T19:29:53Z","19296536","application/x-msdownload","82","0","windows","x64","lite","portable-exe","manual-only","current"
"2026-08-07T01:29:28.989Z","311375312","v1.2.1","stable","2026-04-20T19:56:59Z","false","400977337","CMTrace-Open_1.2.1_x64.exe","2026-04-20T19:29:52Z","2026-04-20T19:29:53Z","22601496","application/x-msdownload","1860","2","windows","x64","full","portable-exe","manual-only","current"
"2026-08-07T01:29:28.989Z","316931617","v1.3.0","stable","2026-05-03T22:30:55Z","false","411362076","sbom-rust.cdx.json","2026-05-03T22:20:11Z","2026-05-03T22:20:11Z","567934","application/json","0","0","cross-platform","unknown","not-applicable","sbom","supporting-file","current"
"2026-08-07T01:29:28.989Z","316931617","v1.3.0","stable","2026-05-03T22:30:55Z","false","411362077","sbom-npm.cdx.json","2026-05-03T22:20:11Z","2026-05-03T22:20:11Z","439364","application/json","0","0","cross-platform","unknown","not-applicable","sbom","supporting-file","current"
"2026-08-07T01:29:28.989Z","316931617","v1.3.0","stable","2026-05-03T22:30:55Z","false","411365211","latest.json","2026-05-03T22:28:13Z","2026-05-03T22:28:13Z","5217","application/json","677","0","cross-platform","unknown","not-applicable","updater-manifest","updater-only","current"
"2026-08-07T01:29:28.989Z","316931617","v1.3.0","stable","2026-05-03T22:30:55Z","false","411362041","CMTrace.Open_1.3.0_amd64.AppImage","2026-05-03T22:20:04Z","2026-05-03T22:20:06Z","81185272","application/zip","5","0","linux","x64","full","appimage","mixed-manual-update","current"
"2026-08-07T01:29:28.989Z","316931617","v1.3.0","stable","2026-05-03T22:30:55Z","false","411362020","CMTrace.Open_1.3.0_amd64.deb","2026-05-03T22:20:01Z","2026-05-03T22:20:02Z","8977438","application/zip","4","0","linux","x64","full","deb","manual-only","current"
"2026-08-07T01:29:28.989Z","316931617","v1.3.0","stable","2026-05-03T22:30:55Z","false","411362034","CMTrace.Open-1.3.0-1.x86_64.rpm","2026-05-03T22:20:03Z","2026-05-03T22:20:03Z","8978253","application/zip","3","0","linux","x64","full","rpm","manual-only","current"
"2026-08-07T01:29:28.989Z","316931617","v1.3.0","stable","2026-05-03T22:30:55Z","false","411362030","CMTrace.Open_1.3.0_amd64.deb.sig","2026-05-03T22:20:02Z","2026-05-03T22:20:02Z","420","application/zip","0","0","linux","x64","full","signature","supporting-file","current"
"2026-08-07T01:29:28.989Z","316931617","v1.3.0","stable","2026-05-03T22:30:55Z","false","411362039","CMTrace.Open-1.3.0-1.x86_64.rpm.sig","2026-05-03T22:20:04Z","2026-05-03T22:20:04Z","424","application/zip","0","0","linux","x64","full","signature","supporting-file","current"
"2026-08-07T01:29:28.989Z","316931617","v1.3.0","stable","2026-05-03T22:30:55Z","false","411362058","CMTrace.Open_1.3.0_amd64.AppImage.sig","2026-05-03T22:20:06Z","2026-05-03T22:20:07Z","424","application/zip","0","0","linux","x64","full","signature","supporting-file","current"
"2026-08-07T01:29:28.989Z","316931617","v1.3.0","stable","2026-05-03T22:30:55Z","false","411361919","CMTrace.Open_1.3.0_aarch64.dmg","2026-05-03T22:19:32Z","2026-05-03T22:19:33Z","9657138","application/zip","9","0","macos","arm64","full","dmg","manual-only","current"
"2026-08-07T01:29:28.989Z","316931617","v1.3.0","stable","2026-05-03T22:30:55Z","false","411361925","CMTrace.Open_aarch64.app.tar.gz.sig","2026-05-03T22:19:34Z","2026-05-03T22:19:34Z","412","application/zip","0","0","unknown","unknown","unknown","signature","supporting-file","current"
"2026-08-07T01:29:28.989Z","316931617","v1.3.0","stable","2026-05-03T22:30:55Z","false","411361922","CMTrace.Open_aarch64.app.tar.gz","2026-05-03T22:19:33Z","2026-05-03T22:19:34Z","9054415","application/zip","5","0","unknown","unknown","unknown","unknown","unknown","current"
"2026-08-07T01:29:28.989Z","316931617","v1.3.0","stable","2026-05-03T22:30:55Z","false","411365195","CMTrace-Open_1.3.0_arm64.msi","2026-05-03T22:28:10Z","2026-05-03T22:28:11Z","12218368","application/octet-stream","168","1","windows","arm64","full","msi","manual-only","current"
"2026-08-07T01:29:28.989Z","316931617","v1.3.0","stable","2026-05-03T22:30:55Z","false","411365193","CMTrace-Open_1.3.0_arm64-setup.exe","2026-05-03T22:28:10Z","2026-05-03T22:28:11Z","5344896","application/x-msdownload","9","0","windows","arm64","full","nsis-setup","mixed-manual-update","current"
"2026-08-07T01:29:28.989Z","316931617","v1.3.0","stable","2026-05-03T22:30:55Z","false","411365192","CMTrace-Open-Lite_1.3.0_arm64.exe","2026-05-03T22:28:10Z","2026-05-03T22:28:11Z","16760088","application/x-msdownload","9","0","windows","arm64","lite","portable-exe","manual-only","current"
"2026-08-07T01:29:28.989Z","316931617","v1.3.0","stable","2026-05-03T22:30:55Z","false","411365194","CMTrace-Open_1.3.0_arm64.exe","2026-05-03T22:28:10Z","2026-05-03T22:28:11Z","19493144","application/x-msdownload","152","1","windows","arm64","full","portable-exe","manual-only","current"
"2026-08-07T01:29:28.989Z","316931617","v1.3.0","stable","2026-05-03T22:30:55Z","false","411364992","CMTrace-Open_1.3.0_x64.msi","2026-05-03T22:27:34Z","2026-05-03T22:27:35Z","12992512","application/octet-stream","304","1","windows","x64","full","msi","manual-only","current"
"2026-08-07T01:29:28.989Z","316931617","v1.3.0","stable","2026-05-03T22:30:55Z","false","411364990","CMTrace-Open_1.3.0_x64-setup.exe","2026-05-03T22:27:34Z","2026-05-03T22:27:34Z","5950416","application/x-msdownload","86","0","windows","x64","full","nsis-setup","mixed-manual-update","current"
"2026-08-07T01:29:28.989Z","316931617","v1.3.0","stable","2026-05-03T22:30:55Z","false","411364991","CMTrace-Open_1.3.0_x64.exe","2026-05-03T22:27:34Z","2026-05-03T22:27:35Z","23457560","application/x-msdownload","1752","2","windows","x64","full","portable-exe","manual-only","current"
"2026-08-07T01:29:28.989Z","316931617","v1.3.0","stable","2026-05-03T22:30:55Z","false","411364993","CMTrace-Open-Lite_1.3.0_x64.exe","2026-05-03T22:27:34Z","2026-05-03T22:27:35Z","20102936","application/x-msdownload","55","0","windows","x64","lite","portable-exe","manual-only","current"
"2026-08-07T01:29:28.989Z","318727875","v1.3.1","stable","2026-05-07T03:12:57Z","false","414046644","sbom-npm.cdx.json","2026-05-07T03:00:09Z","2026-05-07T03:00:10Z","439364","application/json","0","0","cross-platform","unknown","not-applicable","sbom","supporting-file","current"
"2026-08-07T01:29:28.989Z","318727875","v1.3.1","stable","2026-05-07T03:12:57Z","false","414046645","sbom-rust.cdx.json","2026-05-07T03:00:09Z","2026-05-07T03:00:10Z","560240","application/json","0","0","cross-platform","unknown","not-applicable","sbom","supporting-file","current"
"2026-08-07T01:29:28.989Z","318727875","v1.3.1","stable","2026-05-07T03:12:57Z","false","414053033","latest.json","2026-05-07T03:11:09Z","2026-05-07T03:11:09Z","5217","application/json","829","0","cross-platform","unknown","not-applicable","updater-manifest","updater-only","current"
"2026-08-07T01:29:28.989Z","318727875","v1.3.1","stable","2026-05-07T03:12:57Z","false","414046534","CMTrace.Open_1.3.1_amd64.AppImage","2026-05-07T03:00:01Z","2026-05-07T03:00:04Z","82876920","application/zip","3","0","linux","x64","full","appimage","mixed-manual-update","current"
"2026-08-07T01:29:28.989Z","318727875","v1.3.1","stable","2026-05-07T03:12:57Z","false","414046505","CMTrace.Open_1.3.1_amd64.deb","2026-05-07T02:59:57Z","2026-05-07T02:59:58Z","8969736","application/zip","5","0","linux","x64","full","deb","manual-only","current"
"2026-08-07T01:29:28.989Z","318727875","v1.3.1","stable","2026-05-07T03:12:57Z","false","414046523","CMTrace.Open-1.3.1-1.x86_64.rpm","2026-05-07T02:59:59Z","2026-05-07T03:00:00Z","8970043","application/zip","4","0","linux","x64","full","rpm","manual-only","current"
"2026-08-07T01:29:28.989Z","318727875","v1.3.1","stable","2026-05-07T03:12:57Z","false","414046518","CMTrace.Open_1.3.1_amd64.deb.sig","2026-05-07T02:59:58Z","2026-05-07T02:59:59Z","420","application/zip","0","0","linux","x64","full","signature","supporting-file","current"
"2026-08-07T01:29:28.989Z","318727875","v1.3.1","stable","2026-05-07T03:12:57Z","false","414046531","CMTrace.Open-1.3.1-1.x86_64.rpm.sig","2026-05-07T03:00:00Z","2026-05-07T03:00:00Z","424","application/zip","0","0","linux","x64","full","signature","supporting-file","current"
"2026-08-07T01:29:28.989Z","318727875","v1.3.1","stable","2026-05-07T03:12:57Z","false","414046570","CMTrace.Open_1.3.1_amd64.AppImage.sig","2026-05-07T03:00:04Z","2026-05-07T03:00:04Z","424","application/zip","0","0","linux","x64","full","signature","supporting-file","current"
"2026-08-07T01:29:28.989Z","318727875","v1.3.1","stable","2026-05-07T03:12:57Z","false","414046179","CMTrace.Open_1.3.1_aarch64.dmg","2026-05-07T02:59:19Z","2026-05-07T02:59:20Z","9650216","application/zip","9","0","macos","arm64","full","dmg","manual-only","current"
"2026-08-07T01:29:28.989Z","318727875","v1.3.1","stable","2026-05-07T03:12:57Z","false","414046211","CMTrace.Open_aarch64.app.tar.gz.sig","2026-05-07T02:59:21Z","2026-05-07T02:59:22Z","412","application/zip","0","0","unknown","unknown","unknown","signature","supporting-file","current"
"2026-08-07T01:29:28.989Z","318727875","v1.3.1","stable","2026-05-07T03:12:57Z","false","414046194","CMTrace.Open_aarch64.app.tar.gz","2026-05-07T02:59:20Z","2026-05-07T02:59:21Z","9046481","application/zip","4","0","unknown","unknown","unknown","unknown","unknown","current"
"2026-08-07T01:29:28.989Z","318727875","v1.3.1","stable","2026-05-07T03:12:57Z","false","414052973","CMTrace-Open_1.3.1_arm64.msi","2026-05-07T03:11:04Z","2026-05-07T03:11:05Z","12197888","application/octet-stream","172","1","windows","arm64","full","msi","manual-only","current"
"2026-08-07T01:29:28.989Z","318727875","v1.3.1","stable","2026-05-07T03:12:57Z","false","414052977","CMTrace-Open_1.3.1_arm64-setup.exe","2026-05-07T03:11:04Z","2026-05-07T03:11:05Z","5335112","application/x-msdownload","10","0","windows","arm64","full","nsis-setup","mixed-manual-update","current"
"2026-08-07T01:29:28.989Z","318727875","v1.3.1","stable","2026-05-07T03:12:57Z","false","414052972","CMTrace-Open-Lite_1.3.1_arm64.exe","2026-05-07T03:11:04Z","2026-05-07T03:11:06Z","16740112","application/x-msdownload","4","0","windows","arm64","lite","portable-exe","manual-only","current"
"2026-08-07T01:29:28.989Z","318727875","v1.3.1","stable","2026-05-07T03:12:57Z","false","414052976","CMTrace-Open_1.3.1_arm64.exe","2026-05-07T03:11:04Z","2026-05-07T03:11:06Z","19476760","application/x-msdownload","148","1","windows","arm64","full","portable-exe","manual-only","current"
"2026-08-07T01:29:28.989Z","318727875","v1.3.1","stable","2026-05-07T03:12:57Z","false","414052699","CMTrace-Open_1.3.1_x64.msi","2026-05-07T03:10:33Z","2026-05-07T03:10:34Z","12976128","application/octet-stream","312","1","windows","x64","full","msi","manual-only","current"
"2026-08-07T01:29:28.989Z","318727875","v1.3.1","stable","2026-05-07T03:12:57Z","false","414052697","CMTrace-Open_1.3.1_x64-setup.exe","2026-05-07T03:10:33Z","2026-05-07T03:10:34Z","5922520","application/x-msdownload","109","0","windows","x64","full","nsis-setup","mixed-manual-update","current"
"2026-08-07T01:29:28.989Z","318727875","v1.3.1","stable","2026-05-07T03:12:57Z","false","414052698","CMTrace-Open_1.3.1_x64.exe","2026-05-07T03:10:33Z","2026-05-07T03:10:35Z","23428376","application/x-msdownload","1692","2","windows","x64","full","portable-exe","manual-only","current"
"2026-08-07T01:29:28.989Z","318727875","v1.3.1","stable","2026-05-07T03:12:57Z","false","414052700","CMTrace-Open-Lite_1.3.1_x64.exe","2026-05-07T03:10:33Z","2026-05-07T03:10:35Z","20077848","application/x-msdownload","44","0","windows","x64","lite","portable-exe","manual-only","current"
"2026-08-07T01:29:28.989Z","320866230","v1.3.2","stable","2026-05-12T01:01:57Z","false","417918293","sbom-npm.cdx.json","2026-05-12T00:48:30Z","2026-05-12T00:48:30Z","439364","application/json","3","0","cross-platform","unknown","not-applicable","sbom","supporting-file","current"
"2026-08-07T01:29:28.989Z","320866230","v1.3.2","stable","2026-05-12T01:01:57Z","false","417918294","sbom-rust.cdx.json","2026-05-12T00:48:30Z","2026-05-12T00:48:30Z","561154","application/json","0","0","cross-platform","unknown","not-applicable","sbom","supporting-file","current"
"2026-08-07T01:29:28.989Z","320866230","v1.3.2","stable","2026-05-12T01:01:57Z","false","417923498","latest.json","2026-05-12T00:59:44Z","2026-05-12T00:59:44Z","5217","application/json","5564","0","cross-platform","unknown","not-applicable","updater-manifest","updater-only","current"
"2026-08-07T01:29:28.989Z","320866230","v1.3.2","stable","2026-05-12T01:01:57Z","false","417918085","CMTrace.Open_1.3.2_amd64.AppImage","2026-05-12T00:48:20Z","2026-05-12T00:48:24Z","82856440","application/zip","9","0","linux","x64","full","appimage","mixed-manual-update","current"
"2026-08-07T01:29:28.989Z","320866230","v1.3.2","stable","2026-05-12T01:01:57Z","false","417918071","CMTrace.Open_1.3.2_amd64.deb","2026-05-12T00:48:17Z","2026-05-12T00:48:18Z","8961460","application/zip","12","0","linux","x64","full","deb","manual-only","current"
"2026-08-07T01:29:28.989Z","320866230","v1.3.2","stable","2026-05-12T01:01:57Z","false","417918081","CMTrace.Open-1.3.2-1.x86_64.rpm","2026-05-12T00:48:19Z","2026-05-12T00:48:19Z","8963180","application/zip","6","0","linux","x64","full","rpm","manual-only","current"
"2026-08-07T01:29:28.989Z","320866230","v1.3.2","stable","2026-05-12T01:01:57Z","false","417918076","CMTrace.Open_1.3.2_amd64.deb.sig","2026-05-12T00:48:18Z","2026-05-12T00:48:19Z","420","application/zip","0","0","linux","x64","full","signature","supporting-file","current"
"2026-08-07T01:29:28.989Z","320866230","v1.3.2","stable","2026-05-12T01:01:57Z","false","417918084","CMTrace.Open-1.3.2-1.x86_64.rpm.sig","2026-05-12T00:48:20Z","2026-05-12T00:48:20Z","424","application/zip","1","0","linux","x64","full","signature","supporting-file","current"
"2026-08-07T01:29:28.989Z","320866230","v1.3.2","stable","2026-05-12T01:01:57Z","false","417918111","CMTrace.Open_1.3.2_amd64.AppImage.sig","2026-05-12T00:48:24Z","2026-05-12T00:48:25Z","424","application/zip","1","0","linux","x64","full","signature","supporting-file","current"
"2026-08-07T01:29:28.989Z","320866230","v1.3.2","stable","2026-05-12T01:01:57Z","false","417917784","CMTrace.Open_1.3.2_aarch64.dmg","2026-05-12T00:47:45Z","2026-05-12T00:47:46Z","9643590","application/zip","86","0","macos","arm64","full","dmg","manual-only","current"
"2026-08-07T01:29:28.989Z","320866230","v1.3.2","stable","2026-05-12T01:01:57Z","false","417917799","CMTrace.Open_aarch64.app.tar.gz.sig","2026-05-12T00:47:48Z","2026-05-12T00:47:48Z","412","application/zip","0","0","unknown","unknown","unknown","signature","supporting-file","current"
"2026-08-07T01:29:28.989Z","320866230","v1.3.2","stable","2026-05-12T01:01:57Z","false","417917794","CMTrace.Open_aarch64.app.tar.gz","2026-05-12T00:47:47Z","2026-05-12T00:47:47Z","9040977","application/zip","18","0","unknown","unknown","unknown","unknown","unknown","current"
"2026-08-07T01:29:28.989Z","320866230","v1.3.2","stable","2026-05-12T01:01:57Z","false","417923480","CMTrace-Open_1.3.2_arm64.msi","2026-05-12T00:59:40Z","2026-05-12T00:59:41Z","12464128","application/octet-stream","371","2","windows","arm64","full","msi","manual-only","current"
"2026-08-07T01:29:28.989Z","320866230","v1.3.2","stable","2026-05-12T01:01:57Z","false","417923478","CMTrace-Open_1.3.2_arm64-setup.exe","2026-05-12T00:59:40Z","2026-05-12T00:59:41Z","5331448","application/x-msdownload","42","0","windows","arm64","full","nsis-setup","mixed-manual-update","current"
"2026-08-07T01:29:28.989Z","320866230","v1.3.2","stable","2026-05-12T01:01:57Z","false","417923477","CMTrace-Open-Lite_1.3.2_arm64.exe","2026-05-12T00:59:40Z","2026-05-12T00:59:41Z","16735000","application/x-msdownload","34","0","windows","arm64","lite","portable-exe","manual-only","current"
"2026-08-07T01:29:28.989Z","320866230","v1.3.2","stable","2026-05-12T01:01:57Z","false","417923479","CMTrace-Open_1.3.2_arm64.exe","2026-05-12T00:59:40Z","2026-05-12T00:59:42Z","19430680","application/x-msdownload","226","1","windows","arm64","full","portable-exe","manual-only","current"
"2026-08-07T01:29:28.989Z","320866230","v1.3.2","stable","2026-05-12T01:01:57Z","false","417923339","CMTrace-Open_1.3.2_x64.msi","2026-05-12T00:59:19Z","2026-05-12T00:59:20Z","13254656","application/octet-stream","1293","2","windows","x64","full","msi","manual-only","current"
"2026-08-07T01:29:28.989Z","320866230","v1.3.2","stable","2026-05-12T01:01:57Z","false","417923340","CMTrace-Open_1.3.2_x64-setup.exe","2026-05-12T00:59:19Z","2026-05-12T00:59:19Z","5940720","application/x-msdownload","628","0","windows","x64","full","nsis-setup","mixed-manual-update","current"
"2026-08-07T01:29:28.989Z","320866230","v1.3.2","stable","2026-05-12T01:01:57Z","false","417923337","CMTrace-Open_1.3.2_x64.exe","2026-05-12T00:59:19Z","2026-05-12T00:59:20Z","23451928","application/x-msdownload","4103","2","windows","x64","full","portable-exe","manual-only","current"
"2026-08-07T01:29:28.989Z","320866230","v1.3.2","stable","2026-05-12T01:01:57Z","false","417923338","CMTrace-Open-Lite_1.3.2_x64.exe","2026-05-12T00:59:19Z","2026-05-12T00:59:20Z","20091160","application/x-msdownload","320","0","windows","x64","lite","portable-exe","manual-only","current"
"2026-08-07T01:29:28.989Z","353303068","v1.4.0","stable","2026-07-13T17:35:54Z","false","475701317","sbom-rust.cdx.json","2026-07-13T17:05:33Z","2026-07-13T17:05:33Z","529835","application/json","1","0","cross-platform","unknown","not-applicable","sbom","supporting-file","current"
"2026-08-07T01:29:28.989Z","353303068","v1.4.0","stable","2026-07-13T17:35:54Z","false","475701320","sbom-npm.cdx.json","2026-07-13T17:05:33Z","2026-07-13T17:05:33Z","439408","application/json","1","0","cross-platform","unknown","not-applicable","sbom","supporting-file","current"
"2026-08-07T01:29:28.989Z","353303068","v1.4.0","stable","2026-07-13T17:35:54Z","false","475712003","latest.json","2026-07-13T17:16:41Z","2026-07-13T17:16:42Z","5090","application/json","883","0","cross-platform","unknown","not-applicable","updater-manifest","updater-only","current"
"2026-08-07T01:29:28.989Z","353303068","v1.4.0","stable","2026-07-13T17:35:54Z","false","475700424","CMTrace.Open_1.4.0_amd64.AppImage","2026-07-13T17:04:34Z","2026-07-13T17:04:37Z","82766328","application/zip","4","0","linux","x64","full","appimage","mixed-manual-update","current"
"2026-08-07T01:29:28.989Z","353303068","v1.4.0","stable","2026-07-13T17:35:54Z","false","475700347","CMTrace.Open_1.4.0_amd64.deb","2026-07-13T17:04:30Z","2026-07-13T17:04:32Z","8846378","application/zip","0","0","linux","x64","full","deb","manual-only","current"
"2026-08-07T01:29:28.989Z","353303068","v1.4.0","stable","2026-07-13T17:35:54Z","false","475700404","CMTrace.Open-1.4.0-1.x86_64.rpm","2026-07-13T17:04:33Z","2026-07-13T17:04:34Z","8847296","application/zip","0","0","linux","x64","full","rpm","manual-only","current"
"2026-08-07T01:29:28.989Z","353303068","v1.4.0","stable","2026-07-13T17:35:54Z","false","475700391","CMTrace.Open_1.4.0_amd64.deb.sig","2026-07-13T17:04:33Z","2026-07-13T17:04:33Z","420","application/zip","0","0","linux","x64","full","signature","supporting-file","current"
"2026-08-07T01:29:28.989Z","353303068","v1.4.0","stable","2026-07-13T17:35:54Z","false","475700416","CMTrace.Open-1.4.0-1.x86_64.rpm.sig","2026-07-13T17:04:34Z","2026-07-13T17:04:34Z","424","application/zip","1","0","linux","x64","full","signature","supporting-file","current"
"2026-08-07T01:29:28.989Z","353303068","v1.4.0","stable","2026-07-13T17:35:54Z","false","475700485","CMTrace.Open_1.4.0_amd64.AppImage.sig","2026-07-13T17:04:37Z","2026-07-13T17:04:37Z","424","application/zip","1","0","linux","x64","full","signature","supporting-file","current"
"2026-08-07T01:29:28.989Z","353303068","v1.4.0","stable","2026-07-13T17:35:54Z","false","475701213","CMTrace.Open_1.4.0_aarch64.dmg","2026-07-13T17:05:24Z","2026-07-13T17:05:25Z","9364364","application/zip","48","0","macos","arm64","full","dmg","manual-only","current"
"2026-08-07T01:29:28.989Z","353303068","v1.4.0","stable","2026-07-13T17:35:54Z","false","475701257","CMTrace.Open_1.4.0_aarch64.app.tar.gz.sig","2026-07-13T17:05:27Z","2026-07-13T17:05:27Z","412","application/zip","0","0","macos","arm64","full","signature","supporting-file","current"
"2026-08-07T01:29:28.989Z","353303068","v1.4.0","stable","2026-07-13T17:35:54Z","false","475701234","CMTrace.Open_1.4.0_aarch64.app.tar.gz","2026-07-13T17:05:26Z","2026-07-13T17:05:27Z","8769754","application/zip","3","0","macos","arm64","full","updater-archive","updater-only","current"
"2026-08-07T01:29:28.989Z","353303068","v1.4.0","stable","2026-07-13T17:35:54Z","false","475710706","CMTrace-Open_1.4.0_arm64.msi","2026-07-13T17:15:30Z","2026-07-13T17:15:31Z","12513280","application/octet-stream","110","2","windows","arm64","full","msi","manual-only","current"
"2026-08-07T01:29:28.989Z","353303068","v1.4.0","stable","2026-07-13T17:35:54Z","false","475710701","CMTrace-Open_1.4.0_arm64-setup.exe","2026-07-13T17:15:30Z","2026-07-13T17:15:31Z","5355952","application/x-msdownload","6","0","windows","arm64","full","nsis-setup","mixed-manual-update","current"
"2026-08-07T01:29:28.989Z","353303068","v1.4.0","stable","2026-07-13T17:35:54Z","false","475710700","CMTrace-Open_1.4.0_arm64.exe","2026-07-13T17:15:30Z","2026-07-13T17:15:31Z","19651328","application/x-msdownload","63","1","windows","arm64","full","portable-exe","manual-only","current"
"2026-08-07T01:29:28.989Z","353303068","v1.4.0","stable","2026-07-13T17:35:54Z","false","475710704","CMTrace-Open-Lite_1.4.0_arm64.exe","2026-07-13T17:15:30Z","2026-07-13T17:15:31Z","16974080","application/x-msdownload","2","0","windows","arm64","lite","portable-exe","manual-only","current"
"2026-08-07T01:29:28.989Z","353303068","v1.4.0","stable","2026-07-13T17:35:54Z","false","475711963","CMTrace-Open_1.4.0_x64.msi","2026-07-13T17:16:38Z","2026-07-13T17:16:39Z","13324288","application/octet-stream","512","3","windows","x64","full","msi","manual-only","current"
"2026-08-07T01:29:28.989Z","353303068","v1.4.0","stable","2026-07-13T17:35:54Z","false","475711961","CMTrace-Open_1.4.0_x64-setup.exe","2026-07-13T17:16:38Z","2026-07-13T17:16:39Z","5970216","application/x-msdownload","218","1","windows","x64","full","nsis-setup","mixed-manual-update","current"
"2026-08-07T01:29:28.989Z","353303068","v1.4.0","stable","2026-07-13T17:35:54Z","false","475711960","CMTrace-Open_1.4.0_x64.exe","2026-07-13T17:16:38Z","2026-07-13T17:16:39Z","23561984","application/x-msdownload","2179","2","windows","x64","full","portable-exe","manual-only","current"
"2026-08-07T01:29:28.989Z","353303068","v1.4.0","stable","2026-07-13T17:35:54Z","false","475711962","CMTrace-Open-Lite_1.4.0_x64.exe","2026-07-13T17:16:38Z","2026-07-13T17:16:39Z","20365568","application/x-msdownload","62","0","windows","x64","lite","portable-exe","manual-only","current"
"2026-08-07T01:29:28.989Z","360515491","v1.5.0","stable","2026-07-27T15:45:15Z","false","491603573","sbom-rust.cdx.json","2026-07-27T15:22:11Z","2026-07-27T15:22:12Z","561347","application/json","0","0","cross-platform","unknown","not-applicable","sbom","supporting-file","current"
"2026-08-07T01:29:28.989Z","360515491","v1.5.0","stable","2026-07-27T15:45:15Z","false","491603574","sbom-npm.cdx.json","2026-07-27T15:22:11Z","2026-07-27T15:22:11Z","439826","application/json","0","0","cross-platform","unknown","not-applicable","sbom","supporting-file","current"
"2026-08-07T01:29:28.989Z","360515491","v1.5.0","stable","2026-07-27T15:45:15Z","false","491613393","latest.json","2026-07-27T15:30:49Z","2026-07-27T15:30:49Z","5167","application/json","319","0","cross-platform","unknown","not-applicable","updater-manifest","updater-only","current"
"2026-08-07T01:29:28.989Z","360515491","v1.5.0","stable","2026-07-27T15:45:15Z","false","491603323","CMTrace.Open_1.5.0_amd64.AppImage","2026-07-27T15:22:00Z","2026-07-27T15:22:05Z","83839480","application/zip","1","0","linux","x64","full","appimage","mixed-manual-update","current"
"2026-08-07T01:29:28.989Z","360515491","v1.5.0","stable","2026-07-27T15:45:15Z","false","491603229","CMTrace.Open_1.5.0_amd64.deb","2026-07-27T15:21:56Z","2026-07-27T15:21:57Z","10066150","application/zip","0","0","linux","x64","full","deb","manual-only","current"
"2026-08-07T01:29:28.989Z","360515491","v1.5.0","stable","2026-07-27T15:45:15Z","false","491603267","CMTrace.Open-1.5.0-1.x86_64.rpm","2026-07-27T15:21:58Z","2026-07-27T15:21:59Z","10067372","application/zip","0","0","linux","x64","full","rpm","manual-only","current"
"2026-08-07T01:29:28.989Z","360515491","v1.5.0","stable","2026-07-27T15:45:15Z","false","491603253","CMTrace.Open_1.5.0_amd64.deb.sig","2026-07-27T15:21:58Z","2026-07-27T15:21:58Z","420","application/zip","0","0","linux","x64","full","signature","supporting-file","current"
"2026-08-07T01:29:28.989Z","360515491","v1.5.0","stable","2026-07-27T15:45:15Z","false","491603308","CMTrace.Open-1.5.0-1.x86_64.rpm.sig","2026-07-27T15:21:59Z","2026-07-27T15:21:59Z","424","application/zip","1","0","linux","x64","full","signature","supporting-file","current"
"2026-08-07T01:29:28.989Z","360515491","v1.5.0","stable","2026-07-27T15:45:15Z","false","491603465","CMTrace.Open_1.5.0_amd64.AppImage.sig","2026-07-27T15:22:05Z","2026-07-27T15:22:05Z","424","application/zip","0","0","linux","x64","full","signature","supporting-file","current"
"2026-08-07T01:29:28.989Z","360515491","v1.5.0","stable","2026-07-27T15:45:15Z","false","491598773","CMTrace.Open_1.5.0_aarch64.dmg","2026-07-27T15:17:57Z","2026-07-27T15:17:58Z","10435178","application/zip","102","1","macos","arm64","full","dmg","manual-only","current"
"2026-08-07T01:29:28.989Z","360515491","v1.5.0","stable","2026-07-27T15:45:15Z","false","491598841","CMTrace.Open_1.5.0_aarch64.app.tar.gz.sig","2026-07-27T15:18:00Z","2026-07-27T15:18:01Z","412","application/zip","0","0","macos","arm64","full","signature","supporting-file","current"
"2026-08-07T01:29:28.989Z","360515491","v1.5.0","stable","2026-07-27T15:45:15Z","false","491598818","CMTrace.Open_1.5.0_aarch64.app.tar.gz","2026-07-27T15:17:59Z","2026-07-27T15:18:00Z","9880286","application/zip","6","0","macos","arm64","full","updater-archive","updater-only","current"
"2026-08-07T01:29:28.989Z","360515491","v1.5.0","stable","2026-07-27T15:45:15Z","false","491613293","CMTrace-Open_1.5.0_arm64.msi","2026-07-27T15:30:45Z","2026-07-27T15:30:46Z","13815808","application/octet-stream","74","2","windows","arm64","full","msi","manual-only","current"
"2026-08-07T01:29:28.989Z","360515491","v1.5.0","stable","2026-07-27T15:45:15Z","false","491613285","CMTrace-Open_1.5.0_arm64-setup.exe","2026-07-27T15:30:45Z","2026-07-27T15:30:46Z","6262528","application/x-msdownload","0","0","windows","arm64","full","nsis-setup","mixed-manual-update","current"
"2026-08-07T01:29:28.989Z","360515491","v1.5.0","stable","2026-07-27T15:45:15Z","false","491613286","CMTrace-Open-Lite_1.5.0_arm64.exe","2026-07-27T15:30:45Z","2026-07-27T15:30:46Z","17466624","application/x-msdownload","3","0","windows","arm64","lite","portable-exe","manual-only","current"
"2026-08-07T01:29:28.989Z","360515491","v1.5.0","stable","2026-07-27T15:45:15Z","false","491613292","CMTrace-Open_1.5.0_arm64.exe","2026-07-27T15:30:45Z","2026-07-27T15:30:47Z","23038728","application/x-msdownload","67","1","windows","arm64","full","portable-exe","manual-only","current"
"2026-08-07T01:29:28.989Z","360515491","v1.5.0","stable","2026-07-27T15:45:15Z","false","491611415","CMTrace-Open_1.5.0_x64.msi","2026-07-27T15:28:49Z","2026-07-27T15:28:51Z","14725120","application/octet-stream","578","4","windows","x64","full","msi","manual-only","current"
"2026-08-07T01:29:28.989Z","360515491","v1.5.0","stable","2026-07-27T15:45:15Z","false","491611414","CMTrace-Open_1.5.0_x64-setup.exe","2026-07-27T15:28:49Z","2026-07-27T15:28:50Z","7014024","application/x-msdownload","72","0","windows","x64","full","nsis-setup","mixed-manual-update","current"
"2026-08-07T01:29:28.989Z","360515491","v1.5.0","stable","2026-07-27T15:45:15Z","false","491611412","CMTrace-Open_1.5.0_x64.exe","2026-07-27T15:28:49Z","2026-07-27T15:28:51Z","27650824","application/x-msdownload","1349","1","windows","x64","full","portable-exe","manual-only","current"
"2026-08-07T01:29:28.989Z","360515491","v1.5.0","stable","2026-07-27T15:45:15Z","false","491611413","CMTrace-Open-Lite_1.5.0_x64.exe","2026-07-27T15:28:49Z","2026-07-27T15:28:51Z","20919552","application/x-msdownload","316","0","windows","x64","lite","portable-exe","manual-only","current"
"2026-08-07T01:29:28.989Z","363858257","v1.5.1","stable","2026-08-02T18:16:28Z","false","499227748","sbom-rust.cdx.json","2026-08-02T19:58:56Z","2026-08-02T19:58:56Z","591905","application/json","0","0","cross-platform","unknown","not-applicable","sbom","supporting-file","current"
"2026-08-07T01:29:28.989Z","363858257","v1.5.1","stable","2026-08-02T18:16:28Z","false","499227749","sbom-npm.cdx.json","2026-08-02T19:58:56Z","2026-08-02T19:58:56Z","438310","application/json","0","0","cross-platform","unknown","not-applicable","sbom","supporting-file","current"
"2026-08-07T01:29:28.989Z","363858257","v1.5.1","stable","2026-08-02T18:16:28Z","false","499229073","latest.json","2026-08-02T20:00:54Z","2026-08-02T20:00:54Z","5061","application/json","357","107","cross-platform","unknown","not-applicable","updater-manifest","updater-only","current"
"2026-08-07T01:29:28.989Z","363858257","v1.5.1","stable","2026-08-02T18:16:28Z","false","499228871","CMTrace.Open_1.5.1_amd64.AppImage","2026-08-02T20:00:34Z","2026-08-02T20:00:37Z","84048376","application/octet-stream","7","0","linux","x64","full","appimage","mixed-manual-update","current"
"2026-08-07T01:29:28.989Z","363858257","v1.5.1","stable","2026-08-02T18:16:28Z","false","499228879","CMTrace.Open_1.5.1_amd64.deb","2026-08-02T20:00:35Z","2026-08-02T20:00:35Z","10260282","application/x-debian-package","1","0","linux","x64","full","deb","manual-only","current"
"2026-08-07T01:29:28.989Z","363858257","v1.5.1","stable","2026-08-02T18:16:28Z","false","499228861","CMTrace.Open-1.5.1-1.x86_64.rpm","2026-08-02T20:00:34Z","2026-08-02T20:00:35Z","10261933","application/x-rpm","0","0","linux","x64","full","rpm","manual-only","current"
"2026-08-07T01:29:28.989Z","363858257","v1.5.1","stable","2026-08-02T18:16:28Z","false","499228863","CMTrace.Open-1.5.1-1.x86_64.rpm.sig","2026-08-02T20:00:34Z","2026-08-02T20:00:34Z","424","application/pgp-signature","1","0","linux","x64","full","signature","supporting-file","current"
"2026-08-07T01:29:28.989Z","363858257","v1.5.1","stable","2026-08-02T18:16:28Z","false","499228870","CMTrace.Open_1.5.1_amd64.AppImage.sig","2026-08-02T20:00:34Z","2026-08-02T20:00:34Z","424","application/pgp-signature","0","0","linux","x64","full","signature","supporting-file","current"
"2026-08-07T01:29:28.989Z","363858257","v1.5.1","stable","2026-08-02T18:16:28Z","false","499228886","CMTrace.Open_1.5.1_amd64.deb.sig","2026-08-02T20:00:35Z","2026-08-02T20:00:35Z","420","application/pgp-signature","0","0","linux","x64","full","signature","supporting-file","current"
"2026-08-07T01:29:28.989Z","363858257","v1.5.1","stable","2026-08-02T18:16:28Z","false","499228864","CMTrace.Open_1.5.1_aarch64.dmg","2026-08-02T20:00:34Z","2026-08-02T20:00:35Z","10579690","application/x-apple-diskimage","84","9","macos","arm64","full","dmg","manual-only","current"
"2026-08-07T01:29:28.989Z","363858257","v1.5.1","stable","2026-08-02T18:16:28Z","false","499228862","CMTrace.Open_1.5.1_aarch64.app.tar.gz.sig","2026-08-02T20:00:34Z","2026-08-02T20:00:34Z","412","application/pgp-signature","0","0","macos","arm64","full","signature","supporting-file","current"
"2026-08-07T01:29:28.989Z","363858257","v1.5.1","stable","2026-08-02T18:16:28Z","false","499228860","CMTrace.Open_1.5.1_aarch64.app.tar.gz","2026-08-02T20:00:34Z","2026-08-02T20:00:35Z","10036118","application/x-gtar","6","3","macos","arm64","full","updater-archive","updater-only","current"
"2026-08-07T01:29:28.989Z","363858257","v1.5.1","stable","2026-08-02T18:16:28Z","false","499163799","CMTrace-Open_1.5.1_arm64.msi","2026-08-02T18:36:39Z","2026-08-02T18:36:40Z","13963264","application/octet-stream","50","3","windows","arm64","full","msi","manual-only","current"
"2026-08-07T01:29:28.989Z","363858257","v1.5.1","stable","2026-08-02T18:16:28Z","false","499163798","CMTrace-Open_1.5.1_arm64-setup.exe","2026-08-02T18:36:39Z","2026-08-02T18:36:41Z","6362552","application/x-msdownload","4","1","windows","arm64","full","nsis-setup","mixed-manual-update","current"
"2026-08-07T01:29:28.989Z","363858257","v1.5.1","stable","2026-08-02T18:16:28Z","false","499163797","CMTrace-Open-Lite_1.5.1_arm64.exe","2026-08-02T18:36:39Z","2026-08-02T18:36:40Z","17548544","application/x-msdownload","5","1","windows","arm64","lite","portable-exe","manual-only","current"
"2026-08-07T01:29:28.989Z","363858257","v1.5.1","stable","2026-08-02T18:16:28Z","false","499163800","CMTrace-Open_1.5.1_arm64.exe","2026-08-02T18:36:39Z","2026-08-02T18:36:40Z","23354624","application/x-msdownload","29","2","windows","arm64","full","portable-exe","manual-only","current"
"2026-08-07T01:29:28.989Z","363858257","v1.5.1","stable","2026-08-02T18:16:28Z","false","499163123","CMTrace-Open_1.5.1_x64.msi","2026-08-02T18:35:22Z","2026-08-02T18:35:22Z","14893056","application/octet-stream","274","32","windows","x64","full","msi","manual-only","current"
"2026-08-07T01:29:28.989Z","363858257","v1.5.1","stable","2026-08-02T18:16:28Z","false","499163122","CMTrace-Open_1.5.1_x64-setup.exe","2026-08-02T18:35:22Z","2026-08-02T18:35:22Z","7130488","application/x-msdownload","72","14","windows","x64","full","nsis-setup","mixed-manual-update","current"
"2026-08-07T01:29:28.989Z","363858257","v1.5.1","stable","2026-08-02T18:16:28Z","false","499163124","CMTrace-Open_1.5.1_x64.exe","2026-08-02T18:35:22Z","2026-08-02T18:35:23Z","28058376","application/x-msdownload","654","104","windows","x64","full","portable-exe","manual-only","current"
"2026-08-07T01:29:28.989Z","363858257","v1.5.1","stable","2026-08-02T18:16:28Z","false","499163126","CMTrace-Open-Lite_1.5.1_x64.exe","2026-08-02T18:35:22Z","2026-08-02T18:35:23Z","21000456","application/x-msdownload","24","7","windows","x64","lite","portable-exe","manual-only","current"
