id,area,title,user_story,expected_behavior,entry_points,source_files,platforms,edition,notes,status,phase,error_class,error_detail,test_method,tested_at,retest_status,retest_at,fix_notes
CHROME-001,chrome,Open file from File menu or Ctrl+O,As an analyst I want to open a log file so I can inspect it in the active workspace.,File > Open File or Ctrl/Cmd+O opens a native file dialog using the active workspace fileFilters and actionLabels.file. Selected path is handed to the workspace onOpenSource or the generic log loader.,File menu; Ctrl/Cmd+O,src-tauri/src/menu.rs; src/hooks/use-app-actions.ts; src/hooks/use-keyboard.ts,all,both,Toolbar Open menu shows Open file... (native dialog not invoked).,partial,retest,coverage,"Current exact-head suite ran, but no focused current browser/component scenario covers the full user behavior.",ui,2026-08-18T19:17:47Z,partial,2026-09-24T21:30:00Z,No confirmed defect or remediation required; current behavior retained.
CHROME-002,chrome,Open folder from File menu,As an analyst I want to open a folder of logs so sibling files load as a source.,File > Open Folder opens a directory picker. Folder is listed in the sidebar and parsed according to the active workspace.,File menu; Toolbar Open menu,src-tauri/src/menu.rs; src/hooks/use-app-actions.ts; src/components/layout/Toolbar.tsx,all,both,Toolbar Open menu shows Open folder... (native dialog not invoked).,partial,retest,coverage,"Current exact-head suite ran, but no focused current browser/component scenario covers the full user behavior.",ui,2026-08-18T19:17:47Z,partial,2026-09-24T21:30:00Z,No confirmed defect or remediation required; current behavior retained.
CHROME-003,chrome,Open known log sources,As an analyst I want catalogued Intune/CM paths so I do not hunt for default locations.,File > Known Sources and the toolbar known-source menu list families and sources from get_known_log_sources. Unavailable sources are disabled. Selecting one loads that path and clears the filter.,File > Known Sources; Toolbar known-source menu,src-tauri/src/menu.rs; src/components/layout/Toolbar.tsx; src/lib/log-source.ts,all,both,"Disabled when workspace.capabilities.knownSources is false (dsregcmd, secureboot, sccm). event-log only sets sidebar: false, so the known-source menu stays enabled. | Known sources button disabled when catalog empty.",partial,retest,coverage,"Current exact-head suite ran, but no focused current browser/component scenario covers the full user behavior.",ui,2026-08-18T19:17:47Z,partial,2026-09-24T21:30:00Z,No confirmed defect or remediation required; current behavior retained.
CHROME-004,chrome,Open recent files and clear recents,As an analyst I want recent files so I can resume the last case.,File > Recent lists persisted recents. Selecting one reopens that path in the recorded workspace. Clear Recent empties the list.,File > Recent; File > Clear Recent,src-tauri/src/menu.rs; src/lib/recent-entries.ts; src-tauri/src/commands/recent_entries.rs,all,both,recent-entries + menu reopen/clear tests.,pass,retest,none,No confirmed defect in current verification.,existing_test,2026-08-18T19:17:47Z,pass,2026-09-24T21:30:00Z,No confirmed defect or remediation required; current behavior retained.
CHROME-005,chrome,Save and restore a session,As an analyst I want to save open tabs and filters so I can resume later.,"File > Save Session writes a .cmtrace file. File > Open Session restores tabs, workspace, and filter state from that file.",File > Save Session (Shift+Cmd/Ctrl+S); File > Open Session,src/lib/session-save.ts; src/lib/session-restore.ts; src-tauri/src/menu.rs,all,both,session-save/restore unit tests.,pass,retest,none,No confirmed defect in current verification.,existing_test,2026-08-18T19:17:47Z,pass,2026-09-24T21:30:00Z,No confirmed defect or remediation required; current behavior retained.
CHROME-006,chrome,Restart as administrator,As a Windows analyst I want to relaunch elevated so protected sources become readable.,File > Restart as Administrator is Windows-only and disabled when already elevated. It opens RestartAsAdministratorDialog. Confirm calls restart_as_administrator and leaves the dialog pending until launch; cancel/Esc closes without relaunch.,File > Restart as Administrator; Access Denied recovery,src-tauri/src/menu.rs; src/components/dialogs/RestartAsAdministratorDialog.tsx; src/lib/elevation.ts,windows,both,Restart-as-admin dialog + elevation helpers (vitest).,partial,retest,coverage,Native platform behavior is unavailable on this macOS host; automated coverage is contract/component-level.,existing_test,2026-08-18T19:17:47Z,partial,2026-09-24T21:30:00Z,No confirmed defect or remediation required; current behavior retained.
CHROME-007,chrome,"Find, find next, find previous",As an analyst I want incremental search so I can jump between matching lines.,"Ctrl/Cmd+F or Edit > Find opens FindBar when the workspace has findBar. Match case and regex toggles. Enter/F3 next, Shift+Enter/Shift+F3 previous. Esc closes. Invalid regex shows an error; no matches show No results.",Ctrl/Cmd+F; F3; Shift+F3; Edit menu; FindBar,src/components/layout/FindBar.tsx; src/hooks/use-keyboard.ts; src-tauri/src/menu.rs,all,both,Most specialist workspaces set findBar false. | FindBar opened from store; regex toggle visible.,partial,retest,coverage,"Current exact-head suite ran, but no focused current browser/component scenario covers the full user behavior.",ui,2026-08-18T19:17:47Z,partial,2026-09-24T21:30:00Z,"Find next/prev covered by use-app-actions and log-store tests. Browser Cmd+F walk was inconclusive (no FindBar landmark), not a confirmed product defect."
CHROME-008,chrome,Filter dialog,As an analyst I want AND field/op/value filters so I can hide noise.,"Ctrl+Shift+L or Filter... opens FilterDialog. Clauses: Log Text/Component/Thread/Date/Time/Severity with equals/not/contains/not/before/after. Apply calls apply_filter. Clear removes all clauses. Toolbar shows Filter (N) and click clears when active. Open surface is a dialog landmark (role=dialog, aria-modal, aria-label Filter).",Toolbar Filter; Ctrl+Shift+L; Edit > Filter; row context Include/Exclude,src/components/dialogs/FilterDialog.tsx; src/stores/filter-store.ts; src/components/layout/Toolbar.tsx,all,both,filter-store clause set/clear.,pass,retest,none,No confirmed defect in current verification.,focused_test,2026-08-18T19:17:47Z,pass,2026-09-24T21:30:00Z,"Added role=dialog aria-modal aria-label=""Filter"" on FilterDialog surface."
CHROME-009,chrome,"Toggle sidebar, details, and info pane",As an analyst I want to hide chrome so the list has more room.,Ctrl+B toggles sidebar. Ctrl+H (Ctrl not Cmd on macOS) toggles extra columns. Info button toggles the bottom info pane. View menu mirrors these. Workspaces with sidebar/details/info false leave the toggles inert.,View menu; Toolbar Details/Info; Ctrl+B; Ctrl+H,src/hooks/use-keyboard.ts; src/components/layout/Toolbar.tsx; src/stores/ui-store.ts; src-tauri/src/menu.rs,all,both,Details/Info toggle updates status to Details off / Info off.,partial,retest,coverage,"Current exact-head suite ran, but no focused current browser/component scenario covers the full user behavior.",ui,2026-08-18T19:17:47Z,partial,2026-09-24T21:30:00Z,No confirmed defect or remediation required; current behavior retained.
CHROME-010,chrome,Always on top,As an analyst I want the window pinned above other apps while I follow a live log.,View > Always on Top persists and calls set_always_on_top. One stable native listener forwards events to the latest rendered handler. Startup restoration and user toggles share one serialized native-update queue so an older completion cannot overwrite newer intent.,View > Always on Top,src-tauri/src/menu.rs; src/stores/ui-store.ts; src/hooks/use-app-menu.ts; src-tauri/src/commands/system_preferences.rs,all,both,"Focused regressions prove one listener lifetime, latest-handler dispatch, startup/toggle serialization, and rejection recovery. Native Tauri menu/window lifecycle and real topmost behavior remain platform acceptance.",partial,retest,coverage,Mocked frontend contracts pass; native window/menu lifecycle and real always-on-top behavior were not observed.,focused_test+source_review,2026-08-22T23:35:15Z,partial,2026-09-24T21:30:00Z,Replaced listener re-registration and competing writes with a stable callback ref and one serialized Always-on-Top queue. Tests: src/hooks/use-app-menu.test.tsx.
CHROME-011,chrome,Pause and resume live tail,As an analyst I want to freeze incoming lines so I can read a burst.,Ctrl/Cmd+U or View > Pause/Resume or sidebar Pause/Resume calls pause_tail/resume_tail. Only the log workspace has tailing. Status bar shows Streaming or Paused.,Ctrl/Cmd+U; View menu; FileSidebar footer,src/hooks/use-keyboard.ts; src/stores/log-store.ts; src/components/layout/FileSidebar.tsx,all,both,log-store togglePause + menu toggle_pause.,pass,retest,none,No confirmed defect in current verification.,existing_test,2026-08-18T19:17:47Z,pass,2026-09-24T21:30:00Z,No confirmed defect or remediation required; current behavior retained.
CHROME-012,chrome,Refresh active source,As an analyst I want F5 to reload the current file or analysis.,"F5 or View > Refresh reloads the active source for the current workspace (log reparse, Intune re-analyze, Sysmon re-run, etc.).",F5; View > Refresh; sidebar Refresh,src/hooks/use-keyboard.ts; src/hooks/use-app-actions.ts; src/lib/log-source.ts,all,both,canRefresh + menu refresh routing.,pass,retest,none,No confirmed defect in current verification.,existing_test,2026-08-18T19:17:47Z,pass,2026-09-24T21:30:00Z,No confirmed defect or remediation required; current behavior retained.
CHROME-013,chrome,Adjust log list text size,As an analyst I want larger or smaller list text.,"Ctrl/Cmd + = / - / 0 increase, decrease, or reset logListFontSize when the workspace has fontSizing. Settings Appearance sliders do the same. Details pane has its own size.",Ctrl/Cmd+= - 0; View > Text Size; Settings > Appearance,src/hooks/use-keyboard.ts; src/stores/ui-store.ts; src/components/dialogs/settings/AppearanceTab.tsx,all,both,font inc/dec/reset store + menu.,pass,retest,none,No confirmed defect in current verification.,existing_test,2026-08-18T19:17:47Z,pass,2026-09-24T21:30:00Z,No confirmed defect or remediation required; current behavior retained.
CHROME-014,chrome,Switch workspace,As an analyst I want to change analysis mode without restarting.,"Toolbar workspace dropdown and Workspace menu list getAvailableWorkspaces(platform, enabledWorkspaces). Selecting one sets activeWorkspace and updates labels/capabilities.",Toolbar workspace; Workspace menu,src/components/layout/Toolbar.tsx; src/workspaces/registry.ts; src-tauri/src/menu.rs,all,both,Lite hides Full-only ids via enabledWorkspaces. | Workspace switcher in smoke + ESP e2e; registry filters platforms.,pass,retest,none,No confirmed defect in current verification.,existing_test,2026-08-18T19:17:47Z,pass,2026-09-24T21:30:00Z,No confirmed defect or remediation required; current behavior retained.
CHROME-015,chrome,Theme picker,As an analyst I want readable severity colors.,"Theme menu applies one of Classic CMTrace, Light, Dark, Dracula, Nord, Solarized Dark, High Contrast, Hot Dog Stand immediately and persists themeId.",Toolbar ThemePicker; Settings > Appearance,src/components/layout/ThemePicker.tsx; src/components/dialogs/settings/AppearanceTab.tsx,all,both,"Theme menu lists Light, High Contrast, Solarized Dark, Dracula.",pass,retest,none,No confirmed defect in current verification.,focused_test,2026-08-18T19:17:47Z,pass,2026-09-24T21:30:00Z,Current focused test: src/components/dialogs/settings/AppearanceTab.test.tsx.
CHROME-016,chrome,Error code lookup,As an analyst I want hex/decimal/text search of the embedded catalog.,"Ctrl+L / Ctrl+E or Tools > Error Code Lookup opens ErrorLookupDialog. Code-like queries search immediately; text is debounced 300ms. Results show category, hex, description, Copy. History reruns. Prefills lookupErrorCode when opened from a span or Quick Stats.",Ctrl+L; Ctrl+E; Toolbar; Tools menu; error span; Quick Stats; row context,src/components/dialogs/ErrorLookupDialog.tsx; src/hooks/use-keyboard.ts,all,both,Error Code Lookup Fluent dialog opened with Close.,partial,retest,coverage,"Current exact-head suite ran, but no focused current browser/component scenario covers the full user behavior.",ui,2026-08-18T19:17:47Z,partial,2026-09-24T21:30:00Z,Toolbar wires Error lookup to showErrorLookupDialog. Existing store tests cover open. Browser walk did not prove the Fluent Dialog failed.
CHROME-017,chrome,GUID registry dialog,As an Intune admin I want GUID-to-name lookup after analysis.,Tools > GUID Registry opens tabs All/Apps/Scripts/Remediations. Filter by name/GUID/publisher. Click copies GUID. Empty state tells the user to run Intune analysis or enable Graph.,Tools > GUID Registry,src/components/dialogs/GuidRegistryDialog.tsx,all,full,GUID Registry dialog: No GUID registry data available. Run an Intune analysis or enable Graph API in Settings.,partial,retest,coverage,"Current exact-head suite ran, but no focused current browser/component scenario covers the full user behavior.",ui,2026-08-18T19:17:47Z,partial,2026-09-24T21:30:00Z,No confirmed defect or remediation required; current behavior retained.
CHROME-018,chrome,Evidence bundle summary,As an analyst I want to inspect a collected bundle inventory.,Tools > Evidence Bundle Summary opens EvidenceBundleDialog with Summary/Inventory/Notes/Manifest. Artifact buttons open in the active workspace or preview registry/EVTX.,Tools > Evidence Bundle Summary,src/components/dialogs/EvidenceBundleDialog.tsx,all,full,Verified 2026-08-18T15:35:10Z: Dialog landmark + Summary/Inventory/Notes/Manifest empty and error states. Tests: src/components/dialogs/EvidenceBundleDialog.test.tsx,pass,retest,none,No confirmed defect in current verification.,existing_test,2026-08-18T19:17:47Z,pass,2026-09-24T21:30:00Z,No confirmed defect or remediation required; current behavior retained.
CHROME-019,chrome,Collect diagnostics,As a Windows analyst I want a scoped evidence zip.,"Tools > Collect Diagnostics (Windows + collector feature) opens CollectDiagnosticsDialog. Presets and family checkboxes. Collect starts collectDiagnostics and shows shell progress. CollectionCompleteDialog shows counts, gaps, Close, Open Bundle. Collect and complete overlays are dialog landmarks. Every collector run uses the canonical nonce-bearing bundle identifier consumed by unified-timeline provenance. Bundle timestamps are invariant Gregorian UTC regardless of the host culture.",Tools > Collect Diagnostics,src/components/dialogs/CollectDiagnosticsDialog.tsx; src/components/dialogs/CollectionCompleteDialog.tsx; scripts/collection/Invoke-CmtraceEvidenceCollection.ps1,windows,full,"Dialog component tests cover presets, categories, progress, completion counts/gaps, Close, and Open Bundle. The collector Pester suite covers invariant Gregorian UTC serialization, the canonical unique lowercase bundle ID, and exact staged/reference parity.",pass,retest,none,No confirmed defect remains in the automated collection contract; native end-to-end collection remains separate acceptance evidence.,focused_test,2026-08-23T05:12:20Z,pass,2026-09-24T21:30:00Z,Unified the PowerShell and native collector identifier format so parsed CMTrace and EVTX evidence retains bundle provenance. Evidence: collector Pester 29/29 including the fa-IR culture regression plus parser bundle-origin regressions.
CHROME-020,chrome,Settings dialog,"As a user I want appearance, columns, behavior, updates, associations, and Graph in one place.","Settings opens tabs Appearance, Columns, Behavior, Updates; plus File Associations and Graph API on Windows. Esc/overlay/Close dismisses. Arrow/Home/End move tabs.","Ctrl/Cmd+,; Tools/App Settings",src/components/dialogs/SettingsDialog.tsx,all,both,Focused current component test passed; no additional defect note.,pass,retest,none,No confirmed defect in current verification.,focused_test,2026-08-18T19:17:47Z,pass,2026-09-24T21:30:00Z,Settings already had role=dialog; added landmark assertion. Not a product bug.
CHROME-021,chrome,Settings appearance,"As a user I want theme, list size, details size, and font family.","Theme select, list/details sliders, font picker including Default (System), preview, Reset Defaults.",Settings > Appearance,src/components/dialogs/settings/AppearanceTab.tsx,all,both,"Verified 2026-08-18T15:35:10Z: Theme, sliders, font, preview, Reset Defaults. Tests: src/components/dialogs/settings/AppearanceTab.test.tsx; src/components/dialogs/SettingsDialog.test.tsx",pass,retest,none,No confirmed defect in current verification.,existing_test,2026-08-18T19:17:47Z,pass,2026-09-24T21:30:00Z,No confirmed defect or remediation required; current behavior retained.
CHROME-022,chrome,Settings columns reset,As a user I want default column order and widths back.,Columns tab reports custom order/widths or defaults. Reset to Defaults clears persisted layout.,Settings > Columns,src/components/dialogs/settings/ColumnsTab.tsx,all,both,Verified 2026-08-18T15:35:10Z: Reset to Defaults clears custom column layout. Tests: src/components/dialogs/settings/ColumnsTab.test.tsx; src/components/dialogs/SettingsDialog.test.tsx,pass,retest,none,No confirmed defect in current verification.,existing_test,2026-08-18T19:17:47Z,pass,2026-09-24T21:30:00Z,No confirmed defect or remediation required; current behavior retained.
CHROME-023,chrome,Settings behavior,As a user I want default info pane and tab-close confirm.,Checkboxes: Show info pane by default; Confirm before closing tabs.,Settings > Behavior,src/components/dialogs/settings/BehaviorTab.tsx,all,both,Verified 2026-08-18T15:35:10Z: Info pane default and confirm-close checkboxes write ui-store. Tests: src/components/dialogs/settings/BehaviorTab.test.tsx; src/components/dialogs/SettingsDialog.test.tsx,pass,retest,none,No confirmed defect in current verification.,existing_test,2026-08-18T19:17:47Z,pass,2026-09-24T21:30:00Z,No confirmed defect or remediation required; current behavior retained.
CHROME-024,chrome,Settings updates,As a user I want startup update checks unless policy disables them.,Checkbox Check for updates on startup is disabled if updateChecksDisabledByPolicy. Channel badge shown. Clear skipped version if set.,Settings > Updates,src/components/dialogs/settings/UpdatesTab.tsx; src/lib/commands.ts,all,both,UpdatesTab policy checkbox; src/lib/commands.ts:getUpdatePolicy. Current exact-head test coverage passes.,pass,retest,none,No confirmed defect in current verification.,existing_test,2026-08-18T19:17:47Z,pass,2026-09-24T21:30:00Z,No confirmed defect or remediation required; current behavior retained.
CHROME-025,chrome,Windows file association,"As a Windows user I want .log, .log_, .lo_, and .cmtlog files to open in CMTrace Open.",Settings > File Associations registers or re-registers the current CMTrace Open edition as a per-user available handler and independently confirms Windows registry readback before reporting success. Open Windows Default Apps leaves the user's default choice to Windows and runs shell activation on a dedicated COM STA without blocking the async runtime. The first-run prompt offers Register and open Default Apps / Don't Ask Again / Ask Later and remains open when registration cannot be confirmed. Non-Windows tab is a static note. Windows packaging disables Tauri installer-owned associations while runtime identities stay distinct across Full/Lite and stable/nightly editions. Ordinary NSIS and MSI uninstall remove only the current package identities from loaded and offline profiles; updater and replacement paths preserve them.,Settings > File Associations; first-run prompt,src/components/dialogs/settings/FileAssociationsTab.tsx; src/components/dialogs/FileAssociationPromptDialog.tsx; src-tauri/src/commands/file_association.rs; src-tauri/installer/windows-installer-hooks.nsh; src-tauri/installer/remove-stable-file-associations.ps1; src-tauri/installer/remove-nightly-file-associations.ps1,windows,both,"Vitest covers truthful readback, in-flight activation, prompt retention, and accessible status. Rust tests cover four extensions, edition identities, ordinary-versus-replacement NSIS routing, blocking-pool isolation, and paired STA initialization/teardown. Windows PowerShell 5.1/Pester covers loaded, absent, inaccessible, logoff-race, retry, unload, failure aggregation, and notification paths for stable/nightly cleanup; a disposable native hive proved quoted LOAD/read/dispose/UNLOAD behavior.",partial,retest,coverage,"Native Default Apps selection, native execution of the STA probe, and a live uninstall or upgrade of freshly built signed final installers were not observed.",focused_test+native_hive,2026-08-23T05:12:20Z,partial,2026-09-24T21:30:00Z,"Repaired runtime identity cleanup for Full/Lite and stable/nightly packages, including offline profiles, bounded logoff-race recovery, and dedicated COM STA shell activation. Evidence: association Rust 11/11; Windows PowerShell 5.1/Pester 22/22; native disposable-hive smoke; Windows cross-check and strict Clippy."
CHROME-026,chrome,Graph API settings,As a Windows admin I want optional WAM Graph for GUID names.,Enable Graph requires confirm. Then Sign in / Cancel; Request missing permissions; Pre-populate app cache; Sign out. Non-Windows: unavailable.,Settings > Graph API,src/components/dialogs/settings/GraphApiTab.tsx,windows,full,Verified 2026-08-18T15:35:10Z: Enable/sign-in/permissions/sign-out/cache; non-Windows unavailable note. Tests: src/components/dialogs/settings/GraphApiTab.test.tsx,partial,retest,coverage,Native platform behavior is unavailable on this macOS host; automated coverage is contract/component-level.,existing_test,2026-08-18T19:17:47Z,partial,2026-09-24T21:30:00Z,No confirmed defect or remediation required; current behavior retained.
CHROME-027,chrome,About dialog,"As a user I want version, channel, runtime, and license.","About shows name, version, channel, Tauri/React/TS/Rust, MIT, app ID, github.com/adamgell/cmtraceopen. OK/Esc/overlay close.",Help/App > About,src/components/dialogs/AboutDialog.tsx,all,both,Focused current component test passed; no additional defect note.,pass,retest,none,No confirmed defect in current verification.,focused_test,2026-08-18T19:17:47Z,pass,2026-09-24T21:30:00Z,About panel has role=dialog aria-modal aria-label About CMTrace Open. AboutDialog.test.tsx asserts the landmark.
CHROME-028,chrome,Check for updates,As a user I want to download or skip an update.,"Check for Updates opens UpdateDialog. States: checking (Cancel), available (Skip / Later / Download & install or GitHub), downloading (percent, no Esc), up-to-date/error (OK). Update overlay is a dialog landmark (aria-label Check for Updates).",Help > Check for Updates,src/components/dialogs/UpdateDialog.tsx,all,both,Verified 2026-08-18T15:35:10Z: Update dialog states + Updates tab checkbox/channel/clear skipped. Tests: src/components/dialogs/UpdateDialog.test.tsx; src/components/dialogs/settings/UpdatesTab.test.tsx,pass,retest,none,No confirmed defect in current verification.,focused_test,2026-08-18T19:17:47Z,pass,2026-09-24T21:30:00Z,"Added role=dialog aria-modal aria-label=""Check for Updates"" on UpdateDialog."
CHROME-029,chrome,Drag and drop files,As an analyst I want to drop files onto the window to open them.,Dropped paths go to the active workspace onOpenPath or the generic loader. Timeline unions dropped paths. Log workspace accepts multi-file drop.,Window drop,src/hooks/use-drag-drop.ts,all,both,"Verified 2026-08-18T15:35:10Z: Single/multi drop routing for log, non-log, and timeline. Tests: src/hooks/use-drag-drop.test.tsx",pass,retest,none,No confirmed defect in current verification.,existing_test,2026-08-18T19:17:47Z,pass,2026-09-24T21:30:00Z,No confirmed defect or remediation required; current behavior retained.
CHROME-030,chrome,OS file association launch,As a user I want double-clicking a .log to open it in the app.,"After the user selects CMTrace Open in Windows Default Apps or the OS otherwise invokes it with a supported path, get_initial_file_paths opens positional launch paths. get_initial_workspace can land on ESP. Elevation restore tickets are claimed separately and never treated as file paths.",OS file association; CLI args,src/hooks/use-file-association.ts; src-tauri/src/lib.rs,all,both,Focused tests prove launch-argument parsing and elevation-ticket separation; they do not prove that a native OS double-click starts the installed application.,partial,retest,coverage,Native Windows Default Apps selection and installed double-click launch were not observed.,focused_test+source_review,2026-08-22T23:35:15Z,partial,2026-09-24T21:30:00Z,Corrected the evidence boundary: automated coverage verifies dispatch after invocation while native installed-app launch remains outstanding.
CHROME-031,chrome,One modal surface and deterministic dismissal,As a user I want confirmations and dialogs to appear one at a time and dismiss without losing pending work.,Exactly one aria-modal=true surface renders at a time. Modal requests queue in arrival order without destroying payloads or startup eligibility; active registration/elevation/collection work retains ownership; completion or dismissal promotes the next request. The active modal owns Escape and modal shortcuts while ordinary Escape closes transient non-modal UI.,AppShell dialogs; Event Log clear; ESP force confirmation; Escape,src/stores/ui-store.ts; src/components/layout/AppShell.tsx; src/hooks/use-modal-ownership.ts; src/hooks/use-keyboard.ts; src/hooks/use-app-actions.ts; src/workspaces/event-log/ChannelPicker.tsx; src/workspaces/esp-diagnostics/EspActions.tsx,all,both,"Store, component, timer-overlap, and real-Chromium regressions prove FIFO promotion, payload retention, local-owner cleanup, in-flight registration ownership, delayed association/update coexistence, and one modal landmark.",pass,retest,none,No confirmed modal-overlap or pending-intent loss remains in current automated verification.,focused_test+browser,2026-08-22T23:35:15Z,pass,2026-09-24T21:30:00Z,Replaced destructive boolean-modal replacement with a single FIFO owner shared by boolean dialogs; payload dialogs; and local Fluent confirmations. Tests: ui-store.test.ts; use-update-checker.test.tsx; evtx-live-ops.test.tsx; EspActions.test.tsx; e2e/modal-ownership.spec.ts.
CHROME-032,chrome,Status bar,"As an analyst I want stream, filter, parser, and Graph state without extra clicks.","Log view: stream, chrome, source, tab, parser, elapsed, position, lines, severity, format, filter. Other workspaces show their analysis summary. Graph dot if not disconnected. No buttons.",StatusBar,src/components/layout/StatusBar.tsx,all,both,Status bar shows Idle • Log view • Details on • Info on • Source No source selected.,partial,retest,coverage,"Current exact-head suite ran, but no focused current browser/component scenario covers the full user behavior.",ui,2026-08-18T19:17:47Z,partial,2026-09-24T21:30:00Z,No confirmed defect or remediation required; current behavior retained.
CHROME-033,chrome,Workspace capabilities decide which chrome mounts,As an analyst I want each workspace to show only the chrome it actually supports so the shell never offers dead controls.,"AppShell mounts TabStrip only when the active workspace declares capabilities.tabStrip, FindBar only when it declares findBar (and showFindBar is on), the sidebar region only when capabilities.sidebar !== false, and the sidebar footer only when capabilities.footerBar. FileSidebar renders the workspace's own sidebar component when the registry defines one and the classic LogSidebar otherwise.",App shell on every workspace; Workspace dropdown,src/components/layout/AppShell.tsx; src/components/layout/FileSidebar.tsx; src/workspaces/registry.ts,all,both,Extends CHROME-009 (toggles) and CHROME-014 (switching) with the actual mount conditions; shouldRenderWorkspaceSidebar is the exported predicate.,pass,story,none,,e2e_browser: stories/chrome-shell.spec.ts :: [CHROME-033] workspace capabilities decide which chrome mounts,2026-09-24T21:30:00Z,,,
CHROME-034,chrome,Collapse and expand the sidebar from its edge,As an analyst I want to reclaim list width with one click and get the sidebar back the same way.,"The sidebar header shows a collapse chevron (aria-label ""Collapse sidebar"", title ""Collapse sidebar (Ctrl+B)""); while collapsed AppShell renders a 36px rail whose only button is ""Expand sidebar"" (title ""Expand sidebar (Ctrl+B)"") and the aside is not mounted. Workspaces without the sidebar capability render neither control, and Ctrl+B stays equivalent to the buttons.",Sidebar header chevron; collapsed rail chevron; Ctrl+B,src/components/layout/FileSidebar.tsx; src/components/layout/AppShell.tsx; src/stores/ui-store.ts,all,both,"Extends CHROME-009, which covered only the keyboard/menu toggle.",pass,story,none,,"e2e_browser: stories/chrome-shell.spec.ts :: [CHROME-034] sidebar collapses to a rail, and Ctrl+B is equivalent",2026-09-24T21:30:00Z,,,
CHROME-035,chrome,Switching tabs reloads the file from its stored source context,As an analyst I want clicking a tab to bring back that file's content and its folder context without reparsing the whole folder.,"An activeTabIndex change calls switchToTab(tab.filePath, tab.sourceContext) and ensureLogViewVisible(""tab-switch""); switching to the file already shown is a no-op that clears a pending loading indicator, a registry tab is restored from the registry cache or reparsed, and a switch superseded by a newer one is abandoned so entries from the older file are never left on screen.",TabStrip tab click; ArrowLeft/ArrowRight; overflow list item,src/components/layout/AppShell.tsx; src/lib/log-source.ts,all,both,"Extends LOG-021, which described only which tab becomes active.",pass,story,none,,e2e_browser: stories/chrome-shell.spec.ts :: [CHROME-035] switching tabs reloads that file's content,2026-09-24T21:30:00Z,,,
CHROME-036,chrome,Closing the last tab clears the log content and filters,As an analyst I do not want stale rows or an active filter left behind with no tab to explain them.,"Closing the final tab sets activeTabIndex to -1, clears the active file and all filter clauses, and evicts that tab's cached entry snapshot; closing a non-active tab keeps the current selection adjusted (activeIndex shifts left when the closed tab preceded it), and closing the active tab selects the previous one or the first. An out-of-range index is warned about and ignored.",Tab close X on the last open tab,src/stores/ui-store.ts,all,both,Extends LOG-021 (tab close) with the empty-state cleanup contract; clearTabs follows the same path.,pass,story,none,,e2e_browser: stories/chrome-shell.spec.ts :: [CHROME-036] closing the last tab clears the log content and filters,2026-09-24T21:30:00Z,,,
CHROME-037,chrome,Reopening an already-open file focuses its tab instead of duplicating it,As an analyst I want the same log to have one tab no matter how many times I open it.,"openTab ignores an empty path with a warning; for a filePath already open it only focuses that tab (refreshing sourceContext/fileKind when supplied) instead of adding a second tab. A genuinely new tab gets a UUID id, is appended, becomes active, and takes the info pane's visibility from the ""Show info pane by default"" preference.","Open File, drag-and-drop, Recent, known sources — any path that reaches the log workspace twice",src/stores/ui-store.ts,all,both,Extends LOG-021 (tab list) and CHROME-023 (the default-show-info-pane preference it consumes).,pass,story,none,,e2e_browser: stories/chrome-shell.spec.ts :: [CHROME-037] reopening an already-open file focuses its tab instead of duplicating it,2026-09-24T21:30:00Z,,,
CHROME-038,chrome,Closing a merged or diff tab exits that view,As an analyst I want the X on a merged tab to take me back to the plain log view rather than close an unrelated file.,"Clicking the close control on the active tab while sourceOpenMode is ""merged"" calls closeMergedTab (and, from the overflow list, a diff tab calls closeDiff) instead of closeTab, so the merged/diff presentation is torn down; every other tab closes normally. The merged tab is labelled ""Merged (N files)"" with the source paths as its tooltip.",Close X on the Merged (N files) tab; overflow dropdown close control,src/components/layout/TabStrip.tsx; src/stores/log-store.ts,all,both,Extends LOG-015 and LOG-017 (merge/diff creation) with the teardown path; LOG-021 covered only plain tab close.,pass,story,none,,e2e_browser: stories/chrome-shell.spec.ts :: [CHROME-038] closing a merged tab exits that view,2026-09-24T21:30:00Z,,,
CHROME-039,chrome,Toolbar control availability mirrors command state,As an analyst I want the toolbar to grey out exactly what cannot work right now so I do not click into failures.,"The Open menu button is disabled while a source command is running and carries the active workspace's placeholder label; the known-source button is disabled and reads ""No known log sources"" or ""Known sources unavailable""; Highlight is disabled outside the log workspace; Filter is disabled with no entries and switches to ""Filter (N)"" with aria-pressed once clauses are active; Details/Info are disabled per capability and reflect visibility; Merge tabs.../Diff tabs... appear only in the log workspace with two or more tabs; the Workspace dropdown is hidden when only one workspace is available; dsregcmd adds ""Paste clipboard"" and ""Capture live output"".","Toolbar buttons: Open..., known-source menu, Highlight, Filter..., Error lookup, Details, Info, Merge tabs..., Diff tabs..., Workspace",src/components/layout/Toolbar.tsx; src/hooks/use-app-actions.ts,all,both,"Extends CHROME-009/CHROME-014 (which covered the actions, not the per-control disabled/hidden states); commandState is the single source of truth.",pass,story,none,,"component_test: derives log capabilities, visibility, labels, and guarded actions",2026-09-24T21:30:00Z,,,
CHROME-040,chrome,Toolbar falls back to Log when the active workspace is unavailable,As a user I do not want to land on a workspace this build or platform does not ship.,"On mount the toolbar refreshes known log sources, fetches get_available_workspaces into enabledWorkspaces, maps plugin-os platform() to windows/macos/linux, and if the persisted active workspace is not available on that platform/build it resets the active workspace to ""log"". A platform() or workspace-enumeration failure is warned about and leaves the current defaults in place.",App startup; Toolbar mount,src/components/layout/Toolbar.tsx; src/stores/ui-store.ts,all,both,Extends CHROME-014.,pass,story,none,,e2e_browser: stories/chrome-shell.spec.ts :: [CHROME-040] an unknown persisted workspace falls back to the log view,2026-09-24T21:30:00Z,,,
CHROME-041,chrome,Build features decide which workspaces exist,As a user of the Lite edition I want only the workspaces this build actually ships to be offered.,"get_available_workspaces always returns log, timeline and dns-dhcp and adds intune/new-intune, esp-diagnostics, dsregcmd, macos-diag/macos-jamf, deployment, event-log, sysmon, secureboot and sccm only when their cargo features are compiled in; the returned list drives the toolbar dropdown and the native Workspace menu.",IPC get_available_workspaces; Toolbar Workspace dropdown; Workspace menu,src-tauri/src/commands/app_config.rs; src-tauri/src/menu.rs,all,both,Extends CHROME-014; the Lite edition (cargo feature lite) is the visible case where most entries are absent.,pass,story,none,,rust_test: commands::app_config::tests::esp_workspace_availability_matches_the_build_feature,2026-09-24T21:30:00Z,,,
CHROME-042,chrome,Open every source in a known-source family,As an Intune or ConfigMgr admin I want one action that pulls in a whole family of well-known logs.,"""Open all <Family>"" in the known-source menu verifies each direct file path with inspect_path_kind (silently skipping paths that are missing or inaccessible), lists each folder source with listLogFolder and keeps only entries matching the source's file patterns (warning per unavailable folder), then switches to the log view, clears the filter and loads the collected paths as one source. When nothing can be resolved the action does nothing.","Toolbar > known-source menu > ""Open all <Family>""",src/components/layout/Toolbar.tsx,all,both,"Extends CHROME-003, which covered selecting a single source.",pass,story,none,,e2e_browser: stories/other-workspaces.spec.ts :: [CHROME-042] nothing resolvable means the family action loads nothing,2026-09-24T21:30:00Z,,,
CHROME-043,chrome,Sidebar source summary card,As an analyst I want to see at a glance what is loaded and whether it is healthy.,"The card badge reads ""Evidence Bundle"", ""Folder Source"", ""File Source"" or ""No Source""; the title is the source label (""Open a log file or folder"" when nothing is loaded) and the subtitle is the path (""Choose a source to start viewing logs.""). The body shows file/folder counts with correct singulars for folder sources (""Single file source"" otherwise), the bundle label and case reference when the source is an evidence bundle, ""Selected: <name>"", the source status message, and a red ""Failure reason: <reason>"" line whenever the status defines one.",Sidebar top card in the log workspace,src/components/layout/FileSidebar.tsx; src/components/common/sidebar-primitives.tsx,all,both,"Extends LOG-022, which covered the file list below the card.",pass,story,none,,e2e_browser: stories/chrome-shell.spec.ts :: [CHROME-043] sidebar summarises the open file source,2026-09-24T21:30:00Z,,,
CHROME-044,chrome,"Sidebar empty, loading, and unavailable states",As an analyst I want the sidebar to say why it is empty instead of showing nothing.,"No source → ""No file source open""; a folder source with no entries while loading → ""Loading files""; a folder source with no entries and not loading → ""This folder is empty"", or ""Source path unavailable"" with the status detail when the status is missing/error; a folder that returned only directories → ""No files available""; a single-file source → a ""Current file"" card. Non-idle, non-loading statuses also render a SourceStatusNotice (distinct copy for missing/error, empty, and awaiting-file-selection), and the footer explains the next step (""Select a file to populate the main log list."", the awaiting-selection message, or the merged-folder file count).",Sidebar body and footer in the log workspace,src/components/layout/FileSidebar.tsx; src/components/common/sidebar-primitives.tsx,all,both,Extends LOG-022.,pass,story,none,,e2e_browser: stories/chrome-shell.spec.ts :: [CHROME-044] sidebar explains that no source is open,2026-09-24T21:30:00Z,,,
CHROME-045,chrome,Sidebar reports a failed file selection and offers Retry,As an analyst I want to see which sibling file failed and retry it without reopening the folder.,"A failed file selection shows a red role=alert with the failure message plus a ""Retry <file name>"" action (enabled only when a previous selection failed, the source is folder-like and no load is in flight); a failed source reload shows its own alert. Both alerts and the retry state are reset when the active source, selected file, or open mode changes.","Sidebar file row that fails to load; ""Retry <file>"" button; ""Reload source"" button",src/components/layout/FileSidebar.tsx,all,both,"Extends LOG-022, which noted Reload/Retry exist but not the two alert surfaces or their reset.",pass,story,none,,e2e_browser: stories/chrome-shell.spec.ts :: [CHROME-045] sidebar reports a failed file selection and offers Retry,2026-09-24T21:30:00Z,,,
CHROME-046,chrome,Status bar shows folder-load progress,As an analyst I want to know how far a folder parse has got while the overlay is up.,"While folderLoadProgress is set and a total is known the right-hand status text becomes ""Parsing <done> of <total> files — <current file>"", taking precedence over the usual entry counts, and returns to the normal counts once the load finishes. Progress events carrying a different folder-load request id are ignored so a superseded load cannot drive the text.",Status bar right segment during a folder load,src/components/layout/StatusBar.tsx; src/stores/log-store.ts,all,both,"Extends CHROME-032; LOG-025 covers the AppShell overlay, this is the textual status-bar surface.",pass,story,none,,component_test: shows N of M and the current file while a folder load is in progress,2026-09-24T21:30:00Z,,,
CHROME-047,chrome,Status bar counts follow the active filter and selection,As an analyst I want the counts to describe what I am actually looking at.,"With a filter applied the entry count becomes ""<visible> of <total> entries"" and the position reads ""Entry <n> of <visible> (<total> total)""; severity counts cover only visible entries; the trailing segment shows the filter status label, or ""Filter error: <message>"" in the error colour; with a merged folder the count reads ""<N> files"".",Status bar right segment after applying Filter or selecting a row,src/components/layout/StatusBar.tsx; src/stores/filter-store.ts,all,both,"Extends CHROME-032 (""position, lines, severity, filter"").",pass,story,none,,e2e_browser: stories/chrome-shell.spec.ts :: [CHROME-047] status bar counts the loaded entries,2026-09-24T21:30:00Z,,,
CHROME-048,chrome,Status bar Graph API indicator states,"As an Intune admin I want to see whether Graph enrichment is connected, working, or broken.","A coloured dot plus label is rendered for every non-disconnected Graph phase — ""Graph API: Connecting..."", ""Graph API: Cancelling..."", ""Graph API: Connected"", ""Graph API: Unavailable"" (unsupported host, yellow), ""Graph API: Error"" (red) — each with an explanatory tooltip; when the phase is disconnected nothing is rendered.",Status bar right segment,src/components/layout/StatusBar.tsx; src/stores/ui-store.ts,all (live WAM sign-in Windows),both,"Extends CHROME-032, which only said ""Graph dot if not disconnected"".",pass,story,none,,e2e_browser: stories/chrome-shell.spec.ts :: [CHROME-048] status bar reports every non-disconnected Graph phase,2026-09-24T21:30:00Z,,,
CHROME-049,chrome,Unavailable workspaces cannot be activated,As a user I want a workspace this build does not ship to be refused rather than half-selected.,"setActiveWorkspace and ensureWorkspaceVisible warn and leave state untouched when the target is not available for the current platform and build; setEnabledWorkspaces de-duplicates the reported list and falls back to the ""log"" workspace (and clears the active view) when the currently active workspace disappeared from it.",IPC setEnabledWorkspaces via Toolbar mount; Workspace dropdown; native Workspace menu,src/stores/ui-store.ts,all,both,Extends CHROME-014; the native menu path additionally resyncs the menu (see the Workspace menu row).,pass,story,none,,e2e_browser: stories/chrome-shell.spec.ts :: [CHROME-049] an unavailable workspace cannot be activated,2026-09-24T21:30:00Z,,,
CHROME-050,chrome,Workspaces that keep their view when a log loads,As a macOS JAMF user I want a log I open from the workspace's own list to stay in that workspace.,"ensureLogViewVisible only routes to the log workspace when the active workspace does not declare capabilities.keepsViewOnLogLoad; a workspace that declares it (for example macOS JAMF) stays active when a log load starts inside it, while explicit navigation still switches away.",Opening a log from a workspace's own list; Sidebar file rows,src/stores/ui-store.ts; src/workspaces/registry.ts,all (live case: macOS JAMF),both,Extends CHROME-014 and CHROME-012.,pass,story,none,,component_test: keeps the macOS JAMF workspace active when a log opens from its log list,2026-09-24T21:30:00Z,,,
CHROME-051,chrome,Persisted UI preferences are sanitized on rehydration,As a user I do not want a corrupted or outdated preferences blob to leave the app in an unusable state.,"On rehydrate the store drops process-local and legacy fields (graphApiStatus/graphApiCapability/graphApiLastAttempt, dismissedDnsBannerPaths), clamps both font sizes to their ranges, coerces a non-string fontFamily to null, and resets an unknown themeId to the default theme; the legacy logSeverityPaletteMode key migrates to classic-cmtrace or light. Only theme, font sizes/family, column order/widths, sidebar collapse, autoUpdateEnabled, defaultShowInfoPane, confirmTabClose, alwaysOnTop, graphApiEnabled and recentSessions are persisted.",App start after a previous session wrote cmtraceopen-ui-preferences,src/stores/ui-store.ts,all,both,Extends CHROME-015/CHROME-021/CHROME-023 (persistence) with the sanitizer and migration contract.,pass,story,none,,e2e_browser: stories/chrome-shell.spec.ts :: [CHROME-051] persisted preferences are sanitized on rehydration,2026-09-24T21:30:00Z,,,
CHROME-052,chrome,Global shortcuts stand down while a modal is open,As a user I do not want a dialog to silently trigger shell commands on content hidden behind it.,"While any modal surface is open (any dialog flag, the elevation prompt, the collection result, or a [role=dialog][aria-modal=true] element) app shortcuts and F-keys are preventDefault-ed and ignored, except native text-editing combos (Ctrl/Cmd+A/C/V/X/Y/Z) inside a text field; arrow-key list navigation is disabled while a dialog is open, and a global copy only fires when the log list is not focused and no text selection exists.","Any open dialog plus Ctrl/Cmd+O, F3, F5, Ctrl+U, arrow keys",src/hooks/use-keyboard.ts,all,both,Extends CHROME-031 (one modal surface) and CHROME-007/CHROME-009 with the suppression rules.,partial,story,coverage,"src/hooks/use-app-menu.test.tsx (""useKeyboard native menu parity"": suppresses shortcuts for collection overlays and DOM modal surfaces; allows AltGr text entry in modal inputs; ignores global shortcuts while the elevation prompt is open)",component_test: useKeyboard native menu parity reserves macOS Command+H for Hide while retaining Control+H for Details,2026-09-24T21:30:00Z,,,
CHROME-053,chrome,"Dialogs move focus in, trap Tab, and restore the opener",As a keyboard user I want to stay inside the open dialog and get my place back when it closes.,"On open a dialog focuses its preferred control (or its first focusable control, or the surface) and remembers the previously focused element; Tab/Shift+Tab cycle within the surface; on close focus returns to the opener. When a state change removes the focused control (Update dialog state transition, Restart dialog ""Requesting…"") focus is re-homed inside the surface instead of falling to the page body.","About, Update, Settings, Restart as Administrator, File association prompt dialogs",src/hooks/use-modal-focus.ts; src/components/dialogs/SettingsDialog.tsx; src/components/dialogs/RestartAsAdministratorDialog.tsx,all,both,Extends CHROME-031 (ownership/queue) with focus ownership; settings and the restart dialog implement their own trap because Fluent's focus manager is unusable in the pinned jsdom build.,pass,story,none,,component_test: traps focus and restores focus to the opener,2026-09-24T21:30:00Z,,,
CHROME-054,chrome,About dialog keeps safe defaults when metadata cannot be read,As a user I want About to open even if the runtime metadata probe fails.,"About seeds name/version/Tauri version/identifier with defaults (""CMTrace Open"", ""0.2.0"", ""-"", ""com.cmtrace.open"") and logs an error while keeping those values if getName/getVersion/getTauriVersion/getIdentifier fail; the channel badge is derived from the resolved version and uses the nightly (yellow) styling for prerelease builds.",Help > About CMTrace Open / macOS app menu > About,src/components/dialogs/AboutDialog.tsx; src/lib/update-channel.ts,all,both,Extends CHROME-027 with the failure fallback and channel styling.,pass,story,none,,component_test: shows main channel app metadata,2026-09-24T21:30:00Z,,,
CHROME-055,chrome,"Installed font list is ordered, unique, and visible",As a user I want a sane font list rather than one with duplicates and hidden faces.,"list_system_fonts returns the system font families sorted case-insensitively, de-duplicated, with hidden families (leading ""."" or ""#"") and empty names removed, computed once per process and reused.",IPC list_system_fonts (Settings > Appearance font picker),src-tauri/src/commands/fonts.rs,all,both,"Backs the acceptance item ""font listing""; the picker UI is a separate row.",pass,story,none,,rust_test: commands::fonts::tests::test_list_returns_non_empty,2026-09-24T21:30:00Z,,,
CHROME-056,chrome,Filter the font list and preview each family,As a user I want to find a font by name and see it before choosing it.,"The picker shows a spinner (""Loading system fonts..."") until list_system_fonts resolves, filters case-insensitively as the user types, renders each family name in its own typeface, always offers ""Default (System)"" (clears fontFamily), highlights the current selection, reports ""No fonts match the filter."" when nothing matches, and shows ""Selected: <family>"" under the list. A listing failure logs the error and leaves an empty list.",Settings > Appearance > Font family (Filter fonts...),src/components/dialogs/settings/AppearanceTab.tsx; src-tauri/src/commands/fonts.rs,all,both,"Extends CHROME-021, which mentioned the font picker but not filtering, preview or the empty-filter state.",pass,story,none,,"component_test: shows theme, size sliders, Default (System) font, preview, and Reset Defaults",2026-09-24T21:30:00Z,,,
CHROME-057,chrome,Theme choice repaints the whole app immediately,As an analyst I want a theme switch to take effect across the shell the moment I pick it.,"Selecting a theme applies its Fluent theme to the root provider, sets document color-scheme from the theme's light/dark scheme and repaints the page background, in addition to persisting themeId. The toolbar ThemePicker lists every registered theme with a colour swatch and marks the active one with ""✓"".",Toolbar ThemePicker menu; Settings > Appearance > Theme select,src/main.tsx; src/components/layout/ThemePicker.tsx; src/stores/ui-store.ts,all,both,"Extends CHROME-015, which covered only the choice list and persistence.",pass,story,none,,e2e_browser: stories/chrome-shell.spec.ts :: [CHROME-057] choosing a theme repaints the app immediately,2026-09-24T21:30:00Z,,,
CHROME-058,chrome,Chosen font family reaches both the UI and monospace stacks,As a user I want my chosen font used by the chrome and the log text alike.,"Setting fontFamily writes --cmtrace-font-family-ui and --cmtrace-font-family-mono on the document root with the chosen family quoted first and the platform fallbacks after it, so the shell text and log rows both change; selecting ""Default (System)"" (fontFamily null) removes both properties and restores the built-in stacks.",Settings > Appearance > Font family; Reset Defaults,src/main.tsx; src/stores/ui-store.ts,all,both,Extends CHROME-021.,pass,story,none,,e2e_browser: stories/chrome-shell.spec.ts :: [CHROME-058] the chosen font family reaches the UI and mono stacks,2026-09-24T21:30:00Z,,,
CHROME-059,chrome,Displayed timestamps follow the system date/time format,As a Windows analyst I want timestamps formatted the way the rest of Windows shows them.,"get_system_date_time_preferences reads HKCU Control Panel\International (sShortDate, sTimeFormat falling back to sShortTime, plus non-blank s1159/s2359 designators) and returns ISO-style defaults on non-Windows hosts; an unreadable key or value is an Internal error. The frontend loads the preferences at startup, refreshes them when the window regains focus, formats with the Windows pattern while they are cached, and falls back to Intl formatting when the initial read fails, keeping the previous cache if a refresh fails.","IPC get_system_date_time_preferences; any timestamp shown in the sidebar, status bar or Info pane",src-tauri/src/commands/system_preferences.rs; src/lib/date-time-format.ts; src/main.tsx,all (registry read Windows),both,"The registry read has no unit test (winreg + live HKCU), so that half is static-only evidence; the formatting/fallback half is driveable in the browser with an IPC override.",pass,story,none,,e2e_browser: stories/chrome-shell.spec.ts :: [CHROME-059] displayed timestamps follow the system date/time format,2026-09-24T21:30:00Z,,,
CHROME-060,chrome,Graph connection status and delegated capabilities,As an Intune admin I want to know whether Graph is connected and which reads it can actually perform.,"When enabled and authenticated the tab shows a green status with ""Connected"" or ""Connected with partial permissions"", the signed-in user principal name and tenant id, and one row per delegated capability reading ""Available"" or ""Missing permission — <scope>""; ""Request missing permissions"" appears only while scopes are missing, and ""Cancel permission request"" (""Cancelling..."" while cancelling) appears while a permission request is in flight.",Settings > Graph API > Connection Status,src/components/dialogs/settings/GraphApiTab.tsx,windows,both,"Extends CHROME-026, which described only the enable/sign-in/sign-out controls.",pass,story,none,,component_test: shows partial delegated permissions without treating missing sections as disconnected,2026-09-24T21:30:00Z,,,
CHROME-061,chrome,Graph unavailable host and permission notices,As a user I want a clear reason when Graph cannot work here or a permission request fails.,"On a host without WAM the status reads ""Work or school account unavailable"" with an explanation instead of ""Not connected""; a failed attempt shows its message in a red role=alert. Permission results publish a success/warning/error notice (role=status for non-errors) that survives an app-cache hydration and is only cleared after a successful sign-out or when Graph is disabled — a rejected or stale permission result reconciles to an explicit notice rather than silently resetting.",Settings > Graph API > Connection Status; Request missing permissions,src/components/dialogs/settings/GraphApiTab.tsx,windows,both,Extends CHROME-026 with the unsupported-host and permission-failure states.,pass,story,none,,component_test: shows deterministic stale guidance for a current structured stale result,2026-09-24T21:30:00Z,,,
CHROME-062,chrome,Pre-populate the Intune app cache from Graph,As an Intune admin I want app GUIDs resolved automatically during later analyses.,"""Pre-populate app cache"" is disabled unless the apps capability is granted, with the hint ""App cache requires DeviceManagementApps.Read.All.""; while running it reads ""Fetching apps..."", then either ""Cached <N> apps from Intune. GUIDs will be resolved automatically during log analysis."" (green) or ""No apps returned from Graph API. Check permissions.""; cache errors are shown in red beneath it.",Settings > Graph API > Pre-populate app cache,src/components/dialogs/settings/GraphApiTab.tsx,windows,both,Extends CHROME-026.,pass,story,none,,component_test: retains permission guidance during app cache hydration,2026-09-24T21:30:00Z,,,
CHROME-063,chrome,Graph actions are serialized and survive remounting,As a user I want one Graph operation at a time and I do not want switching settings tabs to lose it.,"Only one Graph action (sign-in, sign-out, cache, permissions) runs at a time; while one is pending every authenticated action button is disabled, and the pending/completion state is published module-wide so unmounting and remounting the tab continues to show the same in-flight action and its result instead of restarting it. A completion belonging to an action invalidated by disabling Graph is discarded rather than overwriting newer state.",Settings > Graph API buttons; switching away from and back to the Graph API tab,src/components/dialogs/settings/GraphApiTab.tsx,windows,both,Extends CHROME-026.,pass,story,none,,component_test: keeps a pending permission action shared across remounts without hydration superseding it,2026-09-24T21:30:00Z,,,
CHROME-064,chrome,File associations tab reflects how this edition is registered,As a Windows user I want to see whether CMTrace Open is already an available handler before clicking.,"On opening, the tab reads get_file_association_prompt_status and, when registered, shows a green ""CMTrace Open is registered as an available handler for the supported log file types."" and changes the primary button to ""Re-register CMTrace Open handler""; otherwise the button reads ""Register CMTrace Open as an available handler"". Successful registration adds the role=status line ""CMTrace Open is now available to choose in Windows Default Apps.""; on macOS and Linux the whole tab is a static note naming .log, .log_, .lo_ and .cmtlog.",Settings > File Associations,src/components/dialogs/settings/FileAssociationsTab.tsx,all (registration windows),both,Extends CHROME-025; the tab also explains that Windows keeps the current default until the user chooses CMTrace Open in Default Apps.,pass,story,none,,component_test: shows a static note off Windows,2026-09-24T21:30:00Z,,,
CHROME-065,chrome,"File association registration failures are reported, not swallowed",As a Windows user I want to know when registration did not actually take effect.,"A failed register call shows ""Failed to register CMTrace Open: <reason>""; a readback that stays false shows ""CMTrace Open registration could not be confirmed by Windows. Try again or check Windows Default Apps.""; a readback that throws shows ""CMTrace Open was registered, but Windows registration could not be confirmed: <reason>""; a failed initial status read shows ""Failed to read CMTrace Open handler registration: <reason>""; a failed Default Apps launch is reported separately — all in role=alert. Both actions are disabled while one is in flight and a second activation is ignored, and stale success text is cleared when a new action starts.",Settings > File Associations > Register / Open Windows Default Apps,src/components/dialogs/settings/FileAssociationsTab.tsx,windows,both,Extends CHROME-025.,pass,story,none,,component_test: does not claim success when registration readback remains false,2026-09-24T21:30:00Z,,,
CHROME-066,chrome,File association prompt eligibility status,As a Windows user I want the prompt only while CMTrace Open is not yet an available handler and I have not opted out.,"get_file_association_prompt_status reports supported=true on Windows with shouldPrompt = not suppressed and not already registered (the per-edition preferences file decides suppression), and is_registered from the registry readback; off Windows it returns supported=false, shouldPrompt=false, is_registered=false. set_file_association_prompt_suppressed writes the per-edition preferences file and works on any platform.",IPC get_file_association_prompt_status; IPC set_file_association_prompt_suppressed,src-tauri/src/commands/file_association.rs,all (registry readback windows),both,"Extends CHROME-025; the registry readback path itself requires a real Windows profile, only the identity/preference helpers are unit-tested.",pass,story,none,,e2e_browser: stories/other-workspaces.spec.ts :: [CHROME-066] off Windows neither the prompt nor the associations UI appears,2026-09-24T21:30:00Z,,,
CHROME-067,chrome,First-run association prompt is delayed and queued,As a user I do not want the association prompt fighting another dialog at startup.,"The prompt is considered 350 ms after startup, and only when the status says supported and shouldPrompt; it waits behind whichever modal is already open and activates once it owns the modal slot, and choosing ""Ask Later"" does not reopen it merely because another modal opened and closed.",App startup (standalone Windows install that has not registered),src/hooks/use-file-association-prompt.ts,windows,both,Extends CHROME-025/CHROME-031 (queue ownership of the prompt).,pass,story,none,,component_test: queues an eligible startup prompt until the active user dialog closes,2026-09-24T21:30:00Z,,,
CHROME-068,chrome,Register-and-open Default Apps keeps the prompt open on failure,As a Windows user I want the prompt to stay if registration or the picker did not actually work.,"""Register and open Default Apps"" (labelled ""Working..."" while running) registers, re-reads the status and only then opens the Windows-owned picker, closing on success; each failing step keeps the dialog open with its own role=alert (registration failed; registration could not be confirmed; registered but the picker could not be opened). ""Don't Ask Again"" persists the suppression and closes, ""Ask Later"" closes without persisting, and Escape, overlay click and external dismissal are refused while a submission is in flight.",First-run prompt buttons; file associations prompt dialog,src/components/dialogs/FileAssociationPromptDialog.tsx; src/stores/ui-store.ts,windows,both,Extends CHROME-025; e2e/modal-ownership.spec.ts also pins that external dismissal cannot release the busy prompt.,pass,story,none,,component_test: registers before opening the Windows-owned default picker,2026-09-24T21:30:00Z,,,
CHROME-069,chrome,Managed policy can disable update checks,As an administrator I want to switch off update checks fleet-wide.,"Update checks are reported disabled when HKLM or HKCU Software\CMTrace Open DisableUpdateChecks is a non-zero DWORD or a truthy string, or when CMTRACEOPEN_DISABLE_UPDATE_CHECKS is one of 1/true/yes/on/disabled/disable (case- and whitespace-insensitive). A disabled policy makes checkForUpdates return an info with the error ""Update checks are disabled by policy."" without invoking the updater, and disables the ""Check for updates on startup"" checkbox with the explanation ""Update checks are disabled by managed policy on this device.""",IPC get_update_policy; Settings > Updates; Help > Check for Updates,src-tauri/src/commands/app_config.rs; src/hooks/use-update-checker.ts; src/components/dialogs/settings/UpdatesTab.tsx,all (registry policy windows),both,Extends CHROME-024 and CHROME-028 with the enforcement path.,pass,story,none,,component_test: does not call the updater when policy disables manual checks,2026-09-24T21:30:00Z,,,
CHROME-070,chrome,Startup update check is silent and respectary of skip,As a user I want the app to tell me once about a new version without nagging.,"When ""Check for updates on startup"" is enabled exactly one check runs about 5 s after launch; if a newer version is available and it is not the skipped version the Check for Updates dialog opens, while a skipped version, a disabled preference, or a failed check (logged) leave the UI untouched. Channel-specific release metadata is read for the running build (nightly builds are marked as the nightly channel).",App startup with the Updates preference enabled,src/hooks/use-update-checker.ts; src/components/dialogs/UpdateDialog.tsx,all,both,Extends CHROME-028 (dialog states) and CHROME-024 (the preference); the skipped version lives in localStorage under cmtraceopen-skipped-update-version.,pass,story,none,,component_test: marks nightly update checks and opens the nightly release page,2026-09-24T21:30:00Z,,,
CHROME-071,chrome,Elevation state probe and menu item availability,"As a Windows user I want Restart as Administrator offered whenever it could help, and hidden elsewhere.","current_elevation_state reports platformSupported=false with the detail ""Restarting as administrator is only supported on Windows"" off Windows; on Windows a token-query failure reports is_elevated=false plus a detail so the action is still offered rather than disabled on an unknown state. The native File > ""Restart as Administrator…"" item exists only on Windows and is created disabled when the process is already elevated, since elevation cannot be gained without relaunching.",IPC get_app_elevation_state; File > Restart as Administrator…,src-tauri/src/elevation/mod.rs; src-tauri/src/menu.rs,windows,both,Extends CHROME-006 with the probe-failure policy and the Windows-only menu gating.,pass,story,none,,rust_test: menu::tests::restart_as_administrator_is_offered_only_on_windows,2026-09-24T21:30:00Z,,,
CHROME-072,chrome,Backend elevation request contract,"As a user I want UAC requested once, and nothing left behind if I say no.","restart_as_administrator validates the request, refuses a concurrent call with ""another administrator restart is already in progress"", and answers unsupportedPlatform/alreadyElevated with launched=false before writing anything. It writes the restore ticket before launching and discards it when the launch is cancelled, refused as unsupported/already elevated, failed, or the launch task panicked; on a successful launch it keeps the in-flight latch held and exits the app only after Windows confirmed the child started. Every error carries a stable kind plus a top-level message (a nested cause stays nested).",IPC restart_as_administrator,src-tauri/src/commands/elevation.rs,windows,both,"Extends CHROME-006, which described only the UI flow.",pass,story,none,,rust_test: commands::elevation::tests::the_in_flight_guard_admits_one_request_and_latches_after_a_launch,2026-09-24T21:30:00Z,,,
CHROME-073,chrome,"Access Denied offers elevation once, for the source that failed","As an analyst I want a permission error to offer an elevated retry, and nothing else to.","Only a failure the OS classified as Access Denied opens the restart confirmation, and it carries the workspace and the source that actually failed (captured before the elevation probe, which the user can switch workspaces during). Missing files, parse failures, non-Windows hosts, an already-elevated process, a failed probe, a confirmation already on screen, and a session that has already come back from an elevated retry (markElevationRetryAttempted) all produce no offer, and many simultaneous file failures in one folder produce one prompt.",Any source load that Windows refused with Access Denied,src/lib/elevation-recovery.ts; src/lib/source-error.ts; src/lib/elevation.ts,windows,both,Extends CHROME-006; the ESP coverage banner is the one caller that raises the request without the confirmation dialog.,pass,story,none,,component_test: offers elevation for a confirmed Access Denied,2026-09-24T21:30:00Z,,,
CHROME-074,chrome,Elevation requests collapse and never throw,"As a user I want a double-clicked confirm button to raise one UAC prompt, not two.","requestElevatedRestart collapses concurrent requests into one backend call (a second caller gets status ""busy""), converts every failure into an outcome object instead of throwing, maps launched/cancelled/alreadyElevated/unsupported to distinct outcomes, and leaves the guard latched after a successful launch so teardown cannot raise a second prompt while allowing fresh requests once a non-launch outcome settles. describeElevationOutcome renders each outcome, including ""Restarting as administrator is only supported on Windows.""",Restart-as-administrator confirmation dialog; ESP banner elevation button,src/lib/elevation.ts,windows,both,Extends CHROME-006.,pass,story,none,,component_test: collapses duplicate clicks into a single backend request,2026-09-24T21:30:00Z,,,
CHROME-075,chrome,Confirmation copy names the target without leaking the path,As an analyst I want to recognise what will reopen without pasting full paths into a dialog I might screenshot.,"The dialog is titled ""Restart as administrator?"" and its body names the restore target compactly — the last path segment for a file or folder, the stable id for a known source, ""the current workspace"" when no source rides along — and always states that other tabs, filters and searches are not restored (""Windows will ask you to approve the elevation."" is shown separately). The request targets exactly one source: a null source becomes the workspace-only target, and a known source travels by id rather than its expanded path.",RestartAsAdministratorDialog opened from File > Restart as Administrator or an Access Denied recovery,src/lib/elevation-request.ts; src/components/dialogs/RestartAsAdministratorDialog.tsx,windows,both,Extends CHROME-006.,pass,story,none,,component_test: does not put a full path in confirmation copy,2026-09-24T21:30:00Z,,,
CHROME-076,chrome,Elevated relaunch carries only a validated ticket,As a security reviewer I want the elevated child started with nothing but an opaque ticket and an allowlisted workspace.,"The relaunch request is rebuilt from scratch: the current executable, the fixed ""runas"" verb, and at most --elevation-restore=<validated hyphenated UUID> plus --elevation-workspace=<allowlisted workspace id>, with the child's working directory pinned to the install directory. A workspace without a ticket, a non-UUID ticket id, a NUL or secret-shaped argument all fail as UnsafeArgument; the parameter line follows Win32 quoting; a UAC cancellation (ERROR_CANCELLED) is reported as Cancelled rather than a failure, and any other ShellExecute failure is trimmed to 256 characters with secret-shaped text redacted.",IPC restart_as_administrator (internal relaunch),src-tauri/src/elevation/relaunch.rs,windows,both,Extends CHROME-006.,pass,story,none,,rust_test: elevation::relaunch::tests::a_successful_launch_builds_the_fixed_runas_request,2026-09-24T21:30:00Z,,,
CHROME-077,chrome,"Restore ticket is bounded, single-use, and expiring","As a security reviewer I want a tampered, stale, or replayed ticket to restore nothing.","A ticket is written as {uuid}.json under the app-local-data elevation-restore directory and is refused when the id is not a lowercase hyphenated UUID, the entry is not a regular file (including a symlinked ticket), it exceeds 8 KiB, its schema version differs, its embedded id differs, it is older than five minutes (or dated in the future), it carries unknown fields, or its target fails revalidation. Claiming renames the file before reading so a racing process sees NotFound, the claim is removed even when the contents are invalid, and every rejection is reported as a bounded summary rather than a path.",IPC restart_as_administrator (mint) and get_initial_elevation_restore (consume),src-tauri/src/elevation/restore_ticket.rs,windows,both,Extends CHROME-030/CHROME-006; ticket I/O is offloaded to the blocking pool and the claim runs before the directory prune.,pass,story,none,,rust_test: elevation::restore_ticket::tests::a_ticket_round_trips_and_is_consumed_once,2026-09-24T21:30:00Z,,,
CHROME-078,chrome,"Startup claims the restore ticket before pruning, and never fails the launch",As a user I want an unusable restore ticket to be ignored rather than blocking startup.,"get_initial_elevation_restore takes the ticket id once, claims it and prunes the ticket directory on the blocking pool so the UI thread is not stalled, and returns null (warning) for every unusable case — absent, expired, malformed, already consumed, or a worker that did not finish. A failed restore therefore starts the app normally at its default view.",App startup of an elevated child process,src-tauri/src/commands/elevation.rs; src/hooks/use-file-association.ts,windows,both,Extends CHROME-030/CHROME-006.,pass,story,none,,component_test: starts normally when the restore ticket cannot be read,2026-09-24T21:30:00Z,,,
CHROME-079,chrome,Cross-account elevation falls back to the allowlisted workspace,"As a user who approved UAC with a different account I still want the right workspace, even though my ticket is unreadable.","The elevated child is started with --elevation-workspace=<id> alongside the ticket; when the child runs under another profile and cannot read the ticket it restores only that allowlisted workspace (no source), and a workspace this platform or build does not offer resolves through the normal availability check to the default instead of forcing an unavailable view.",Elevated relaunch followed by app startup,src/hooks/use-file-association.ts; src-tauri/src/lib.rs; src-tauri/src/elevation/relaunch.rs,windows,both,Extends CHROME-030 and CHROME-006.,pass,story,none,,component_test: opens ESP Diagnostics when the elevated launch requests its workspace,2026-09-24T21:30:00Z,,,
CHROME-080,chrome,Startup launch intent precedence,"As a user I want double-clicking a file to win, and an internal option never to be treated as evidence.","Startup handles exactly one intent in order: positional file paths; a valid unconsumed restore ticket; an approved workspace-only startup argument (--workspace esp-diagnostics / --esp-diagnostics, only in a build with the esp-diagnostics feature); otherwise default startup. A malformed --elevation-restore= value is dropped — never demoted to a file path and never suppressing a legitimate positional open — only the first ticket is honoured, and a restore ticket makes the process a replacement launch that does not register the single-instance plugin.",Command line / OS file association launch,src-tauri/src/lib.rs; src-tauri/src/single_instance.rs; src/hooks/use-file-association.ts,all,both,Extends CHROME-030.,partial,story,coverage,"src-tauri/src/lib.rs tests (parse_initial_launch_arguments: valid ticket, malformed --elevation-restore=, first ticket only, ESP workspace option); src/hooks/use-file-association.test.tsx (""gives an explicit file-open request precedence over the restore ticket"")",component_test: src/hooks/use-file-association.test.tsx (+24 tests passed),2026-09-24T21:30:00Z,,,
CHROME-081,chrome,A launch carrying several files merges them into one stream,As an analyst I want a multi-file launch to open as one combined log view.,"A launch with a single positional path opens that file as its own source, while a launch with several opens them as one aggregate stream after making the log view visible and clearing the filter; a restore ticket reopens at most one source.",OS file association with multiple selected files; command line with several paths,src/hooks/use-file-association.ts,all,both,Extends CHROME-030 and CHROME-001.,pass,story,none,,e2e_browser: stories/chrome-shell.spec.ts :: [CHROME-081] a launch carrying several files loads them as one source,2026-09-24T21:30:00Z,,,
CHROME-082,chrome,Second launch raises the running window and hands over its files,"As a user I want a double-clicked log to appear in the window I already have open, not a second window.","A second launch is detected while the app is still being built so the stub window is never shown; the running ""main"" window is unminimized, shown and focused even when the launch carried no paths; the launch's paths are queued and second-launch-open is emitted without a payload. The window claims the queued paths on mount and on each announcement, taking-and-clearing them so a launch detected before the window was listening is still opened and no path is opened twice; a claim failure is logged and the next launch still opens.",OS file association double-click while running; launching the app again; command line with a path,src-tauri/src/single_instance.rs; src/hooks/use-file-association.ts; src-tauri/src/lib.rs,all,both,Extends CHROME-030; an elevated relaunch is excluded from the plugin because it replaces the process.,pass,story,none,,component_test: opens the path a second launch handed over when the window is woken,2026-09-24T21:30:00Z,,,
CHROME-083,chrome,Forwarded launch arguments are parsed and resolved safely,As a user I want a relative path I typed in another directory to open the file I actually named.,"A forwarded argv is parsed with the same definition as startup (element zero is discarded as the executable, so an app-owned option can never arrive as a file), paths containing spaces survive intact, every carried path is opened, an absolute path is passed through exactly as typed without normalization, a relative one is resolved against the directory the second launch ran in, and a launch that could not report its directory leaves the path as it arrived.",Second launch forwarded argv handled by the single-instance plugin,src-tauri/src/single_instance.rs,all,both,Extends CHROME-030.,pass,story,none,,rust_test: single_instance::tests::a_forwarded_launch_opens_the_path_that_follows_the_executable,2026-09-24T21:30:00Z,,,
CHROME-084,chrome,Forwarded opens are serialized so none is superseded,"As a user I want every file from every launch opened, in order, even if I double-click quickly.","All launch opens (startup and forwarded) run through one queue: a forwarded launch waits for the startup open still in flight instead of replacing it, two back-to-back launches wait for each other, each path of one launch is awaited before the next because a path open supersedes one still in flight, and a failed open does not stall the launches after it.",Two quick file-association launches; startup open plus a forwarded launch,src/hooks/use-file-association.ts,all,both,Extends CHROME-030.,pass,story,none,,component_test: opens forwarded paths one at a time so none is superseded,2026-09-24T21:30:00Z,,,
CHROME-085,chrome,Multi-file drops outside Log and Timeline open only the first path,As an analyst I want a drop to do something predictable in every workspace.,"A drag event that is not a drop, and a drop with no paths, are ignored; in the log workspace multiple paths are merged into one source; in the Timeline workspace every path is opened in turn and a failed path is logged while the remaining ones still open; in every other workspace only the first path is opened because those workspaces have no multi-source concept.",OS drag-and-drop onto the application window,src/hooks/use-drag-drop.ts,all,both,"Extends CHROME-029, which described the log-workspace path only.",pass,story,none,,component_test: opens only the first path for multi-file drops outside the log workspace,2026-09-24T21:30:00Z,,,
CHROME-086,chrome,Only workspaces whose open reports failure are recorded in Recent,As an analyst I do not want files that never opened cluttering File > Recent.,"An open is recorded only in the log and dsregcmd workspaces, the two whose open path reports failure, so a failed Intune, ESP or other workspace open cannot appear in Recent; recording is best-effort (a push failure is warned and the open still succeeds), known sources are not recorded, and a bare path whose kind cannot be resolved is skipped.",Any successful open in the log or dsregcmd workspace,src/hooks/use-app-actions.ts; src/lib/recent-entries.ts,all,both,Extends CHROME-004.,pass,story,none,,component_test: records a file source,2026-09-24T21:30:00Z,,,
CHROME-087,chrome,"Recent list dedupes, caps at ten, and prunes",As an analyst I want a short Recent list that never offers something that is gone.,"Pushing promotes an existing (normalized path, workspace) pair to the front instead of duplicating it, keeps the same path in different workspaces as separate entries, and caps the list at ten entries by dropping the oldest. Entries whose workspace this build does not have, or whose file is provably missing, are pruned — any error other than NotFound keeps the entry — with a one-second budget bounding how many existence checks a prune performs. A persistent write failure (read-only config directory) is warned about but still leaves the session's list correct and the Recent submenu rebuilt.",IPC push_recent_entry; File > Recent,src-tauri/src/commands/recent_entries.rs; src-tauri/src/menu.rs,all,both,"Extends CHROME-004; path normalization is case-insensitive with backslash as a separator only on Windows, and drive roots keep their separator.",pass,story,none,,rust_test: menu::tests::recent_clear_menu_id_maps_to_clear_recent_entries,2026-09-24T21:30:00Z,,,
CHROME-088,chrome,"Recent submenu labels, placeholder, and staleness guard","As an analyst I want Recent entries I can tell apart, and never the wrong file when the list changed under me.","Each entry is labelled ""<file or folder name> — <parent folder> (<Workspace>)"" (native menu items carry no tooltip, so the parent disambiguates), an empty list shows a disabled ""No recent files"" placeholder followed by ""Clear Recent"" on non-Windows and macOS alike. Each item id carries its index plus a hash of normalized path and workspace; clicking a row that went stale between menu build and click emits no action and rebuilds the submenu rather than opening a different file, and an out-of-range index or unparsable id is refused the same way.",File > Recent > <entry>; File > Recent > Clear Recent,src-tauri/src/menu.rs,all,both,Extends CHROME-004.,pass,story,none,,rust_test: menu::tests::recent_label_includes_name_parent_and_workspace,2026-09-24T21:30:00Z,,,
CHROME-089,chrome,Native menu mirrors command state,As a menu user I want greyed-out and checked items to describe what is possible right now.,"Every state push updates the native items: Open File/Open Folder text and enablement from the active workspace's labels and busy state, the known-sources submenu, Save Session enabled only with open tabs, Find/Find Next/Find Previous/Filter from the find capability, Sidebar/Details Pane/Info Pane as checkboxes, the pause item flipping between ""Pause Live Updates"" and ""Resume Live Updates"", Refresh, the Text Size submenu, Evidence Bundle Summary, the optional Collect Diagnostics item, and the Workspace checkmarks. A state naming a workspace this build does not have is an error rather than a silent skip.",Any UI state change; native menu,src-tauri/src/menu.rs; src/hooks/use-app-menu.ts,all,both,"Extends CHROME-010, which covered only always-on-top's dynamic checkmark, and CHROME-009's menu mirrors.",pass,story,none,,rust_test: menu::tests::menu_state_projects_dynamic_labels_capabilities_and_pause_text,2026-09-24T21:30:00Z,,,
CHROME-090,chrome,Menu state is applied all-or-nothing,As a user I do not want a half-updated menu after a failed sync.,"sync_app_menu_state resolves and validates the whole update set first — a missing non-optional item or an item of the wrong kind fails the call before anything changes — snapshots each target item, applies the updates in order, and rolls every already-applied item back to its snapshot if one update fails, logging each rollback failure. The frontend serializes syncs through one queue, drops syncs that started before unmount, and warns once per failure streak.",IPC sync_app_menu_state (driven by useAppMenu on every state change),src-tauri/src/menu.rs; src/hooks/use-app-menu.ts,all,both,"Extends CHROME-010's ""one serialized native-update queue"" with the atomic apply/rollback contract; no unit test exercises apply_menu_updates because it needs a live menu, so the Rust half is static-only.",pass,story,none,,component_test: warns once per synchronization failure streak,2026-09-24T21:30:00Z,,,
CHROME-091,chrome,Workspace menu groups and active checkmark,As an analyst I want the Workspace menu to group related modes and show which one I am in.,"The Workspace menu groups entries as Analysis, Endpoint Management and ""System & Security"" (the ampersand is escaped for muda) and lists only workspaces this platform and build offer, as check items with exactly one checked. Clicking one repairs the workspace checkmarks before the new state arrives, so a later sync failure cannot leave two workspaces ticked; a payload naming an unavailable workspace is warned about, ignored, and answered with a menu resync, and empty groups are omitted entirely.",Workspace menu > group > workspace,src-tauri/src/menu.rs; src/hooks/use-app-menu.ts,all,both,Extends CHROME-014.,pass,story,none,,component_test: validates workspace targets and keeps source and target IDs exclusive,2026-09-24T21:30:00Z,,,
CHROME-092,chrome,Known-source menu mirrors the catalog hierarchy,"As an analyst I want known logs grouped by family and group, and an honest message when there are none.","File > Open Known Source is built from the known-source catalog as Family > Group > source, ordered deterministically, with ungrouped sources appended after the grouped submenus. When the catalog is empty the submenu is a disabled ""No known log sources available on this platform"". Clicking a source emits open_known_source with that source id, while an empty or ""unavailable"" id emits nothing, and the Recent submenu still follows it on every platform.",File > Open Known Source > <family> > <group> > <source>,src-tauri/src/menu.rs,all,both,Extends CHROME-003.,pass,story,none,,rust_test: menu::tests::known_source_payload_uses_source_id_exclusively,2026-09-24T21:30:00Z,,,
CHROME-093,chrome,Menu accelerators match the visible keyboard commands,As a keyboard user I want the accelerator printed in the menu to be the key that works.,"Menu items carry the same accelerators as the in-app handler — CmdOrCtrl+O, Shift+CmdOrCtrl+S, CmdOrCtrl+F, F3, Shift+F3, CmdOrCtrl+Shift+L, CmdOrCtrl+B, CmdOrCtrl+H, CmdOrCtrl+U, F5, CmdOrCtrl+= / CmdOrCtrl+- / CmdOrCtrl+0, CmdOrCtrl+L and CmdOrCtrl+, — with macOS using Ctrl+H for Details Pane because Cmd+H belongs to the system Hide.",Native menu accelerator column; matching in-app shortcuts,src-tauri/src/menu.rs; src/hooks/use-keyboard.ts,all,both,Extends CHROME-001/CHROME-007/CHROME-009 (the actions themselves).,pass,story,none,,rust_test: menu::tests::accelerators_match_visible_keyboard_commands,2026-09-24T21:30:00Z,,,
CHROME-094,chrome,Menu layout differs per platform,As a macOS or Windows user I want the menu to follow my platform's conventions and to hide what my platform cannot do.,"macOS adds an application menu (About <app>, Settings…, Hide, Hide Others, Show All, Quit) and its File menu omits Exit while Help omits About; Windows adds ""Restart as Administrator…"" to File in its own group above Exit; Tools shows ""Collect Diagnostics…"" only in a Windows build with the collector feature; Settings lives under Tools on Windows and Linux but in the application menu on macOS; File > Exit quits the process immediately.",Application menu bar,src-tauri/src/menu.rs,all (per-platform differences),both,Extends CHROME-006 (Windows elevation item) and CHROME-019 (Collect Diagnostics entry).,pass,story,none,,rust_test: menu::tests::top_level_order_follows_platform_conventions,2026-09-24T21:30:00Z,,,
CHROME-095,chrome,Menu actions route through the shared application handlers,"As a menu user I want a menu click to do exactly what the equivalent toolbar action does, including the actions that have no toolbar button.","Each click emits app-menu-action with a versioned payload (menu_id, action, category, trigger ""menu"", and source_id/target_id/path/workspace/kind where they apply) which the frontend dispatches to the same handlers used elsewhere: Open File/Folder, Find/Find Next/Find Previous, Filter, Error lookup, Evidence bundle, Pause/Resume, Refresh, sidebar/details/info toggles, Always on Top, text size, About, Settings, GUID Registry, Collect Diagnostics, Check for Updates, Save Session, Open Session, Recent entry, Clear Recent, known source and workspace switching. Unrecognised actions and payloads missing their resolved fields are warned about and change nothing, a handler failure is logged without breaking later actions, and the listener is registered once while always dispatching the latest handlers so nothing is dropped across re-renders.",Any native menu item,src/hooks/use-app-menu.ts; src-tauri/src/menu.rs,all,both,Extends CHROME-003/CHROME-004/CHROME-005/CHROME-016/CHROME-017/CHROME-019/CHROME-028; the frontend applies a second availability check before switching workspaces or opening a recent entry.,pass,story,none,,component_test: routes newly exposed menu actions through the shared handlers,2026-09-24T21:30:00Z,,,
CHROME-096,chrome,Restart as administrator from the menu never replaces an open confirmation,As an analyst I do not want a menu click to reset a confirmation I am part-way through.,"The menu action returns immediately when a restart confirmation is already on screen; otherwise it opens the confirmation carrying the active workspace and, only when the log workspace is active, the active source, so restarting from ESP or Intune does not drag a stale log along. The backend is never called from the menu — only from the dialog's confirm button — so UAC can only appear after a deliberate second click.",File > Restart as Administrator…,src/hooks/use-app-menu.ts; src/stores/ui-store.ts,windows,both,Extends CHROME-006.,pass,story,none,,component_test: leaves a confirmation already on screen alone,2026-09-24T21:30:00Z,,,
CHROME-097,chrome,Session restore verifies saved file hashes,As an analyst I want to know when the logs in a saved session changed or vanished since I saved it.,"For every saved tab the restore computes the file hash and classifies a mismatched hash as ""changed"" and an unreadable/missing file as ""missing""; both are aggregated into one warning that names the affected files, tabs whose files still exist are still restored, and when no saved tab has a valid file the restore aborts with ""no valid files to restore"" leaving the current state untouched. A session file that cannot be read or does not parse is logged and ignored.",File > Open Session… and .cmtrace sessions with saved hashes,src/lib/session-restore.ts; src/lib/session.ts,all,both,"Extends CHROME-005, which described only the happy path.",partial,story,coverage,src/lib/session-restore.test.ts; src/lib/session.test.ts,component_test: src/lib/session-restore.test.ts (+4 tests passed),2026-09-24T21:30:00Z,,,
CHROME-098,chrome,Session restore maps tabs by path and yields to newer loads,As an analyst I want session restore to open the right files even when some of them load differently now.,"The current state is cleared first (entries, tabs, filter), the saved workspace is applied, the session is added to the recent-sessions list, then each saved file is loaded as its own tab; the active tab and per-tab scroll/selection are resolved against the live tab list by file path rather than the saved indices. If every individual load fails the aggregate loader is used as a fallback, and if a load is superseded by a newer source load the restore aborts (returning null) instead of reopening the stale session.",File > Open Session…,src/lib/session-restore.ts; src/stores/ui-store.ts,all,both,Extends CHROME-005.,pass,story,none,,component_test: does not aggregate after an individual restore is superseded,2026-09-24T21:30:00Z,,,
CHROME-099,chrome,"Session restore reapplies find, highlight, and filter state","As an analyst I want the highlight, search and filter I saved to still be applied after restoring.","Highlight text, find query, match-case and regex flags are written back into the log store after the files are loaded, and saved filter clauses are written through the filter store so the toolbar badge, status bar and Filter dialog all reflect them. A session with no clauses leaves the filter cleared.",File > Open Session… on a session saved with filters,src/lib/session-restore.ts; src/stores/filter-store.ts,all,both,Extends CHROME-005 and CHROME-008 (the Filter dialog state it restores).,pass,story,none,,component_test: writes the saved filter clauses back into the filter store,2026-09-24T21:30:00Z,,,
CHROME-100,chrome,Debug IPC bridge serves browser sessions,"As a developer running the browser harness I want real Rust answers for the commands the UI uses, and honest errors for the ones that need the Tauri runtime.","In debug builds the app serves POST /invoke on 127.0.0.1:1422 with permissive CORS and returns {""result"": …} or {""error"": …}; it implements real behaviour for a subset (open_log_file, parse_files_batch, get_app_version, get_available_workspaces, list_log_folder, inspect_path_kind, lookup_error_code, search_error_codes, the ESP capability/state queries, and the browser-session startup answers take_second_launch_paths / get_initial_elevation_restore / sync_app_menu_state / get_system_date_time_preferences), returns an explicit ""unavailable through the debug IPC bridge"" error for Graph sign-in, ESP native, restart and Windows file-association commands, and ""debug IPC bridge does not implement command `x`"" for anything else. A malformed request body returns a parse error, missing arguments return a named-argument error, a failed port bind logs a warning without aborting startup, and non-POST/GET/OPTIONS methods get 405.",HTTP POST http://localhost:1422/invoke (used by e2e/fixtures/index.ts),src-tauri/src/ipc_bridge.rs; e2e/fixtures/index.ts,all (debug builds),both,Compiled only with debug_assertions; this is the seam the Playwright shim relies on.,pass,retest,none,,e2e/stories/chrome-shell.spec.ts :: [CHROME-100] the debug IPC bridge serves browser sessions,2026-09-24T21:30:00Z,pass,2026-09-24T21:30:00Z,Defect fixed and re-verified: e2e/stories/chrome-shell.spec.ts :: [CHROME-100] the debug IPC bridge serves browser sessions
CHROME-101,chrome,Oversized text is bounded without splitting code points,As a maintainer I want oversized evidence fields truncated safely and traceably.,"boundUtf8WithDigest returns the value unchanged when it already fits the byte limit; otherwise it returns a prefix cut on a code-point boundary plus a ""…[truncated:<digest>]"" suffix whose digest covers the full original value, replacing any lone surrogate left at the cut. A byte limit smaller than the digest suffix throws, and the whole source string is never handed to TextEncoder (the digest is computed while scanning), so huge values are not duplicated in memory.","Event Log analysis payload projection (analysis identity/message fields, coverage-gap fields)",src/lib/bounded-utf8.ts; src/lib/commands.ts,all,both,Grounded in the callers in src/workspaces/event-log/event-analysis-session.ts and src/lib/commands.ts.,pass,story,none,,component_test: does not pass a large source string to TextEncoder,2026-09-24T21:30:00Z,,,
LOG-001,log,Auto-detect and parse log formats,"As an analyst I want CCM, CBS, DISM, Panther, simple, and plain text to open without picking a parser.",open_log_file / parse_files_batch detect format from sampled lines and show entries with severity colors. Encoding falls back UTF-8 then Windows-1252.,Open file/folder; drag-drop; known sources,src/lib/log-source.ts; crates/cmtraceopen-parser; src-tauri/src/parser,all,both,Verified 2026-08-18T15:35:10Z: detect_parser covers CCM/simple/plain/timestamped/CBS/DISM/Panther; decode_bytes UTF-8 then Windows-1252. Tests: crates/cmtraceopen-parser/src/parser/detect.rs,pass,retest,none,No confirmed defect in current verification.,existing_test,2026-08-18T19:17:47Z,pass,2026-09-24T21:30:00Z,No confirmed defect or remediation required; current behavior retained.
LOG-002,log,Virtualized log list,As an analyst I want smooth scrolling on 100K+ line files.,LogListView virtualizes rows. Click selects. Ctrl/Cmd+click toggles. Shift+click ranges. Arrows/Page/Home/End move selection among displayed (filtered) ids.,Log list,src/components/log-view/LogListView.tsx; src/hooks/use-keyboard.ts,all,both,Verified 2026-08-18T15:35:10Z: Virtualized rows render; click selects; Ctrl/Cmd+click toggles; Shift+click ranges. Tests: src/components/log-view/LogListView.selection.test.tsx,pass,retest,none,No confirmed defect in current verification.,existing_test,2026-08-18T19:17:47Z,pass,2026-09-24T21:30:00Z,No confirmed defect or remediation required; current behavior retained.
LOG-003,log,Jump to previous/next error,As an analyst I want to hop between Error rows.,Error toolbar shows live Error count. Previous/Next disabled at 0. Click selects the adjacent Error among currently displayed rows.,LogListView error toolbar,src/components/log-view/LogListView.tsx,all,both,Empty: 0 errors prev/next disabled. Seeded: 8 errors; Next error selected id 1.,partial,retest,coverage,"Current exact-head suite ran, but no focused current browser/component scenario covers the full user behavior.",ui,2026-08-18T19:17:47Z,partial,2026-09-24T21:30:00Z,No confirmed defect or remediation required; current behavior retained.
LOG-004,log,"Sort, reorder, resize, autofit columns",As an analyst I want to arrange columns to fit the case.,"Header sort cycles asc/desc (dateTime, lineNumber, severity order, localeCompare). Drag reorders and persists. Resize grip persists widths. Double-click autofits one column; severity header autofits all. Opening a source auto-expands message without a horizontal scrollbar.",Column headers,src/components/log-view/LogListView.tsx; src/stores/ui-store.ts,all,both,"Column headers Date/Time, Log Text, Component, Thread with sort + autofit controls. e2e no horizontal overflow.",partial,retest,coverage,"Current exact-head suite ran, but no focused current browser/component scenario covers the full user behavior.",ui,2026-08-18T19:17:47Z,partial,2026-09-24T21:30:00Z,No confirmed defect or remediation required; current behavior retained.
LOG-005,log,Copy selected rows,As an analyst I want selected lines on the clipboard including Windows clipboard history.,Focused list Ctrl/Cmd+C: one row is message\tcomponent\ttimestamp\tthread; many are messages newline-separated. Global Ctrl+C copies the selected entry unless the list is focused or a text selection exists. Clipboard-history mirror rewrites native copies through the plugin.,Ctrl/Cmd+C; context Copy Line/Message/Timestamp,src/components/log-view/LogListView.tsx; src/hooks/use-keyboard.ts; src/hooks/use-clipboard-history-mirror.ts,all,both,clipboard copy + history mirror tests.,pass,retest,none,No confirmed defect in current verification.,existing_test,2026-08-18T19:17:47Z,pass,2026-09-24T21:30:00Z,No confirmed defect or remediation required; current behavior retained.
LOG-006,log,Select all visible rows,As an analyst I want to select every displayed row.,Ctrl/Cmd+A on the focused list selects all displayEntries after filter/sort.,Ctrl/Cmd+A,src/components/log-view/LogListView.tsx,all,both,Verified 2026-08-18T15:35:10Z: Ctrl/Cmd+A selects all displayed rows. Tests: src/components/log-view/LogListView.selection.test.tsx,pass,retest,none,No confirmed defect in current verification.,existing_test,2026-08-18T19:17:47Z,pass,2026-09-24T21:30:00Z,No confirmed defect or remediation required; current behavior retained.
LOG-007,log,Row context menu,"As an analyst I want copy, include/exclude, jump, markers, error lookup, and reveal source.",Native menu: Copy Line/Message/Timestamp; Include/Exclude selection or full message (adds a live filter clause); Jump to Line; marker add/change/remove; Error Lookup if a code span; Open Source File reveals entry.sourceFile.,Right-click row,src/hooks/use-context-menu.ts,all,both,Verified 2026-08-18T15:35:10Z: Copy Line/Message/Timestamp; Include/Exclude; Jump to Line; Mark as Bug/Investigate/Confirmed; Error Lookup; Open Source File. Tests: src/hooks/use-context-menu.test.ts,pass,retest,none,No confirmed defect in current verification.,existing_test,2026-08-18T19:17:47Z,pass,2026-09-24T21:30:00Z,No confirmed defect or remediation required; current behavior retained.
LOG-008,log,Click error code in a message,As an analyst I want to inspect a highlighted HRESULT/Win32 code.,"Dotted underline spans stopPropagation, open the info pane if hidden, and set focusedErrorCode. Enter/Space on the span does the same.",Message error-code span,src/components/log-view/LogRow.tsx; src/components/log-view/InfoPane.tsx,all,both,Verified 2026-08-18T15:35:10Z: Dotted HRESULT span click/Enter stops row selection and reports the span. Tests: src/components/log-view/LogRow.stories.test.tsx,pass,retest,none,No confirmed defect in current verification.,existing_test,2026-08-18T19:17:47Z,pass,2026-09-24T21:30:00Z,No confirmed defect or remediation required; current behavior retained.
LOG-009,log,Per-file line markers,As an analyst I want colored bookmarks that persist per file.,Gutter click toggles the active category (default Bug). Ctrl/Cmd+M on the selected row. Right-click gutter: Bug / Investigate / Confirmed / Remove. Debounced save_markers; empty file delete_markers. Disabled in merged mode.,Gutter; Ctrl+M; context menu,src/components/log-view/LogRow.tsx; src/stores/marker-store.ts,all,both,Verified 2026-08-18T15:35:10Z: Gutter click toggles marker; context menu Bug/Investigate/Confirmed/Remove. Tests: src/components/log-view/LogRow.stories.test.tsx,pass,retest,none,No confirmed defect in current verification.,existing_test,2026-08-18T19:17:47Z,pass,2026-09-24T21:30:00Z,No confirmed defect or remediation required; current behavior retained.
LOG-010,log,Highlight text without Find,As an analyst I want a persistent highlight that is not a find session.,Toolbar Highlight input sets highlightText. Matching substrings are marked. Separate from FindBar case/regex.,Toolbar Highlight,src/components/layout/Toolbar.tsx; src/components/log-view/LogRow.tsx,all,both,Highlight input sets highlightText=HRESULT.,partial,retest,coverage,"Current exact-head suite ran, but no focused current browser/component scenario covers the full user behavior.",ui,2026-08-18T19:17:47Z,partial,2026-09-24T21:30:00Z,No confirmed defect or remediation required; current behavior retained.
LOG-011,log,Follow live tail unless scrolled up,As an analyst I want new lines to stick to the bottom unless I scroll up or pause.,"If within 50px of the bottom and not paused, new rows scroll to end.",Live stream,src/components/log-view/LogListView.tsx,all,both,"Verified 2026-08-18T15:35:10Z: New rows call scrollToIndex(last, end) when not paused and at bottom. Tests: src/components/log-view/LogListView.selection.test.tsx",pass,retest,none,No confirmed defect in current verification.,existing_test,2026-08-18T19:17:47Z,pass,2026-09-24T21:30:00Z,No confirmed defect or remediation required; current behavior retained.
LOG-012,log,Section and iteration banners,As an analyst I want section headers to stand out.,Section/Iteration rows render SectionDividerRow; click selects. Regular rows in a section get a left band.,Virtualizer,src/components/log-view/SectionDividerRow.tsx,all,both,Verified 2026-08-18T15:35:10Z: Section banner click selects; Iteration caption shown. Tests: src/components/log-view/SectionDividerRow.test.tsx,pass,retest,none,No confirmed defect in current verification.,existing_test,2026-08-18T19:17:47Z,pass,2026-09-24T21:30:00Z,No confirmed defect or remediation required; current behavior retained.
LOG-013,log,WhatIf row styling,As an analyst I want simulated lines marked.,"whatif rows: 60% opacity, italic message, WhatIf chip. filter-store.whatIfFilter has no chrome and is not applied in LogListView.",Severity cell,src/components/log-view/LogRow.tsx; src/stores/filter-store.ts,all,both,Store-only whatIfFilter; no UI. | Seeded WhatIf row showed a WhatIf chip in the list.,partial,retest,coverage,"Current exact-head suite ran, but no focused current browser/component scenario covers the full user behavior.",ui,2026-08-18T19:17:47Z,partial,2026-09-24T21:30:00Z,No confirmed defect or remediation required; current behavior retained.
LOG-014,log,Jump to line from another workspace,As an analyst I want a deployment handoff to land on a line.,pendingScrollTarget matching openFilePath selects the first entry with lineNumber>=target then clears.,log-store.setPendingScrollTarget,src/components/log-view/LogListView.tsx; src/stores/log-store.ts,all,both,Verified 2026-08-18T15:35:10Z: pendingScrollTarget matching openFilePath selects first lineNumber>=target and clears. Tests: src/components/log-view/LogListView.selection.test.tsx,pass,retest,none,No confirmed defect in current verification.,existing_test,2026-08-18T19:17:47Z,pass,2026-09-24T21:30:00Z,No confirmed defect or remediation required; current behavior retained.
LOG-015,log,Merge open tabs,As an analyst I want a unified timeline of two or more log tabs.,"Merge tabs... (log workspace, >=2 tabs) opens MergeTabsDialog. Checkboxes of non-registry tabs. Merge disabled under 2. Result is a merged tab with MergeLegendBar.",Toolbar Merge tabs; MergeTabsDialog,src/components/dialogs/MergeTabsDialog.tsx; src/components/log-view/MergeLegendBar.tsx,all,both,Merge Tabs dialog: Open at least two log files; Merge (0 files) disabled.,partial,retest,coverage,"Current exact-head suite ran, but no focused current browser/component scenario covers the full user behavior.",ui,2026-08-18T19:17:47Z,partial,2026-09-24T21:30:00Z,No confirmed defect or remediation required; current behavior retained.
LOG-016,log,Merged-tab legend and correlation,As an analyst I want to hide contributing files and set a correlation window.,Per-file chips toggle visibility; All/None; Correlate 100ms/500ms/1s/5s/10s; Auto; count N merged. Info pane lists up to 20 correlated rows; click selects.,MergeLegendBar; Info pane,src/components/log-view/MergeLegendBar.tsx; src/components/log-view/InfoPane.tsx,all,both,"Verified 2026-08-18T15:35:10Z: File chips, All/None, Correlate windows, Auto, N merged. Tests: src/components/log-view/MergeLegendBar.test.tsx",pass,retest,none,No confirmed defect in current verification.,existing_test,2026-08-18T19:17:47Z,pass,2026-09-24T21:30:00Z,No confirmed defect or remediation required; current behavior retained.
LOG-017,log,Diff two open logs,As an analyst I want unique vs common lines highlighted.,Diff tabs... opens DiffConfigDialog for two log tabs. Header shows common/only-A/only-B. Side-by-side synced scroll or Unified. Click selects. Close exits.,Toolbar Diff tabs; DiffConfigDialog,src/components/log-view/DiffView.tsx; src/components/log-view/DiffHeader.tsx; src/components/dialogs/DiffConfigDialog.tsx,all,both,Compare Log Files dialog: Source A/B selects + Compare.,partial,retest,coverage,"Current exact-head suite ran, but no focused current browser/component scenario covers the full user behavior.",ui,2026-08-18T19:17:47Z,partial,2026-09-24T21:30:00Z,No confirmed defect or remediation required; current behavior retained.
LOG-018,log,DNS/DHCP handoff banner,As an analyst I want a specialist view when a DNS/DHCP log is detected.,If parser is dnsDebug/dnsAudit/dhcp and not dismissed: Open in workspace adds the source to dns-dhcp and switches workspace; Dismiss hides for the session.,DnsWorkspaceBanner,src/components/log-view/DnsWorkspaceBanner.tsx,all,both,Verified 2026-08-18T15:35:10Z: dnsDebug banner; Open in workspace adds source and switches; Dismiss hides. Tests: src/components/log-view/DnsWorkspaceBanner.test.tsx; src/stores/ui-store.test.tsx,pass,retest,none,No confirmed defect in current verification.,existing_test,2026-08-19T13:56:46Z,pass,2026-09-24T21:30:00Z,Removed duplicate persisted DNS dismissal state and legacy rehydrate acceptance; dismissal is session-only and the persistence regression test passes.
LOG-019,log,Info pane for selected entry,"As an analyst I want the full line, parser, codes, GUIDs, and app-policy decode.","Shows line|severity|component|time, file, parser, Result/GLE/Phase/Op, GUID chips, AppWorkloadScriptDetail, correlated list, message. Error banner: Open lookup / Dismiss. Empty states for no entries / no selection.",Toolbar Info; error span; defaultShowInfoPane,src/components/log-view/InfoPane.tsx; src/components/log-view/AppWorkloadScriptDetail.tsx,all,both,Empty info pane: No log entries loaded. | Selecting the 0x80070005 row surfaced that code in the info pane.,partial,retest,coverage,"Current exact-head suite ran, but no focused current browser/component scenario covers the full user behavior.",ui,2026-08-18T19:17:47Z,partial,2026-09-24T21:30:00Z,No confirmed defect or remediation required; current behavior retained.
LOG-020,log,Resize info pane,As an analyst I want more or less detail height.,4px row-resize separator; height clamped 80px to 70% viewport during drag. infoPaneHeight is session-only (not persisted).,Info pane separator,src/components/layout/AppShell.tsx,all,both,Persist partialize does not include infoPaneHeight. | Verified 2026-08-18T15:35:10Z: 4px row-resize clamp 80px–70% viewport is in AppShell drag handler. Height is session-only (not in persist partialize). Tests: src/components/layout/AppShell.tsx; src/stores/ui-store.ts,partial,retest,coverage,"Current exact-head suite ran, but no focused current browser/component scenario covers the full user behavior.",code_review,2026-08-18T19:17:47Z,partial,2026-09-24T21:30:00Z,No confirmed defect or remediation required; current behavior retained.
LOG-021,log,File tabs,As an analyst I want multiple files open.,Click/Enter/Space switches. Arrows/Home/End among visible tabs. Close X closes the tab (confirm if confirmTabClose). Overflow chevron lists the rest. Merged tab label Merged (N files).,TabStrip,src/components/layout/TabStrip.tsx,all,both,ui-store tab open/close/switch.,pass,retest,none,No confirmed defect in current verification.,existing_test,2026-08-18T19:17:47Z,pass,2026-09-24T21:30:00Z,No confirmed defect or remediation required; current behavior retained.
LOG-022,log,Folder sidebar file list,As an analyst I want sibling logs listed with size and mtime.,Reload source; Retry after fail; files click loadSelectedLogFile and clearFilter; Active/Loading badges. >=2 files: Merge into Timeline (cached snapshots). Footer Pause/Resume and Refresh when footerBar.,FileSidebar,src/components/layout/FileSidebar.tsx,all,both,"Folder source sidebar: Reload source, This folder is empty, Select a file to populate the main log list.",partial,retest,coverage,"Current exact-head suite ran, but no focused current browser/component scenario covers the full user behavior.",ui,2026-08-18T19:17:47Z,partial,2026-09-24T21:30:00Z,No confirmed defect or remediation required; current behavior retained.
LOG-023,log,Quick stats severity cards,As an analyst I want a rollup I can filter or look up.,Hidden if no entries. Cards Errors/Warnings/Info/Success click-filter those IDs. Table sortable Code/Description/Category/Count; row click opens Error Lookup. Time range text.,Above log list,src/components/panels/QuickStatsPanel.tsx,all,both,Focused current component test passed; no additional defect note.,partial,retest,coverage,"Current exact-head suite ran, but no focused current browser/component scenario covers the full user behavior.",ui,2026-08-18T19:17:47Z,partial,2026-09-24T21:30:00Z,Collapsed-by-default is intentional so the log list stays visible. Header still shows Quick Stats + total count. Expanding-by-default broke layout in e2e; reverted.
LOG-024,log,Registry snapshot tab,As an analyst I want keys and values when a .reg tab is active.,"Parses via parse_registry_file. Header shows key/value counts and a splitter of at least 180px. Primary-pointer row activation selects; disclosure activation expands without stealing selection or focus; leaves never expand. Releasing a disclosure press outside the chevron clears transient focus intent without toggling. Touch compatibility focus preserves disclosure intent only through the resulting click. ArrowLeft collapses an expanded node or moves a leaf/collapsed node to its parent; Home/End move to boundaries; collapsing an ancestor repairs a hidden descendant selection. Virtualized treeitems expose level, selected, expanded, posinset, setsize, active-descendant, and visible focus state. Values show Name/Type/Data.",Open .reg; AppShell when fileKind=registry,src/components/registry-view/RegistryViewer.tsx; src/components/registry-view/KeyTree.tsx; src/components/registry-view/ValueTable.tsx; src/stores/registry-store.ts; src/lib/registry-utils.ts; e2e/registry-tree.spec.ts,all,both,"Focused component regressions and real Chromium mouse/touch scenarios cover pointer/disclosure separation, outside-release cleanup, compatibility focus, leaf guards, ArrowLeft/Home/End, collapse selection repair, virtualized sibling metadata, and contrasting focus-visible outline.",partial,retest,coverage,Real Chromium mouse/touch behavior passes; native WebView plus VoiceOver/NVDA acceptance remains unobserved.,focused_test+browser,2026-08-23T05:23:47Z,partial,2026-09-24T21:30:00Z,"Completed the virtualized registry-tree interaction and accessibility contract, including document-level pointer termination and touch compatibility events. Evidence: RegistryViewer 19/19 plus registry Playwright 3/3."
LOG-025,log,Folder parse progress overlay,As an analyst I want progress while a folder loads.,Overlay spinner + ProgressBar + N of M + current file while folderLoadProgress is set.,Folder open,src/components/layout/AppShell.tsx,all,both,Verified 2026-08-18T15:35:10Z: folderLoadProgress drives Parsing N of M — current file status. AppShell overlay uses the same store fields. Tests: src/components/layout/StatusBar.folder-progress.test.tsx; src/stores/log-store.test.ts,pass,retest,none,No confirmed defect in current verification.,existing_test,2026-08-18T19:17:47Z,pass,2026-09-24T21:30:00Z,No confirmed defect or remediation required; current behavior retained.
LOG-026,log,dsregcmd paste and live capture from toolbar,As a Windows admin I want Paste and Capture when dsregcmd is active.,"On dsregcmd workspace the Open menu adds Paste clipboard and Capture live output, calling pasteDsregcmdSource / captureDsregcmdSource.",Toolbar Open menu,src/components/layout/Toolbar.tsx; src/hooks/use-app-actions.ts,windows,full,Verified 2026-08-18T15:35:10Z: Open menu adds Paste clipboard and Capture live output; workspace/sidebar Capture/Paste buttons. Tests: src/components/layout/Toolbar.dsregcmd.test.tsx; src/workspaces/dsregcmd/DsregcmdWorkspace.test.tsx,partial,retest,coverage,Native platform behavior is unavailable on this macOS host; automated coverage is contract/component-level.,existing_test,2026-08-18T19:17:47Z,partial,2026-09-24T21:30:00Z,No confirmed defect or remediation required; current behavior retained.
LOG-027,log,Toggle find match-case and regular-expression modes,As an analyst I want case-sensitive and regex find so that I can match exactly the text I mean instead of every case variant.,"Opening the find bar focuses the ""Find..."" input and selects any existing text. Two toggle buttons with aria-label ""Match case"" and ""Use regular expression"" mirror findCaseSensitive/findUseRegex in aria-pressed and switch to the brand background when active; toggling either recomputes the match set immediately (no debounce).","Ctrl/Cmd+F (Toolbar/menu Find) -> FindBar buttons ""Match case"" and ""Use regular expression""",src/components/layout/FindBar.tsx; src/stores/log-store.ts,all,both,Extends CHROME-007 with the FindBar's own toggle surface and its ARIA state.,pass,story,none,,component_test: focuses the find field and exposes match-case and regex toggles,2026-09-24T21:30:00Z,,,
LOG-028,log,"Find bar reports match index, no-results and invalid-regex status",As an analyst I want to see how many matches exist and which one I am on so that I know whether my search is even hitting anything.,"With a non-empty query the input's content-after area shows ""<currentIndex+1> of <matchCount>"", ""No results"" when findMatchIds is empty, and ""Invalid regex"" when the pattern fails to compile; both failure strings are rendered in red (colorPaletteRedForeground1) while a normal count is neutral. A blank/whitespace query shows no status text at all.","FindBar status area inside the ""Find..."" input",src/components/layout/FindBar.tsx; src/stores/log-store.ts,all,both,Extends CHROME-007.,pass,story,none,,"component_test: shows match index, no-results, and invalid regex status",2026-09-24T21:30:00Z,,,
LOG-029,log,Step through find matches with wraparound,As an analyst I want Enter/F3 and Shift+Enter/Shift+F3 to walk matches so that I can triage a file without touching the mouse.,"Enter/F3 call findNext and Shift+Enter/Shift+F3 call findPrevious; both wrap (next from the last match returns to index 0, previous from index <=0 jumps to the last match) and set selectedId to the matched entry. The ""Previous match (Shift+Enter)"" and ""Next match (Enter)"" buttons are disabled whenever the match list is empty. Escape (and the ""Close (Escape)"" button) hides the bar, but the query, match list and current index survive, so reopening shows the previous session until the file changes.","FindBar input keyboard; buttons ""Previous match (Shift+Enter)"", ""Next match (Enter)"", ""Close (Escape)""; store findNext/findPrevious",src/components/layout/FindBar.tsx; src/stores/log-store.ts; src/components/layout/AppShell.tsx,all,both,"Extends CHROME-007; clearFind is only reached through clearActiveFile/clear, so hiding the bar is not a reset.",pass,story,none,,"component_test: Enter/F3 find next, Shift+Enter/Shift+F3 previous, Escape closes",2026-09-24T21:30:00Z,,,
LOG-030,log,Find searches the message plus every active column,As an analyst I want find to cover the columns I am looking at so that thread ids and components are searchable too.,"computeFindMatches builds each entry's haystack from the message plus each active column's value (dateTime through formatLogEntryTimestamp, other columns through getColumnDef accessor, with message/severity/lineNumber skipped as duplicates), so changing the column set changes what matches. Regex mode compiles the user pattern with the 'i' flag unless case-sensitive, and an invalid pattern yields an empty match list rather than throwing.","FindBar ""Find..."" input; column visibility toggles (Details/Ctrl+H and column config)",src/stores/log-store.ts; src/components/log-view/LogListView.tsx,all,both,Extends CHROME-007; distinct from LOG-010 (highlight text) which does not search columns.,pass,story,none,,e2e_browser: stories/log-view.spec.ts :: [LOG-030] find searches the message plus every active column,2026-09-24T21:30:00Z,,,
LOG-031,log,Build an AND filter from field/op/value clauses,As an analyst I want to compose a filter from explicit clauses so that I can narrow a big log precisely.,"The dialog (aria-label ""Filter"") renders one row per clause with a field select (Log Text, Component, Thread, Date/Time, Severity), an op select (equals, does not equal, contains, does not contain, is before, is after) and a ""Value..."" input; every row after the first is prefixed with ""AND"", ""+ Add Clause"" appends an empty clause, and each row shows a ""Remove clause"" button once more than one exists. Opening the dialog seeds rows from currentClauses (or a single empty clause) and moves focus to the first value input.","Toolbar ""Filter..."" / Ctrl+Shift+L -> dialog ""Filter""",src/components/dialogs/FilterDialog.tsx; src/components/layout/Toolbar.tsx,all,both,Extends CHROME-008 (filter dialog) with the clause/operator surface.,pass,story,none,,component_test: exposes a dialog landmark when open,2026-09-24T21:30:00Z,,,
LOG-032,log,Apply sends only non-empty clauses and reports filter state,As an analyst I want the dialog to tell me what will be applied and what is currently active so that I do not apply a half-typed clause.,"Apply drops every clause whose value trims to empty, calls onApply with the rest and closes on success; ""Clear Filter"" calls onApply([]) and closes. The status line reads ""Applying filter..."", ""Filter failed: <message>"", ""<n> clause(s) currently active"" or ""No filter currently active"", and appends "" - Draft clauses ready: <n>"" while idle with no error.","FilterDialog buttons ""Apply""/""Applying..."", ""Clear Filter"", ""Cancel""",src/components/dialogs/FilterDialog.tsx; src/stores/filter-store.ts; src/components/layout/AppShell.tsx,all,both,Extends CHROME-008.,pass,story,none,,e2e_browser: stories/log-view.spec.ts :: [LOG-032] Apply drops blank clauses and reports filter state,2026-09-24T21:30:00Z,,,
LOG-033,log,Filter dialog locks its controls while applying,As an analyst I want the dialog to stay put while a slow filter runs so that I cannot corrupt the request mid-flight.,"While isFiltering is true every clause input, ""+ Add Clause"", ""Remove clause"", Apply, Clear Filter and Cancel is disabled and Escape no longer closes the dialog; a click on the backdrop closes it only when not filtering. If apply_filter rejects, the store records filterError, the dialog stays open and the status line switches to ""Filter failed: <error>"" in red.",FilterDialog while a filter is applying or after a failure,src/components/dialogs/FilterDialog.tsx; src/stores/filter-store.ts; src/components/layout/AppShell.tsx,all,both,Extends CHROME-008.,pass,story,none,,component_test: moves focus to the dialog surface when filtering disables controls,2026-09-24T21:30:00Z,,,
LOG-034,log,apply_filter returns ids matching every clause,As an analyst I want multiple filter clauses combined with AND so that each added clause narrows the result.,"apply_filter returns the ids of entries satisfying all clauses (all clauses ANDed) in input order, and returns every id when the clause list is empty. String comparison lowercases both haystack and needle so equals/does-not-equal/contains/does-not-contain are case-insensitive; Component and Thread treat a missing value as """", Timestamp compares entry.timestamp.unwrap_or(0), Severity compares the label string, and Before/After on non-timestamp fields match every row.",IPC apply_filter (invoked by AppShell runFilter when clauses or entries change),src-tauri/src/commands/filter.rs; src/components/layout/AppShell.tsx,all,both,Extends CHROME-008; the dialog only ever sends a filtered clause list.,pass,story,none,,rust_test: commands::filter::tests::timestamp_before_uses_parsed_date,2026-09-24T21:30:00Z,,,
LOG-035,log,apply_filter parses timestamp clause values and rejects bad ones,As an analyst I want to type a familiar date into an is-before clause so that I can slice a log by time without converting anything.,"For the Date/Time field with ops other than the substring ops the value is parsed once into epoch millis, accepting epoch millis, RFC 3339, ""%Y-%m-%dT%H:%M:%S[.f]"", ""%Y-%m-%d %H:%M:%S[.f]"", ""%m/%d/%Y %H:%M:%S[.f]"", ""%m/%d/%Y %I:%M:%S %p"", ""%Y-%m-%d"" and ""%m/%d/%Y""; timezone-less values are read as local time (a DST fall-back instant resolves to the earlier one) and a date-only value means local midnight. An unparseable value fails the whole call with InvalidInput ""Invalid timestamp filter value '<value>'. Use epoch milliseconds, YYYY-MM-DD, MM/DD/YYYY, or an ISO-8601 date/time."", which the dialog surfaces as ""Filter failed: ..."".",FilterDialog Date/Time clause value; IPC apply_filter,src-tauri/src/commands/filter.rs; src/components/dialogs/FilterDialog.tsx,all,both,Extends CHROME-008.,pass,story,none,,rust_test: commands::filter::tests::timestamp_filter_rejects_invalid_values,2026-09-24T21:30:00Z,,,
LOG-036,log,Toolbar Filter button opens the dialog or clears the filter,As an analyst I want one button that shows whether a filter is on and clears it in one click so that I can get back to the full log quickly.,"With no clause active the button reads ""Filter..."" (title ""Filter... (Ctrl+Shift+L)"") and opens the dialog; with N clauses active it reads ""Filter (N)"", has aria-pressed true, is primary-appearance, and its title is ""Clear active filter (N clause[s]) - click to remove"" - clicking then calls clearFilter without opening the dialog. It is disabled when there is no active filter and the workspace cannot filter (no entries).","Toolbar button ""Filter..."" / ""Filter (N)""",src/components/layout/Toolbar.tsx; src/stores/filter-store.ts,all,both,Extends CHROME-008.,pass,story,none,,e2e_browser: stories/log-view.spec.ts :: [LOG-036] the Filter button is disabled with no entries loaded,2026-09-24T21:30:00Z,,,
LOG-037,log,Selection moves to the nearest visible row after filtering,As an analyst I want the details pane to follow me when the row I selected is filtered away so that I am never looking at a hidden entry.,"setFilteredIds reconciles the selection: if the selected id is not in the new id set the store selects the nearest following visible entry, then the nearest preceding one, and clears the selection when the set matches nothing. Passing null (filter cleared) leaves the selection untouched.",FilterDialog Apply/Clear Filter; live-tail re-filter in AppShell,src/stores/filter-store.ts; src/components/layout/AppShell.tsx,all,both,Extends CHROME-008; goes beyond the existing row by covering what happens to selectedId.,pass,story,none,,e2e_browser: stories/log-view.spec.ts :: [LOG-037] selection moves to the nearest visible row after filtering,2026-09-24T21:30:00Z,,,
LOG-038,log,Saved sessions keep filter clauses and drop malformed ones,"As an analyst I want my filter restored with a saved session so that reopening a case puts me back where I was, without a hand-edited file breaking the app.","Session save persists filters.clauses and restore routes them through sanitizeClauses, which keeps only clauses whose field is one of Message/Component/Thread/Timestamp/Severity and op one of Equals/NotEquals/Contains/NotContains/Before/After with a string value; malformed clauses are dropped while valid ones survive, and a missing or non-array clauses value yields an empty list so a tampered session can never replay a bad clause into apply_filter.",File > Save session / session restore; session JSON filters.clauses,src/lib/session.ts; src/components/dialogs/FilterDialog.tsx,all,both,Extends CHROME-005 (save and restore a session) with the filter-clause contract.,pass,story,none,,component_test: keeps well-formed clauses,2026-09-24T21:30:00Z,,,
LOG-039,log,Error navigation toolbar counts and steps visible errors,"As an analyst I want to see the error count of what is on screen and hop to the next one so that I triage the filtered view, not the raw file.","The toolbar (aria-label ""Error navigation"") shows a dot that turns red when the count is non-zero plus ""1 error""/""N errors"" inside an aria-live polite region, counted over displayEntries after filtering and sorting; ""Previous error"" and ""Next error"" are disabled at zero and otherwise move the selection to the adjacent Error row and focus the list. The list is a role=listbox labelled ""Log entries"" with aria-activedescendant pointing at the selected row and an inset brand focus ring while keyboard focus is inside.","log list toolbar ""Error navigation""; list ""Log entries""",src/components/log-view/LogListView.tsx; src/lib/error-navigation.ts,all,both,Extends LOG-003 (error hopping) and LOG-002 (virtualized list) with the live count and listbox semantics.,pass,story,none,,e2e_browser: stories/log-view.spec.ts :: [LOG-039] error navigation counts and steps the visible errors,2026-09-24T21:30:00Z,,,
LOG-040,log,Selection scrolls the row into view unless the user clicked it,As an analyst I want keyboard and programmatic selection to bring the row on screen without the list jumping under my mouse.,"When the selected entry resolves to a displayed index the virtualizer scrolls that row to the centre; clicking a visible row sets a suppression flag first so the click itself does not move the scroll position. Navigation that changes selection without a click (arrow keys, find next, jump-to-line, deployment handoff) is centred.","log list selection via keyboard, find, Jump to Line..., external pendingScrollTarget",src/components/log-view/LogListView.tsx,all,both,Extends LOG-002/LOG-014.,pass,story,none,,component_test: consumes a matching pending scroll target and selects the first line at or after the target,2026-09-24T21:30:00Z,,,
LOG-041,log,Auto-fit all columns from the severity header,As an analyst I want a one-click fit for every column so that wide message text stops hiding the other fields.,"The severity column header hosts a button labelled ""Auto-fit all columns to content width"" (activated by click or Enter/Space) that recomputes every visible column width with calcAutoFitWidth using the rendered row's font; double-clicking any header (title ""Double-click to auto-fit this column"") fits only that column. A deliberate fit is not clamped to the viewport, so the user can still widen a column past the window.",log list column header; severity header fit button,src/components/log-view/LogListView.tsx; src/lib/column-config.ts,all,both,Extends LOG-004 (column behaviour).,pass,story,none,,e2e_browser: stories/log-view.spec.ts :: [LOG-041] the severity header auto-fits every column past the viewport,2026-09-24T21:30:00Z,,,
LOG-042,log,Message column auto-expands without creating a horizontal scrollbar,"As an analyst I want the message column to use the spare width when a log opens so that I read full lines, but never at the cost of sideways scrolling.","100 ms after a source is applied the message column is measured against rendered content and set to the fit width clamped to the space left after the other visible columns and the marker gutter; one attempt is tracked per source mode + path so each new file or aggregate load re-runs once, and a user-sized message column is left alone. A manual double-click fit may still exceed the clamp.","opening any log file, folder aggregate or multi-file selection",src/components/log-view/LogListView.tsx; src/lib/column-config.ts; e2e/log-view-fit.spec.ts,all,both,Extends LOG-004; regression guard for issue #254.,pass,story,none,,e2e_browser: stories/log-view.spec.ts :: [LOG-042] the message column auto-expands without a horizontal scrollbar,2026-09-24T21:30:00Z,,,
LOG-043,log,Rows are tinted and labelled by severity,As an analyst I want severity to be unmistakable at a glance but also announced to a screen reader so that I can scan a log quickly.,"Row background and text come from the active theme's severityPalette for Error/Warning/Success and fall back to the info palette for Info; the severity cell exposes aria-label with the severity text and draws an 8px dot in the matching colour (neutral for Info), and a ""WhatIf"" chip appears when entry.whatif is set.","log list rows, Severity column",src/components/log-view/LogRow.tsx; src/lib/constants.ts,all,both,Extends LOG-013 (WhatIf styling) and LOG-001 (severity colours).,pass,story,none,,component_test: renders a Success row with the theme's green background and text,2026-09-24T21:30:00Z,,,
LOG-044,log,"Row overlay precedence: selection, find match, marker and correlation","As an analyst I want to tell apart a selected row, a find hit, a bookmarked row and a correlated row even when they overlap.","A selected row always paints the brand background; otherwise a find match overlays a translucent yellow layer on the severity background. The left band is chosen in order marker colour, merge file colour, section band colour, then selection/no colour, and a marker adds a ~9% tint while a merge correlation adds a ~19% tint. Multi-selected rows get a blue outline (plus an 8% blue tint when they carry no marker) so a range selection is visible next to markers.","log list rows (selection, find, markers, merged correlation)",src/components/log-view/LogRow.tsx; src/lib/constants.ts,all,both,Extends LOG-002/LOG-005/LOG-010/LOG-016 by pinning the precedence rules.,partial,story,coverage,src/components/log-view/LogRow.stories.test.tsx plus component tests asserting the computed backgroundImage/boxShadow for combined states,component_test: src/components/log-view/LogRow.stories.test.tsx (+2 tests passed),2026-09-24T21:30:00Z,,,
LOG-045,log,Marker files are keyed by a stable hash of the source path,As an analyst I want bookmarks to survive app restarts and never leak between files so that reopening a log shows my notes.,"load_markers, save_markers and delete_markers resolve markers/<sha256(path)>.json under the app data directory using lowercase, zero-padded hex; load returns None when no file exists, a malformed file fails with a Parse error naming the path and reason, save creates the markers directory when needed and writes pretty JSON, and delete is a no-op when nothing exists.","IPC load_markers / save_markers / delete_markers (marker gutter, Ctrl/Cmd+M, row context menu, list-view debounced flush)",src-tauri/src/commands/markers.rs; src/stores/marker-store.ts,all,both,"Extends LOG-009; the hash is a storage key, so changing it would orphan saved markers.",pass,story,none,,rust_test: commands::markers::tests::hash_file_path_encoding_is_stable,2026-09-24T21:30:00Z,,,
LOG-046,log,Marker saves are serialized and an empty file is deleted,As an analyst I want removing my last bookmark to clean up its file instead of leaving an empty stub.,"saveMarkers snapshots the file's markers and categories plus its preserved created timestamp and returns ""saved"", ""deleted"" or ""failed""; when the file map is empty it calls delete_markers instead of writing (outcome ""deleted""). Requests for one path are queued so an older snapshot cannot land last, a save requested before the first successful read triggers that read first, and a failed read makes the save return ""failed"" without writing.","marker-store.saveMarkers (gutter click, Ctrl/Cmd+M, context menu, list-view debounce)",src/stores/marker-store.ts,all,both,Extends LOG-009.,pass,story,none,,component_test: reports successful and failed marker persistence outcomes,2026-09-24T21:30:00Z,,,
LOG-047,log,Marker edits made during a load win over stale disk state,As an analyst I want to keep marking lines while a file is still loading so that late disk data never erases my work.,"A load merges the disk map into the resident map: markers added before the response are preserved (including a first-ever edit), a legacy line marker is upgraded in place when the same EVTX identity arrives, identity-less persisted duplicates are kept apart by allocating a free storage key (last-wins for true duplicates), and one whose identity collides with a different identity-less entry is discarded. A clearMarkersForFile issued during the load is not resurrected - the load returns ""superseded"". A successful read is reused for the session, and no marker file on disk reports as a successful ""missing"" load.",marker-store.loadMarkers (list view load effect per entry.filePath),src/stores/marker-store.ts,all,both,Extends LOG-009; also used by the Event Log marker adapter.,pass,story,none,,component_test: preserves edits made while a file load is in flight,2026-09-24T21:30:00Z,,,
LOG-048,log,Marker categories drive the colour of new markers,As an analyst I want a chosen category (or my custom one) applied to the next bookmark so that triage stays consistent.,"Fresh state has Bug (#ef4444), Investigate (#60a5fa) and Confirmed (#4ade80); a loaded marker file's categories replace the list ahead of any category added while the load was pending, and addCategory appends without removing. toggleMarker on an unmarked line uses the store's activeCategory (default ""bug"") for id and colour, reusing the first free storage key when the line id is taken, and toggling a marked line removes it.",marker-store activeCategory/addCategory/toggleMarker; marker gutter and context menu,src/stores/marker-store.ts; src/types/markers.ts,all,both,Extends LOG-009; the Event Log workspace adds a Bookmark category through addCategory.,pass,story,none,,component_test: preserves categories added while a load is pending,2026-09-24T21:30:00Z,,,
LOG-049,log,Marker gutter clicks and category menu operate per source file,As an analyst I want to bookmark a line and immediately re-label it so that I can sort findings in one place.,"Each row's gutter draws an empty ring or an 8px dot in the marker colour; clicking it toggles the marker for that row's filePath + entry id without changing the row selection. Right-clicking the gutter opens a menu listing the categories from the store (Bug/Investigate/Confirmed plus any added) - choosing one marks the line first when it was unmarked, then sets that category - and the menu offers ""Remove Marker"" only when the line is already marked. Markers are suppressed entirely in merged tabs.","row marker gutter; Ctrl/Cmd+M on the selected row; row context menu ""Mark as <category>"" / ""Change to <category>"" / ""Remove Marker (<category>)""",src/components/log-view/LogRow.tsx; src/components/log-view/LogListView.tsx; src/hooks/use-context-menu.ts,all,both,Extends LOG-009 and LOG-007; the log workspace has no jump-to-next/previous-marker control (marker navigation exists only in the Event Log adapter).,pass,story,none,,component_test: toggles the active marker from the gutter and offers Bug / Investigate / Confirmed / Remove,2026-09-24T21:30:00Z,,,
LOG-050,log,Marker writes are debounced and flushed on unmount,As an analyst I want rapid bookmark clicks to result in one write so that disk churn and races disappear.,"Marker edits add the file to a dirty set and restart a single 1 s timer that saves all dirty files; unmounting the log list flushes every dirty file exactly once, and a file already flushed by the timer is not saved again on unmount.","log list marker interaction (gutter click, Ctrl/Cmd+M, category change)",src/components/log-view/LogListView.tsx; src/stores/marker-store.ts,all,both,Extends LOG-009.,pass,story,none,,component_test: flushes a dirty marker when the view unmounts before the debounce,2026-09-24T21:30:00Z,,,
LOG-051,log,Quick Stats header shows totals and collapses,"As an analyst I want a summary bar that tells me how big the log is and how much my filter leaves, and that gets out of the way when there is no log.","With no entries loaded the panel renders nothing; otherwise a header button labelled ""Quick Stats"" with aria-expanded toggles the body and shows ""<n> total"" plus "" (<m> filtered)"" whenever a filter reduces the visible set. Closing the last log auto-collapses an expanded panel.",Quick Stats header button above the log list,src/components/panels/QuickStatsPanel.tsx; src/hooks/use-quick-stats.ts,all,both,Extends LOG-023 (quick stats severity cards) with the header/empty-state behaviour.,pass,story,none,,e2e_browser: stories/log-view.spec.ts :: [LOG-051] the Quick Stats header shows totals and collapses,2026-09-24T21:30:00Z,,,
LOG-052,log,"Quick Stats counts failures, not completed operations",As an analyst I want a healthy log to stop looking broken so that 0x00000000 lines do not drown my real failures.,"Error-code counting walks every entry's errorCodeSpans regardless of severity but skips spans whose outcome is ""success"", uppercases codes with a 0x prefix, counts each occurrence and sorts by descending count; the severity buckets and earliest/latest timestamps are computed over the filtered id set when a filter is active, and each card subtitle shows that severity's share of the filtered line count.","Quick Stats body: severity cards and ""Error Codes (n)"" table",src/hooks/use-quick-stats.ts; src/components/panels/QuickStatsPanel.tsx,all,both,Extends LOG-023; the success-outcome exclusion is issue #657.,pass,story,none,,component_test: counts failures and action-required codes but not completed operations,2026-09-24T21:30:00Z,,,
LOG-053,log,Severity cards filter the list and show an active state,As an analyst I want to click Errors/Warnings/Info/Success to isolate them and see when one is active so that I can undo it instantly.,"Clicking a card computes the matching ids locally (no IPC), sets them as the filter and marks the card active with a 2px outline in the severity colour; clicking the active card clears the filter, and any external clearFilter (including ""Clear Filter"" in the dialog) resets the card to inactive.","Quick Stats severity cards ""Errors""/""Warnings""/""Info""/""Success""",src/components/panels/QuickStatsPanel.tsx; src/components/panels/quick-stats/StatCard.tsx; src/stores/filter-store.ts,all,both,Extends LOG-023.,pass,retest,none,,e2e/stories/log-view.spec.ts :: [LOG-053] the active severity card shows its outline and toggles off,2026-09-24T21:30:00Z,pass,2026-09-24T21:30:00Z,Defect fixed and re-verified: e2e/stories/log-view.spec.ts :: [LOG-053] the active severity card shows its outline and toggles off
LOG-054,log,Quick Stats error-code table sorts and opens lookup,As an analyst I want to rank codes by frequency and jump straight into a lookup so that I chase the most common failure first.,"The ""Error Codes (n)"" table has Code/Description/Category/Count headers, each with a sort button (title ""Sort by <header>"") that toggles direction; switching to a new column sorts ascending except Count which starts descending. Rows are focusable (role button, Enter/Space) with title ""Click to look up this error code"" and set the lookup code plus open the Error Code Lookup dialog; an empty description renders ""Unknown"" and the category renders as a filled badge, and the ""Time Range: <earliest> - <latest>"" line appears only when both timestamps exist.",Quick Stats expanded body -> Error Codes table,src/components/panels/QuickStatsPanel.tsx; src/components/dialogs/ErrorLookupDialog.tsx,all,both,Extends LOG-023.,pass,story,none,,e2e_browser: stories/log-view.spec.ts :: [LOG-054] the error-code table sorts and opens the lookup,2026-09-24T21:30:00Z,,,
LOG-055,log,Error Code Lookup searches codes immediately and text after a debounce,"As an analyst I want to paste a code and get an answer instantly, or type a phrase and search descriptions, from one box.","The dialog (title ""Error Code Lookup"") calls search_error_codes immediately when the query looks like a code (0x-prefixed, negative, all digits, or >=6 hex characters) and after 300 ms otherwise; the input placeholder is ""Search by code (0x80070005) or description (access denied)"". Status shows ""Searching..."", the raw rejection message on failure, or ""No results found"" when the query returns nothing. A single exact hit is appended to ""Recent lookups"" (clicking one re-runs it), the copy button writes ""<codeHex> - <description>"", and opening from a code span or ""Open lookup"" pre-fills the query once while closing clears query, results and error.","Toolbar ""Error lookup"" / Ctrl+E; InfoPane ""Open lookup""; Quick Stats code row; clicking an underlined code in a message",src/components/dialogs/ErrorLookupDialog.tsx; src-tauri/src/commands/error_lookup.rs,all,both,"Extends CHROME-016 with the debounce rule, history recording and life-cycle behaviour.",pass,story,none,,component_test: searches immediately for a hex code and copies the result,2026-09-24T21:30:00Z,,,
LOG-056,log,Error base parses codes and ranks description matches,"As an analyst I want to paste a code in any form and still get the description, or fall back to text search, so that I never have to convert by hand.","lookup_error_code accepts 0x-hex, bare hex, negative decimal and unsigned decimal, returning found=true with description and category when the code is known, found=false with ""Unknown error code"" for a well-formed code missing from the database, and found=false with ""Invalid error code format"" when the input cannot be parsed. search_error_codes returns a single row for a code query (found false when unknown) and otherwise up to 50 matches ordered description-prefix, then description-substring, then category-label.",IPC lookup_error_code / search_error_codes,src-tauri/src/commands/error_lookup.rs; crates/cmtraceopen-parser/src/error_db/lookup.rs,all,both,Extends CHROME-016.,pass,story,none,,rust_test: error_db::lookup::tests::test_lookup_hex_prefix,2026-09-24T21:30:00Z,,,
LOG-057,log,Merge Tabs lists only mergeable log tabs,As an analyst I want the merge picker to show only real log files so that I cannot select a registry snapshot by mistake.,"""Merge Tabs into Unified Timeline"" lists open tabs that have a filePath and a fileKind other than ""registry"", labelled with the file base name; with fewer than two it shows ""Open at least two log files to use this feature."" and no checkboxes. ""Merge (N files)"" is disabled until two are checked, Escape and Cancel close the dialog, and the checked set resets every time the dialog opens.","Toolbar ""Merge tabs..."" (title ""Merge open tabs into a unified timeline"") in the log workspace with >=2 tabs",src/components/dialogs/MergeTabsDialog.tsx; src/stores/ui-store.ts,all,both,Extends LOG-015.,pass,story,none,,component_test: tells the user to open two logs when fewer than two mergeable tabs exist,2026-09-24T21:30:00Z,,,
LOG-058,log,Merging builds a colour-assigned aggregate from cached tabs,As an analyst I want two or more open logs merged into one chronological stream so that I can follow a machine timeline across files.,"createMergedTab reads each path's cached tab snapshot, ignores paths without one and returns without effect when fewer than two remain; otherwise it assigns theme merge colours in path order, merges entries by timestamp (null timestamps last) then file path then line number, renumbers ids from 0, sets sourceOpenMode ""merged"", clears selection and correlation, and shows only entries whose file visibility is true. The sidebar's ""Merge into Timeline"" button (aria-label ""Merge loaded files"") performs the same merge over the loaded folder's cached files and clears the active filter first.","Toolbar ""Merge tabs..."" -> merge; FileSidebar ""Merge into Timeline"" (shown at >=2 files)",src/stores/log-store.ts; src/lib/merge-entries.ts; src/components/layout/FileSidebar.tsx,all,both,Extends LOG-015 and LOG-022.,pass,retest,none,,e2e/stories/log-view.spec.ts :: [LOG-058] the sidebar merge clears the active filter first,2026-09-24T21:30:00Z,pass,2026-09-24T21:30:00Z,Defect fixed and re-verified: e2e/stories/log-view.spec.ts :: [LOG-058] the sidebar merge clears the active filter first
LOG-059,log,"Correlation follows the selected row, window and Auto switch",As an analyst I want related lines from the other merged files surfaced around my selection so that I can see cross-file cause and effect.,"With a merged tab and Auto on, selecting an entry fills correlatedEntries with entries from other files within +/-correlationWindowMs of the selection, sorted by absolute delta, each carrying its file colour; turning Auto off or clearing the selection empties the list. Changing the window (100ms/500ms/1s/5s/10s) or the Auto switch re-runs the computation asynchronously, and the legend's ""<n> merged"" label counts the entries currently visible after file-visibility filtering.","MergeLegendBar ""Correlate:"" select and ""Auto"" button; selecting a row in a merged tab",src/stores/log-store.ts; src/lib/merge-entries.ts; src/components/log-view/MergeLegendBar.tsx,all,both,Extends LOG-016.,pass,story,none,,"component_test: toggles file chips, All/None, correlation windows, and Auto",2026-09-24T21:30:00Z,,,
LOG-060,log,Compare Log Files selects two distinct open log tabs,As an analyst I want to pick the two logs to diff from my open tabs so that I can compare a broken run against a good one.,"The dialog ""Compare Log Files"" offers Source A and Source B selects containing only tabs with fileKind ""log"", each option reading ""<fileName> (<cached entry count> entries)"" and the same file disabled on the opposite side; ""Compare"" is enabled only when both are chosen, different and still present, and it passes each side's DiffSource{filePath,label}. Cancel/close resets both selects.","Toolbar ""Diff tabs..."" (title ""Compare two open tabs"") in the log workspace",src/components/dialogs/DiffConfigDialog.tsx; src/stores/log-store.ts,all,both,Extends LOG-017.,pass,story,none,,component_test: requires two different log tabs before Compare is enabled,2026-09-24T21:30:00Z,,,
LOG-061,log,Diff classifies common and unique lines,As an analyst I want only-A and only-B lines called out so that I can spot what changed between two runs.,"createDiff loads both cached snapshots (returning silently if either is missing), applies each side's optional start/end time filter, renumbers ids uniquely across both sets, classifies every entry as common/only-a/only-b with counts, opens in side-by-side mode and clears the selection. Because the dialog cannot select the same file twice, the same-file ""time-range"" mode is reachable only through a programmatic call with one path on both sides.","DiffConfigDialog ""Compare""; IPC-less store action createDiff",src/stores/log-store.ts; src/lib/diff-entries.ts; src/components/dialogs/DiffConfigDialog.tsx,all,both,Extends LOG-017; time-range mode is unreachable from the UI.,pass,story,none,,e2e_browser: stories/log-view.spec.ts :: [LOG-061] createDiff classifies common and unique lines,2026-09-24T21:30:00Z,,,
LOG-062,log,Diff header shows counts and switches the layout,As an analyst I want the diff totals and a layout switch in one bar so that I can judge the size of the difference and pick my reading style.,"The header reads ""Diff: <A> vs <B>"", ""<n> common"", ""<n> only A"" (green) and ""<n> only B"" (red), and exposes a group labelled ""Diff display mode"" with ""Side-by-side"" and ""Unified"" buttons whose aria-pressed follows diffState.displayMode. ""Close diff"" clears the diff state, selection and mode, returning the workspace to the normal log view.",diff view header,src/components/log-view/DiffHeader.tsx; src/stores/log-store.ts,all,both,Extends LOG-017.,pass,story,none,,component_test: shows common/only-A/only-B counts and switches to unified,2026-09-24T21:30:00Z,,,
LOG-063,log,Diff panes render A/B with unique-line highlight and synced scroll,As an analyst I want the two logs side by side and scrolling together so that I can read the same moment in both.,"Side-by-side shows ""A: <file> (<n>)"" and ""B: <file> (<n>)"" headers coloured green/red with virtualized panes whose scrollTop mirrors the other pane; only-A lines get a green background and left border, only-B red, and common lines no tint. Unified merges both sets sorted by timestamp then line number and marks each row with an A or B badge. Clicking a row selects it via selectEntry and clicking the selected row again deselects it.",diff view body (side-by-side / unified),src/components/log-view/DiffView.tsx,all,both,Extends LOG-017.,pass,story,none,,e2e_browser: stories/log-view.spec.ts :: [LOG-063] diff panes render A/B with unique-line highlight and synced scroll,2026-09-24T21:30:00Z,,,
LOG-064,log,Section and iteration banners get stable theme colours,As an analyst I want a section header to stand out and its colour to carry down the rows so that I can see where a phase starts and ends.,"Section/Iteration rows render SectionDividerRow with a ~13% tint of the resolved colour, a 4px left border, a 10px round (square for Iteration) marker, the message and the iteration caption when present, and clicking the banner selects that row. Regular rows in a section get the same colour as a 3-4px left band, using entry.sectionColor or a colour assigned round-robin from the theme's merge palette so each section name keeps one colour across the view.",log list rows for entryKind Section/Iteration,src/components/log-view/SectionDividerRow.tsx; src/components/log-view/LogListView.tsx,all,both,Extends LOG-012 with the colour assignment and left-band rules.,pass,story,none,,component_test: renders a section banner and selects the row on click,2026-09-24T21:30:00Z,,,
LOG-065,log,Log list renders from an alternate data source with a range filter,As an analyst I want the same log list inside the unified timeline so that I keep one familiar reading surface.,"LogListView takes an optional LogListDataSource; the timeline adapter supplies paginated log entries with synthesised unique ids, a paused data source, no find matches and no-op row selection. Its brush range acts as the external filter (entries with a null timestamp are dropped when a range is set) and the selected incident's range paints a brand inset stripe plus data-highlighted=""true"" on the rows inside it.",Unified timeline workspace's log-stream pane (LogListView dataSource={timelineLogListDataSource}),src/components/log-view/log-list-data-source.ts; src/components/log-view/LogListView.tsx; src/components/timeline/log-list-adapter.ts,all,both,Extends LOG-002; the timeline workspace itself is the timeline slice.,pass,story,none,,e2e_browser: stories/log-view.spec.ts :: [LOG-065] the log list renders an alternate source with a range filter,2026-09-24T21:30:00Z,,,
LOG-066,log,DNS/DHCP handoff banner names the detected log type,As a DNS/DHCP engineer I want to be offered the specialist workspace when I open a DNS log so that I can correlate queries without hunting for the menu.,"The banner appears only while the log workspace is active and parserSelection.parser is dnsDebug, dnsAudit or dhcp, wording the prompt with ""DNS debug log"", ""DNS audit log"" or ""DHCP server log"". ""Open in workspace"" adds the source (path, base name, detected format, entries) to the DNS/DHCP store and switches workspace; Dismiss records that file path in dismissedDnsBannerPaths so the banner stays hidden for that path while other files still prompt.","log workspace banner below the toolbar; buttons ""Open in workspace"" and ""Dismiss""",src/components/log-view/DnsWorkspaceBanner.tsx; src/workspaces/dns-dhcp/dns-dhcp-store.ts,all,full,"Extends LOG-018; requires the dns-dhcp workspace, which Lite does not ship.",pass,story,none,,component_test: offers a DNS/DHCP handoff and dismisses each path for the session,2026-09-24T21:30:00Z,,,
LOG-067,log,DNS audit EVTX opens as structured DNS entries,As a DNS engineer I want a DNS audit EVTX opened as readable DNS events so that I can review record and zone changes directly.,"An .evtx file only takes the DNS lane when one of the first five records is from provider Microsoft-Windows-DNSServer; then every record from that provider becomes an entry with component ""DNSServer"", an RFC 3339 timestamp, and a message built from the event id/name plus fields such as NAME, type, TTL, Zone and RDATA (dynamic updates also capture SourceIP). Records from other providers are skipped without counting an error, while a record that cannot be deserialized or parsed increments parse_errors and is logged as event=dns_audit_record_skip; the parser selection is reported as DnsAudit/Dedicated/Structured.",Open File... with a DNS audit .evtx (log workspace),src-tauri/src/parser/dns_audit.rs; src-tauri/src/parser/mod.rs,all (DNS audit EVTX requires the event-log feature),full,Lite builds reject EVTX entirely; detection samples at most five records.,pass,story,none,,rust_test: parser::dns_audit::tests::serialized_dns_record_maps_provider_event_and_fields,2026-09-24T21:30:00Z,,,
LOG-068,log,DNS audit event ids map to names and severities,As a DNS engineer I want zone and record deletions flagged so that destructive changes are obvious in the list.,"Event ids map to human names (512 Zone Load, 515 Record Create, 516 Record Delete, 525-527 DNSSEC sign/unsign/re-sign, 541 Server Setting, ...) and to severities: 513 zone delete is Error; 516/520 record delete, 525-527 and 541 are Warning; everything else is Info. Unknown ids fall back to the generic extractor with a ""[<id> DNS Audit]"" message, and each family (record ops, zone config, server config, DNSSEC keys, policy, delegation, extended zone) renders its own key=value message with missing fields simply omitted.",DNS audit entries in the log list / info pane,src-tauri/src/parser/dns_audit.rs,all (event-log feature),full,Complements the routing story above.,pass,story,none,,rust_test: parser::dns_audit::tests::test_extract_record_delete_is_warning,2026-09-24T21:30:00Z,,,
LOG-069,log,Unsupported binary logs are rejected with guidance,As an analyst I want a clear statement of what to do with an ETL or foreign EVTX file so that I am not left guessing.,"Opening a .etl file fails before decoding with a message telling the user to convert it via tracerpt into XML (a non-Windows build gets the ""requires the Windows tracerpt tool"" wording). A .evtx that is not DNS audit fails with ""This EVTX file does not contain DNS audit events. Try opening it in the Sysmon workspace instead."", and in a build without the event-log feature an .evtx fails with ""EVTX event log files require the 'event-log' feature. This build does not include EVTX support.""",Open File... with a .etl or non-DNS .evtx,src-tauri/src/parser/mod.rs; src-tauri/src/parser/dns_audit.rs,all (messages differ per target OS),both,The last message is what a Lite build reports; the text is chosen at compile time by cfg target_os/feature.,pass,story,none,,e2e_browser: stories/log-view.spec.ts :: [LOG-069] an unsupported binary trace surfaces the conversion guidance,2026-09-24T21:30:00Z,,,
LOG-070,log,Log bytes decode by BOM with a Windows-1252 fallback,As an analyst I want a UTF-16 or ANSI-encoded log to still open readably so that old Windows logs are not garbage.,"read_file_content detects UTF-16LE/UTF-16BE BOMs and treats everything else as UTF-8; UTF-16 input is decoded with the BOM stripped and CRLF normalised to LF, UTF-8 input has a BOM stripped and decodes as-is, and bytes that are not valid UTF-8 fall back to Windows-1252 with an encoding-errors warning instead of failing the open. Tailing uses the same detected encoding and carries a split UTF-16 byte or partial UTF-8 scalar across reads so boundary splits do not corrupt entries.",open_log_file / start_tail for any opened log,crates/cmtraceopen-parser/src/parser/mod.rs; src-tauri/src/parser/mod.rs; src-tauri/src/watcher/tail.rs,all,both,The UI never displays which encoding was used - the fallback is only observable through the decoded text and console warnings.,pass,story,none,,rust_test: watcher::tail::tests::test_utf8_bom_split_across_tail_reads_is_still_removed,2026-09-24T21:30:00Z,,,
LOG-071,log,Open a single log file and remember its parser for tailing,"As an analyst I want a file to open in one step and then keep streaming, and I want a folder or a locked file to fail in a way that tells me which problem it is.","open_log_file parses the file with auto-detection and stores the resolved parser selection, one-shot initial logical record and byte offset keyed by path so tailing reuses the same parser. A directory passed to the file lane fails with ""path is a folder, not a file: <path>"", an unreadable path returns Access Denied (which the frontend reports as ""Access to this source was denied"" and offers elevation), and a readable file that fails to parse is reported as a generic error, never Access Denied.",IPC open_log_file; File > Open File...; drag and drop,src-tauri/src/commands/file_ops.rs; src/lib/log-source.ts,all (elevation offer is Windows),both,Extends CHROME-001; the elevation prompt itself is CHROME-006.,pass,story,none,,rust_test: commands::file_ops::tests::a_directory_is_classified_by_its_kind_not_by_the_failed_open,2026-09-24T21:30:00Z,,,
LOG-072,log,Opening several files at once builds one aggregate stream,As an analyst I want to select a handful of logs in the file dialog and see them interleaved so that I can follow one machine across files.,"In the log workspace the Open File dialog allows multiple selection; a single path goes through the normal single-file lane, while two or more are handed to loadFilesAsLogSource, which sets progress (""Parsing <n> files..."" with folder-load progress), parses them all through one parse_files_batch call, caches each file for instant tab switching, derives the longest common parent directory as the source so the sidebar behaves folder-like, renumbers all entries sequentially, and reports ""Loaded <n> files."" with ""Parsed in <ms> ms (parallel)."" under source mode ""aggregate-folder"".",File > Open File... (multi-select) in the log workspace,src/hooks/use-app-actions.ts; src/lib/log-source.ts; src-tauri/src/commands/file_ops.rs,all,both,Extends CHROME-001 and LOG-022; multi-select is enabled only for the log workspace.,pass,story,none,,e2e_browser: stories/log-view.spec.ts :: [LOG-072] several files at once become one aggregate stream,2026-09-24T21:30:00Z,,,
LOG-073,log,Batch parsing stays parallel and keeps progress moving past failures,As an analyst I want a folder load to use all cores and to keep counting even when one file is unreadable so that progress never hangs.,"parse_files_batch parses every path in parallel on Rayon and emits a ""parse-progress"" event per finished file carrying requestId, filePath, fileName, completed, globalCompleted (= completedOffset + completed), total, entries, fileSize and parseMs. A file that fails to parse is logged as event=parse_file_skip, still emits progress with entries 0 so the counter reaches total, is excluded from the returned results, and the batch completion log records results and skipped counts.","IPC parse_files_batch (folder load, multi-file open, batch slices of 30)",src-tauri/src/commands/file_ops.rs; src/hooks/use-parse-progress-listener.ts; src/lib/log-source.ts,all,both,Extends LOG-025; the frontend slices folders into batches of 30 IPC calls.,pass,story,none,,component_test: updates active progress from a valid event,2026-09-24T21:30:00Z,,,
LOG-074,log,Folder aggregate sorts by time and reports per-file diagnostics,As an analyst I want a folder merged in true time order and I want to know which files could not be read so that I trust the merged view.,"open_log_folder_aggregate lists the folder, parses each non-directory entry and skips any file that cannot be parsed by recording a PathDiagnostic in child_errors and incrementing parse_errors rather than failing the load. Entries are sorted by timestamp (timestamped first, null last) then folder file order, line number and message, renumbered from 0, and the result carries folder_path, per-file total_lines/parse_errors/byte_offset and the merged child diagnostics used by the sidebar and status bar.",IPC open_log_folder_aggregate (Open Folder... in the log workspace),src-tauri/src/commands/file_ops.rs; src/lib/log-source.ts,all,both,Extends LOG-022/LOG-025.,pass,story,none,,rust_test: commands::file_ops::tests::aggregate_folder_diagnostics_preserve_coverage_limits_within_the_bound,2026-09-24T21:30:00Z,,,
LOG-075,log,Folder listing is bounded and rejects the wrong path kinds,As an analyst I want a huge or odd path to give me a stated coverage gap instead of hanging or claiming the folder is missing.,"list_log_folder rejects a path that escapes through a symlinked ancestor, a missing folder (""folder does not exist: <path>"") and a non-directory (""path is not a folder: <path>""); it lists entries case-insensitively with folders before files, returning name/path/isDir/sizeBytes/modifiedUnixMs. It stops at 4096 entries, 16384 listing work and 4096 diagnostics and appends a child_error naming the reached limit so the truncation is reported rather than silent.","IPC list_log_folder (Open Folder..., sidebar Reload source, known-source folder expansion)",src-tauri/src/commands/file_ops.rs; src/components/layout/FileSidebar.tsx,all,both,Extends LOG-022.,pass,story,none,,rust_test: commands::file_ops::tests::list_log_folder_reports_an_unreadable_folder_as_access_denied,2026-09-24T21:30:00Z,,,
LOG-076,log,Evidence bundle folders are listed recursively,As an analyst I want an evidence bundle folder to expose every nested artifact so that nothing inside is invisible to me.,"When the folder is recognised as an evidence bundle, list_log_folder replaces the top-level listing with a recursive collection of all nested files, merges the first-pass and recursive diagnostics within the 4096-diagnostic cap (keeping the coverage-limit entries), re-sorts the entries and returns bundleMetadata restricted to entry points that still exist. The sidebar then badges the source ""Evidence Bundle"" and shows Bundle and Case lines.",Open Folder... on a recognised evidence bundle; FileSidebar SourceSummaryCard,src-tauri/src/commands/file_ops.rs; src/components/layout/FileSidebar.tsx,all,both,Extends LOG-022; the bundle dialog itself is CHROME-018.,pass,story,none,,rust_test: commands::file_ops::tests::list_log_folder_marks_evidence_bundle_and_exposes_primary_entry_points,2026-09-24T21:30:00Z,,,
LOG-077,log,inspect_path_kind decides the lane a path opens through,As an analyst I want a dropped folder to open as a folder and never as a broken file so that I am not told to restart as administrator for no reason.,"inspect_path_kind returns Unknown for a path that does not exist, Folder for a directory and File for a regular file. Every path-taking entry point (drop, paste, recent, argv, restore) probes the kind first, so a folder is never sent down the file lane (which on Windows would raise a spurious access-denied elevation prompt), an explicitly file-only request keeps the file lane, and a failed or refused probe keeps the historical file-first behaviour.","IPC inspect_path_kind; drag and drop; recent entries; known-source family ""Open all""",src-tauri/src/commands/file_ops.rs; src/lib/log-source.ts; src/hooks/use-app-actions.ts,all,both,Extends CHROME-029/CHROME-006 by removing the folder-as-file access-denied misreport.,partial,story,coverage,src-tauri/src/commands/file_ops.rs path-kind tests plus src/lib/log-source.test.ts (resolveSourceForPath fallbacks),component_test: src/lib/log-source.test.ts (+28 tests passed),2026-09-24T21:30:00Z,,,
LOG-078,log,Compute a file fingerprint for session save,As an analyst I want a restored session to know whether a file has changed so that I am not shown stale entries as current.,"compute_file_hash streams the file through SHA-256 in 8 KiB chunks and returns {hash: ""sha256:<64 lowercase hex>"", sizeBytes}; the session saver calls it once per open tab and any read failure surfaces as an error rather than a partial digest.",IPC compute_file_hash (File > Save session for each open tab),src-tauri/src/commands/file_ops.rs; src/lib/session-save.ts,all,both,Extends CHROME-005.,pass,story,none,,e2e_browser: stories/log-view.spec.ts :: [LOG-078] saving a session fingerprints every open tab,2026-09-24T21:30:00Z,,,
LOG-079,log,Write a text output file to a chosen path,As an admin I want an analysis exported as a text file where I choose so that I can attach it to a ticket.,"write_text_output_file writes the supplied contents to exactly the given path with std::fs::write and returns an I/O error when the write fails (missing directory, permission, disk). The dsregcmd workspace uses it after redacting the status text to save its export.",IPC write_text_output_file (dsregcmd workspace export),src-tauri/src/commands/file_ops.rs; src/workspaces/dsregcmd/DsregcmdWorkspace.tsx,all,full,The only caller is the dsregcmd export; the destination comes from a native save dialog.,pass,story,none,,e2e_browser: stories/log-view.spec.ts :: [LOG-079] write_text_output_file forwards the chosen path and contents,2026-09-24T21:30:00Z,,,
LOG-080,log,Second-launch paths are handed over exactly once,"As an analyst I want a file double-clicked while the app is already running to open once, not twice.","get_initial_file_paths returns and clears the argv paths from the first launch (consumed on the first call); take_second_launch_paths takes and clears the paths a second launch handed to the running window, so a window woken twice claims once and the second claim returns an empty list; get_initial_workspace returns and consumes the validated startup workspace separately so an internal relaunch option can never be read as a path to open.",IPC get_initial_file_paths / take_second_launch_paths / get_initial_workspace,src-tauri/src/state/app_state.rs; src-tauri/src/commands/file_ops.rs; src/lib/commands.ts,all,both,Extends CHROME-030 (OS association launch).,pass,story,none,,rust_test: state::app_state::tests::a_second_launch_hands_its_paths_over_once,2026-09-24T21:30:00Z,,,
LOG-081,log,A new open supersedes an in-flight load,As an analyst I want to abandon a slow folder load by opening something else so that I am never stuck waiting for a folder I no longer want.,"Every source load claims a monotonically increasing tab-switch generation; a superseded load stops at its next generation check and writes no state (parsed batches, aggregate assembly, progress overlay) and starting any new load clears folderLoadProgress/folderLoadRequestId first. There is no explicit Cancel control - abandoning a long folder parse is done by opening another source.",any open action while a folder load is running; folder progress overlay,src/lib/log-source.ts; src/hooks/use-parse-progress-listener.ts,all,both,Extends LOG-025; documents that parse cancellation is implicit rather than a button.,pass,story,none,,component_test: resets ownership before a new request event arrives,2026-09-24T21:30:00Z,,,
LOG-082,log,"Source status distinguishes empty, missing, denied and awaiting-selection",As an analyst I want a failed or empty source to say precisely what went wrong so that I do not hunt for the wrong problem.,"A folder with no files finishes as kind ""empty"" with ""Source loaded, but no files were found.""; a missing path reports ""Source path is missing or inaccessible: <path>""; an access refusal reports ""Access to this source was denied[: <path>]"" and fires an elevation offer; a selected file inside a loaded folder that will not load reports ""awaiting-file-selection"" with ""Access to this file was denied: <name>."", ""Selected file is no longer available: <name>."" or ""Could not load selected file: <name>."" and the sidebar offers ""Retry <name>"" for that last failed path.","FileSidebar status notice, ""Reload source"" / ""Retry <name>"" buttons, empty-state text",src/lib/log-source.ts; src/components/layout/FileSidebar.tsx,all,both,Extends LOG-022; the elevation offer is CHROME-006.,pass,story,none,,e2e_browser: stories/log-view.spec.ts :: [LOG-082] the sidebar offers Retry for the last failed file selection,2026-09-24T21:30:00Z,,,
LOG-083,log,Info pane summarises the parser that read the file,As an analyst I want to know which parser and framing produced these rows so that I can judge how much to trust them.,"With a parserSelection present the info pane prints one line joining ""Parser <label>"", the provenance, parse quality, implementation, record framing and, when set, the date order (for example ""Parser CCM | Dedicated | Structured | ccm | Physical line | Month-first dates""); nothing is printed without a selection. Above it the summary reads ""Line <n> | <severity>[ | <component>][ | <timestamp>]"" with ""File <path>"" on the next line, and a Result/GLE/Phase/Op line appears only when the entry carries one of those fields.",info pane after selecting an entry,src/components/log-view/InfoPane.tsx; src/stores/log-store.ts,all,both,Extends LOG-019.,pass,story,none,,e2e_browser: stories/log-view.spec.ts :: [LOG-083] the info pane summarises the parser that read the file,2026-09-24T21:30:00Z,,,
LOG-084,log,Aggregate folders report a mixed parser summary,"As an analyst I want a folder read by dedicated parsers to name them instead of saying ""Unknown format"" so that I know the merge is real.","getAggregateParserDisplay returns null for an empty file list; when every file shares a format the format label is that format (and the parser label the single parser name when one parser read them all), and any difference is reported as ""Mixed"", ""Mixed provenance"" or ""Mixed quality"" together with parserCount, so a folder of dedicated-parser files keeps its provenance.",status bar aggregate parser summary for a folder source,src/stores/log-store.ts; src/components/layout/StatusBar.tsx,all,both,"Extends LOG-022; the status-bar rendering belongs to the chrome slice, the summary logic lives in the log store.",partial,story,coverage,"src/stores/log-store.test.ts describe ""getAggregateParserDisplay"" (dedicated provenance, mixed formats, single-file stream, no files)",component_test: getAggregateParserDisplay reports the dedicated provenance an aggregate of dedicated parsers shares,2026-09-24T21:30:00Z,,,
LOG-085,log,Known log sources list platform metadata,As an admin I want the built-in log locations listed for my platform so that I can open the standard Intune/ConfigMgr logs without browsing.,"get_known_log_sources returns the platform catalog - Windows sources on Windows, the macOS list on macOS, and an empty list on Linux - each entry carrying id, label, description, platform, source kind, the source (kind/defaultPath/pathKind), filePatterns, grouping (familyId/familyLabel/groupId/groupLabel/groupOrder/sourceOrder) and an optional defaultFileIntent. The Windows catalog covers folder sources such as Intune IME logs, DMClient, CCM, ccmsetup, Swmtr, Panther, CBS, DISM, ReportingEvents, IIS, deployment, PatchMyPC and the Device Inventory Agent plus direct-file sources like IntuneInventoryHarvesterLog.log and InventoryAdaptor.log.",IPC get_known_log_sources (Toolbar known-source menu; refreshed on mount),src-tauri/src/commands/known_sources.rs; src/lib/log-source.ts,all (catalog populated on Windows and macOS; empty on Linux),both,Extends CHROME-003.,pass,story,none,,rust_test: commands::known_sources::tests::device_inventory_known_sources_have_expected_metadata,2026-09-24T21:30:00Z,,,
LOG-086,log,"Known sources are grouped in the toolbar and ""Open all"" expands a family",As an admin I want to open every log of a product family in one action so that I can triage an Intune or ConfigMgr problem in one view.,"setKnownSources groups the catalog into toolbar families and groups sorted by groupOrder then label, with each group's sources sorted by sourceOrder then label and an ""Other Sources"" family for metadata without grouping. Each family menu offers ""Open all <family label>"", which verifies direct-file sources with inspect_path_kind, expands folder sources through list_log_folder keeping only names matching the source's filePatterns, skips unavailable folders with a warning, and loads every collected path as a single aggregate source - doing nothing when the collected set is empty.","Toolbar known-source menu -> ""Open all <family label>""",src/stores/log-store.ts; src/components/layout/Toolbar.tsx,windows; macos (family catalog),both,Extends CHROME-003; this is where a known source's filePatterns actually act as default file selection.,pass,story,none,,"e2e_browser: stories/log-view.spec.ts :: [LOG-086] known sources are grouped, and Open all expands a family",2026-09-24T21:30:00Z,,,
LOG-087,log,Unknown or missing known sources fail loudly,As an admin I want a broken known-source action to tell me instead of silently doing nothing so that I can report it.,"resolveKnownSourceIdFromCatalogAction prefers an explicit sourceId, then maps presetMenuId ""preset.windows.ime"" to windows-intune-ime-logs, then consults menuId; when nothing resolves it logs ""[app-actions] could not resolve known source for action"" and returns without opening anything. When the id resolves but no catalog entry exists the load throws ""Known source '<id>' was not found."", and in the dsregcmd workspace the action throws ""Known source presets are not available in the dsregcmd workspace.""",Toolbar/menu known-source entries; IPC open flow through use-app-actions,src/lib/log-source.ts; src/hooks/use-app-actions.ts,all,both,Extends CHROME-003.,pass,story,none,,e2e_browser: stories/log-view.spec.ts :: [LOG-087] unknown known-sources fail loudly,2026-09-24T21:30:00Z,,,
LOG-088,log,Known sources advertise a default-file intent that nothing applies,As an admin I want a known folder source to open the file I care about first so that I do not pick through a folder every time.,"Folder known sources are opened whole - every file (optionally pattern-filtered by ""Open all"") is loaded into the aggregate view - and file known sources open their fixed defaultPath; defaultFileIntent (selectionBehavior None/PreferFileName/PreferFileNameThenPattern/PreferPattern plus preferredFileNames) is only carried in the metadata and is read by no frontend or backend code, so no source currently auto-selects a preferred file. The Intune IME folder source still declares PreferFileNameThenPattern with preferred file names such as the IME logs.",IPC get_known_log_sources metadata; known-source open flow,src-tauri/src/commands/known_sources.rs; src/types/log.ts; src/lib/log-source.ts,windows; macos,both,"Coverage gap against the ""known log sources default file selection"" acceptance item - the field exists but is unused.",pass,story,none,,e2e_browser: stories/log-view.spec.ts :: [LOG-088] folder known sources open whole with no preferred-file selection,2026-09-24T21:30:00Z,,,
LOG-089,log,Tailing starts only for an opened file and replaces an existing session,As an analyst I want live tailing to follow the parser that read the file and to restart cleanly when I reopen it so that new lines look like the old ones.,"start_tail requires the path to be present in AppState.open_files, otherwise it fails with ""file is not open: <path>"", and it reuses the backend parser selection recorded at open time; the one-shot initial logical record is handed over only when the caller's byte offset matches the recorded offset. Starting an existing session for the same path stops and replaces it, the watcher watches the parent directory (so recreated/rotated files are still seen) with a 500 ms poll fallback (250 ms for Company Portal logical records), stop_tail removes the session, and pause_tail/resume_tail are silent no-ops for a path with no session.",IPC start_tail / stop_tail / pause_tail / resume_tail; toolbar and sidebar Pause/Resume; opening a file,src-tauri/src/commands/parsing.rs; src-tauri/src/watcher/tail.rs; src-tauri/src/state/app_state.rs,all,both,Extends CHROME-011 (pause/resume live tail).,pass,story,none,,component_test: starts a single-file tail after the authoritative physical line count,2026-09-24T21:30:00Z,,,
LOG-090,log,Tail payloads are validated at the event boundary,As an analyst I want a corrupt tail event to be ignored rather than injected into my log so that a backend bug cannot scramble the view.,"parseTailPayload accepts only payloads with well-formed entries/amendments arrays, a non-empty filePath, an integer parseErrors, an observedThroughLine that is null or a positive integer not below the highest line in the batch, a valid parserSelection when present and a boolean reset; entries with spans outside the message, unknown severities/formats/parser kinds, out-of-range line numbers or a missing/unknown error-code outcome are rejected. The listener logs ""Ignored invalid tail payload from the backend"" and drops the payload without touching store state.","Tauri event ""tail-new-entries"" consumed by useFileWatcher in AppShell",src/lib/tail-payload-validation.ts; src/hooks/use-file-watcher.ts,all,both,Extends CHROME-011/LOG-011; the same schemas guard the store's amendment application.,pass,story,none,,component_test: rejects malformed tail line and amendment coordinates at the event boundary,2026-09-24T21:30:00Z,,,
LOG-091,log,"Live tail appends, amends and resets the right view","As an analyst I want new lines appended, a rotated file replaced and other files' events ignored so that the list always reflects the file on screen.","For the open file a batch applies amendments, appends new entries (raising totalLines) and only advances totalLines from observedThroughLine; a payload whose filePath differs from the open file is ignored. When reset is true the whole view is replaced even for an empty fresh read (so rotated logs cannot accumulate), and in aggregate mode only files present in aggregateFiles are accepted, per-file parseErrors accumulate into that file's metadata, and observeAggregateTailLine raises that file's total only forward.","Tauri event ""tail-new-entries""; AppShell's useFileWatcher",src/hooks/use-file-watcher.ts; src/stores/log-store.ts; src-tauri/src/watcher/tail.rs,all,both,Extends CHROME-011 and LOG-011.,pass,story,none,,component_test: clears stale single-file rows on an empty reset while retaining physical coverage,2026-09-24T21:30:00Z,,,
LOG-092,log,Tail amendments apply only when their coordinates line up,"As an analyst I want a multi-line record finished on disk to complete the row I already see, exactly once, so that partial reads do not duplicate text.","amendEntry applies a suffix only when an entry with that id exists, the suffix starts with a newline, the entry's message length equals messageUtf16Start, the continuation lines follow the entry's own physical line count, the suffix's newline count matches the declared range and every supplied error span lies within the amended message; otherwise the entry is left untouched, so duplicate or out-of-order watcher events cannot double-append. A successful amendment also raises totalLines to at least the continuation end line, and an amendment whose entry id is absent is ignored.",tail amendment path (Company Portal / Device Inventory logical records),src/stores/log-store.ts; src/lib/tail-payload-validation.ts,all,both,Extends LOG-011/CHROME-011; the same rules exist for aggregate entries per file path.,pass,story,none,,component_test: ignores duplicate and stale reordered physical ranges,2026-09-24T21:30:00Z,,,
LOG-093,log,Tail batches report parse errors even with no entries,As an analyst I want a malformed incremental read to be visible so that a coverage gap cannot hide until the tail stops.,"A tail batch is reported when it carries a reset, amendments, entries, a positive parseErrors or an observedThroughLine; the watcher emits it and the frontend logs the coverage-gap warning, so a batch that only reports malformed input or a framing overflow still reaches the session.","Tauri event ""tail-new-entries"" (batch reportability gate)",src-tauri/src/watcher/tail.rs; src/hooks/use-file-watcher.ts,all,both,Extends LOG-011.,pass,story,none,,rust_test: watcher::tail::tests::test_tail_batch_reports_parse_errors_even_without_entries,2026-09-24T21:30:00Z,,,
LOG-094,log,Rotation or truncation rewinds the tail reader,As an analyst I want a rotated log to restart cleanly instead of showing the old run plus the new one.,"When the file size is smaller than the tracked byte offset the reader treats it as rotation: it discards pending Company Portal continuation state and pending input, rewinds to byte 0, restarts line numbers at 1 while keeping entry ids monotonic, and marks the batch reset=true so the frontend replaces rather than appends the view.",live tail after a log rotation or truncation,src-tauri/src/watcher/tail.rs; src/stores/log-store.ts,all,both,"Extends LOG-011/CHROME-011; single-file resets replace everything, aggregate resets replace only that file.",pass,story,none,,rust_test: watcher::tail::tests::test_tail_reader_signals_reset_and_rewinds_on_truncation,2026-09-24T21:30:00Z,,,
LOG-095,log,Unterminated logical records are bounded and reported,As an analyst I want one runaway log line not to grow memory without limit while I watch a live log.,"A logical record that never terminates is bounded at 1 MiB (MAX_PENDING_LOGICAL_RECORD_BYTES); overflow discards the excess and reports a parse error naming the cap, and when the initial record's continuation overflows the reader discards bytes until the next newline so one physical line cannot be counted as many bounded fragments.",live tail of Company Portal / Device Inventory logical-record logs,src-tauri/src/watcher/tail.rs,all,both,Extends LOG-011; feeds the parse-error coverage count shown by the sidebar and quick stats.,pass,story,none,,rust_test: watcher::tail::tests::test_initial_company_portal_continuation_overflow_reports_the_cap,2026-09-24T21:30:00Z,,,
LOG-096,log,Info pane decodes AppWorkload Get policies payloads,"As an Intune engineer I want the app-policy JSON in a log line rendered as readable policy cards so that I can read intent, detection and scripts without eyeballing escapes.","For a message starting ""Get policies = "" the info pane parses the JSON array (retrying with backslashes doubled when Windows paths contain invalid JSON escapes) and renders ""N App Policy/Policies"" cards showing Name/ID, Intent (Available, Available (no enrollment), Required, Uninstall), Target (User/Device/Both), Install and Uninstall command lines, Detection (Registry, MSI Product Code, File/Folder, PowerShell Script), Return Codes rendered as ""<code>=<Failed|Success|Soft Reboot|Hard Reboot|Retry>"", and for a PowerShell detection rule the base64-decoded ScriptBody inside the script viewer. A message that is not a policies payload renders nothing.","info pane for an entry whose message starts with ""Get policies = """,src/components/log-view/AppWorkloadScriptDetail.tsx,all,both,Extends LOG-019.,pass,story,none,,e2e_browser: stories/log-view.spec.ts :: [LOG-096] the info pane decodes AppWorkload Get policies payloads,2026-09-24T21:30:00Z,,,
LOG-097,log,Info pane shows script-detection sidecar banners,As an Intune engineer I want the Win32 app detection sidecar lines summarised so that I can see whether the app was detected without parsing the raw text.,"A message mentioning SidecarScriptDetectionManager renders a coloured banner: ""Script Detection Started"", ""Script Detection Complete"", ""PowerShell Exit Code"" (green for exit code 0, red otherwise, showing ""Exit Code: <n>""), ""Detection Result"" (showing ""App Detected"" or ""Not Detected"" from applicationdetectedbycurrentrule) or ""Script Process"" (showing ""PID: <n>""); any other message containing the manager name renders the neutral ""Script Detection"" banner.",info pane for sidecar script-detection entries,src/components/log-view/AppWorkloadScriptDetail.tsx,all,both,Extends LOG-019; the detection banner derives only from the message text.,pass,story,none,,e2e_browser: stories/log-view.spec.ts :: [LOG-097] the info pane shows script-detection sidecar banners,2026-09-24T21:30:00Z,,,
PARSER-001,parser,Auto-detect the log format and return the resolved parser selection,As an analyst I want the app to choose the right parser for a file so that I never have to pick a format by hand.,"parse_content reads up to the first 20 non-empty lines (50 when the path hints at a DNS log) and selects a parser; the returned ParseResult carries formatDetected, the full parserSelection (parser, implementation, provenance, parseQuality, recordFraming, dateOrder, specialization), totalLines, parseErrors, filePath, fileSize and byteOffset. A file that matches no rule is read by the Plain parser with provenance Fallback and parse quality TextFallback, and format_detected maps each implementation to its LogFormat for the UI format column. Every one of the 22 ParserKind values has a contract name in the supported-format inventory.","IPC open_log_file / parse_files_batch; status bar ""Parser <label>""",crates/cmtraceopen-parser/src/parser/mod.rs; crates/cmtraceopen-parser/src/parser/detect.rs; crates/cmtraceopen-parser/src/models/log_entry.rs,all,both,"Extends LOG-001, which covers the coarse detect-and-parse behaviour; this row is the selection-metadata contract. Per-format framing/provenance is asserted by the parser_supported_formats text_contract_* tests.",pass,story,none,,rust_test: support_inventory_names_every_parser_kind_once,2026-09-24T21:30:00Z,,,
PARSER-002,parser,"Show the parser provenance, quality and framing of the open file",As an analyst I want to see how confident the parse is so that I know whether a file was read by a dedicated parser or a heuristic guess.,"getParserSelectionDisplay turns the backend selection into labels (parser name, implementation, Dedicated/Heuristic/Fallback provenance, Structured/Semi-structured/Text fallback quality, Physical lines/Logical records framing, Month-first/Day-first dates when the generic timestamped parser is used) and the status bar and info pane render them next to the file; a null selection renders nothing. For a folder stream the aggregate display reports the composition of the parsers that read its files and says the stream is mixed rather than adopting one file's format, and reports no display for a stream with no files.",Status bar parser/provenance/quality segment; info pane; aggregate (folder open) status,src/stores/log-store.ts; src/components/layout/StatusBar.tsx; src/components/log-view/InfoPane.tsx,all,both,Extends CHROME-032 (status bar summary) with the parser-selection metadata contract produced by the parser crate.,pass,story,none,,component_test: reports the dedicated provenance an aggregate of dedicated parsers shares,2026-09-24T21:30:00Z,,,
PARSER-003,parser,Frame CCM records as logical records spanning physical lines,As an analyst I want a multi-line CCM message to stay one row so that stack traces and script bodies read as a single record.,"Lines containing <![LOG[….]LOG]!> (or the binary's fallback ` type=""` plus component=""` pair) select the CCM parser with provenance Dedicated, quality Structured and framing LogicalRecord; a message whose payload spans several physical lines becomes one entry whose message keeps the embedded line breaks and whose lineNumber is the record's first physical line. Text between matched records is emitted as its own plain-text entry with its own line number, and a file with no matches at all is re-parsed line by line.",IPC open_log_file on a CCM/SCCM log,crates/cmtraceopen-parser/src/parser/ccm.rs; crates/cmtraceopen-parser/src/parser/detect.rs,all,both,Framing is LogicalRecord in ResolvedParser::ccm() and asserted by text_contract_ccm (RecordFraming::LogicalRecord).,pass,story,none,,rust_test: text_contract_ccm,2026-09-24T21:30:00Z,,,
PARSER-004,parser,Map the CCM type field to severity,As an analyst I want CCM severity to come from the record's own type attribute so that the error count is trustworthy.,"type=""0"" renders Success, type=""2"" Warning, type=""3"" Error and any other numeric type Info; an absent, empty or unparseable type is left as None so severity falls back to message text rather than being coerced to Success, and an empty thread attribute parses as thread 0.",IPC open_log_file on a CCM/SCCM log; severity column,crates/cmtraceopen-parser/src/parser/ccm.rs,all,both,Extends LOG-001's severity colouring with the exact type-field mapping.,pass,story,none,,rust_test: ccm_type0_is_success_in_real_psadt_log,2026-09-24T21:30:00Z,,,
PARSER-005,parser,Parse CCM timestamps with their own timezone offset,As an analyst I want CCM timestamps ordered by the offset the record carried so that a machine in another zone sorts correctly.,"time=""HH:mm:ss.fff±TZO"" plus date=""MM-dd-yyyy"" yields both an epoch from the stated offset and a display string of the record's own wall clock; a signed tail is always taken as the offset at face value (an out-of-range offset is reported invalid rather than reinterpreted) while an unsigned tail is fractional-second text and is never split into a fabricated offset. When no offset was written the epoch falls back to reading the stamp as UTC so ordering still works, and a midnight-crossing offset still yields the correct epoch.",IPC open_log_file on a CCM log; sortable timestamp column,crates/cmtraceopen-parser/src/parser/ccm.rs,all,both,Timestamp display format is MM-dd-yyyy HH:mm:ss.fff as CMTrace renders it.,pass,story,none,,rust_test: parser::ccm::tests::test_build_timestamp_utc_offset,2026-09-24T21:30:00Z,,,
PARSER-006,parser,Parse Simple format with $$< delimiter,As an analyst I want legacy message$$<Component><timestamp><thread> logs to open with their fields split out.,"A line containing $$< selects the Simple parser (Dedicated, Structured, PhysicalLine); text before the delimiter is the message, the first <…> block is the component, and <MM-dd-yyyy HH:mm:ss.fff±TZ> plus the optional <thread=N (0xNNNN)> supply timestamp, thread and threadDisplay. Severity comes from the message text because the format has no type field, and the timezone offset is recorded on the entry.",IPC open_log_file on a Simple-format log,crates/cmtraceopen-parser/src/parser/simple.rs; crates/cmtraceopen-parser/src/parser/detect.rs,all,both,Extends LOG-001 with the Simple grammar; detect.rs test_detect_simple covers selection.,pass,story,none,,rust_test: text_contract_simple,2026-09-24T21:30:00Z,,,
PARSER-007,parser,Detect severity from message keywords when a format has no level field,As an analyst I want untyped lines ranked by their wording so that failures still stand out.,"A message containing ""error"", ""exception"", ""critical"" or ""fatal"" is Error; ""fail"" is Error but ""failover"" is excluded; ""warn"" is Warning; otherwise the line is Info. The check is case-insensitive and byte-level so it allocates nothing per line.","Every parser without a level field (Simple, Plain, Timestamped, CmtLog fallback); severity column",crates/cmtraceopen-parser/src/parser/severity.rs,all,both,Shared fallback used by msg-based parsers; extends LOG-001's severity colouring.,pass,story,none,,rust_test: parser::severity::tests::test_error_keyword,2026-09-24T21:30:00Z,,,
PARSER-008,parser,Parse generic timestamped logs and keep unreadable lines visible,"As an analyst I want ISO, slash-date, syslog and time-only lines recognised without losing the lines that are not.","The generic timestamped parser tries ISO 8601 first, then slash-date, syslog and time-only, and caches the format of the previous matching line so later lines try that pattern first; a matching line yields a parsed message plus display timestamp, while a line matching nothing is still emitted as an entry (format Timestamped, no timestamp) and counted in parseErrors. A time-only stamp with an impossible clock is rejected rather than promoted.",IPC open_log_file on an unlabelled timestamped log; parse-errors count in the status/info surface,crates/cmtraceopen-parser/src/parser/timestamped.rs,all,both,Detection requires at least two timestamp matches in the sample (see the confidence row).,pass,story,none,,rust_test: single_line_file_parses_as_plain,2026-09-24T21:30:00Z,,,
PARSER-009,parser,Resolve month-first versus day-first slash dates,As an analyst in a non-US locale I want 15/01/2024 read as day-first so that dates are not silently swapped.,"Slash dates default to MonthFirst, but when a sampled line's first field is greater than 12 the selection switches to DayFirst and dateOrder is reported as dayFirst in the selection metadata so the UI can label it. Explicit ISO and syslog dates are unambiguous and ignore the order setting.","IPC open_log_file; status bar ""Day-first dates"" label",crates/cmtraceopen-parser/src/parser/detect.rs; crates/cmtraceopen-parser/src/parser/timestamped.rs; crates/cmtraceopen-parser/src/models/log_entry.rs,all,both,dateOrder is serialized in ParserSelectionInfo and rendered by getDateOrderLabel.,pass,story,none,,rust_test: parser::detect::tests::test_detect_timestamped_us_date,2026-09-24T21:30:00Z,,,
PARSER-010,parser,Keep a zoneless wall clock and refuse an ambiguous one,As an analyst I want CBS/DISM timestamps to mean the clock the servicing host wrote so that the row order matches the text.,"CBS.log, dism.log and offset-less ReportingEvents rows are resolved through the machine's local zone instead of being promoted to UTC, so the epoch and the rendered timestamp agree. A wall clock that a DST gap or a fall-back repeat makes ambiguous resolves to no epoch at all — the record keeps its text and its display string but contributes no timestamp — because a guessed occurrence would reorder the surrounding records.",IPC open_log_file on CBS.log / dism.log / ReportingEvents.log,crates/cmtraceopen-parser/src/parser/mod.rs; crates/cmtraceopen-parser/src/parser/cbs.rs; crates/cmtraceopen-parser/src/parser/dism.rs; crates/cmtraceopen-parser/src/parser/reporting_events.rs,all,both,"Deliberate contract: a missing epoch is visible to every consumer, a wrong one is not.",pass,story,none,,rust_test: parser::tests::test_local_wall_clock_millis_keeps_the_clock_the_source_wrote,2026-09-24T21:30:00Z,,,
PARSER-011,parser,Never fabricate a timestamp from malformed digits,As an analyst I want a log line with impossible digits kept as text instead of getting an invented timestamp.,"Timestamps are matched with ASCII-only digit classes, so a stamp containing Unicode digits (for example 14:30:00.١٢) or an out-of-range clock is not parsed; the line is preserved verbatim as a plain/timestamped entry with no timestamp, no display and no component, and it increments parseErrors. Valid non-ASCII text elsewhere in the same file (Café, Résumé, 日本語) is still parsed normally.",IPC open_log_file on a log with corrupt timestamps,crates/cmtraceopen-parser/tests/issue_413_unicode_panics.rs; crates/cmtraceopen-parser/src/parser/timestamped.rs; crates/cmtraceopen-parser/src/parser/simple.rs; crates/cmtraceopen-parser/src/parser/ccm.rs,all,both,"Regression suite for issue #413; covers timestamped, simple, ccm, cmtlog and reporting_events grammars.",pass,story,none,,rust_test: timestamped_parser_preserves_invalid_digits_and_valid_unicode_payload,2026-09-24T21:30:00Z,,,
PARSER-012,parser,Read plain text with no structured format,As an analyst I want any text file to open so that an unrecognised format is still searchable.,"When no rule matches, each non-blank line becomes a Plain-format entry with severity from its text, no component, no timestamp and no thread; blank lines are skipped without breaking entry ids, ids stay contiguous while lineNumber keeps pointing at the original physical line, and plain parsing never reports parse errors.",IPC open_log_file on any unrecognised text file,crates/cmtraceopen-parser/src/parser/plain.rs; crates/cmtraceopen-parser/src/parser/detect.rs,all,both,Extends LOG-001's fallback path with the id/line-number contract.,pass,story,none,,rust_test: plain_ids_are_contiguous_across_blank_lines,2026-09-24T21:30:00Z,,,
PARSER-013,parser,"Open empty, single-line and very large files without failing",As an analyst I want degenerate and oversized inputs to degrade to plain text rather than erroring.,"An empty file selects the Plain parser with zero entries and zero parse errors, a single unstructured line is parsed as Plain, a truncated CCM record is still recovered gracefully, a CCM record with a broken timestamp is kept as an entry, and a very large CCM log parses without panicking.",IPC open_log_file on an empty or truncated log,crates/cmtraceopen-parser/tests/parser_expanded_corpus.rs; crates/cmtraceopen-parser/src/parser/plain.rs,all,both,Corpus fixtures live under src-tauri/tests/corpus/.,pass,story,none,,rust_test: empty_file_falls_back_to_plain,2026-09-24T21:30:00Z,,,
PARSER-014,parser,Parse CBS.log with continuation grouping and salvage,As an analyst I want CBS servicing records grouped and broken lines kept so that a partly damaged CBS.log is still readable.,"CBS is selected when a cbs.log path hint or \Logs\CBS\ hint is present and at least one record carries a CBS/CSI/TI/SR/SFC/RIBS/OC/POQ/SQM/DWLD component or an [SR] message; a well-formed header line starts a record, following non-header lines are appended to it as continuation text (with an embedded newline), and a line that has the date-time prefix shape but does not parse becomes its own fallback entry and increments parseErrors. The relaxed header accepts non-standard severity tokens and any component so DISM or other components interleaved in CBS.log still parse fully.",IPC open_log_file on CBS.log,crates/cmtraceopen-parser/src/parser/cbs.rs; crates/cmtraceopen-parser/src/parser/detect.rs,all,both,Framing is LogicalRecord (ResolvedParser::cbs()).,pass,story,none,,rust_test: text_contract_cbs,2026-09-24T21:30:00Z,,,
PARSER-015,parser,Parse dism.log as its own format,As an analyst I want DISM servicing output recognised on its own so that the parser column shows Dism rather than a guess.,"A dism.log path hint or \Logs\DISM\ hint plus at least one DISM-component record selects the Dism selection (dedicated, Semi-structured, LogicalRecord); without a path hint at least two DISM records are required. Records group continuations the same way CBS does, keep the DISM component, and a structurally-shaped but unparseable line is kept as a fallback entry counted in parseErrors.",IPC open_log_file on dism.log,crates/cmtraceopen-parser/src/parser/dism.rs; crates/cmtraceopen-parser/src/parser/detect.rs,all,both,CBS and DISM share the log grammar; the selection distinguishes them.,pass,story,none,,rust_test: text_contract_dism,2026-09-24T21:30:00Z,,,
PARSER-016,parser,Parse Panther setup logs with field enrichment,"As an analyst I want Windows Setup records to expose their phase, operation and result code so that setup failures are triageable.","A panther path hint (panther, setupact.log, setuperr.log) plus a PANTHER-format record selects the Panther selection (dedicated, Semi-structured, LogicalRecord); records with continuation lines are grouped, and the message is post-processed to lift a bracketed [Setup.exe] tag into sourceFile plus a component fallback, a C++ Class::method into sourceFile, PID/TID= into thread, Result=/Error:/Status: into resultCode, [gle=0x..] into gleCode, CurrentSetupPhase [..] into setupPhase and ""Executing operation""/""Operation completed successfully"" into operationName. Error and Fatal Error are Error, Warning is Warning, and Perf is Info.",IPC open_log_file on setupact.log / setuperr.log,crates/cmtraceopen-parser/src/parser/panther.rs; crates/cmtraceopen-parser/src/parser/detect.rs,all,both,Extends LOG-001 with Panther; a missing component leaves component null rather than guessing.,pass,story,none,,rust_test: text_contract_panther,2026-09-24T21:30:00Z,,,
PARSER-017,parser,Parse SoftwareDistribution ReportingEvents rows,As an analyst I want Windows Update history rows split into readable fields so that status and result code are explicit.,"A tab-delimited row with at least 11 fields, a GUID in field 1 and a parseable timestamp in field 2 selects the ReportingEvents parser (dedicated, Structured, PhysicalLine); the record GUID, event id, event name, update GUID, result code, provider and status become reader-facing fields, an opaque trailing agent token is dropped rather than shown as the message, and the message is composed as status | event name | operation | detail | HRESULT | EventId | Update. Severity follows the status field first (Success/Failure/Warning), then a set high bit in the result code, then a FAIL in the event name, then the message text; the timestamp uses the offset the record carried and is treated as a local wall clock when it carried none, and an unreadable result code is kept as written.",IPC open_log_file on ReportingEvents.log,crates/cmtraceopen-parser/src/parser/reporting_events.rs; crates/cmtraceopen-parser/src/parser/detect.rs,all,both,Placeholder GUIDs and the (null) provider token are normalised away; malformed rows fall back to a plain entry counted in parseErrors.,pass,story,none,,rust_test: text_contract_reporting_events,2026-09-24T21:30:00Z,,,
PARSER-018,parser,Parse MSI verbose logs with date carry-over and rollover,"As an analyst I want msiexec /l*v logs to show engine context, action results and the final exit code.","Weighted MSI signals (verbose-logging header, engine [PID:TID] lines, Action start/ended, Property dumps, MainEngineThread) select the Msi selection when at least two are seen; the context letter becomes MSI-client/server/action/nested, the header's M/D/YYYY date is applied to later time-only lines, and a time that jumps backwards by more than 23 hours advances the carried date for midnight rollover. Action-ended return values map 2/4 to Warning and 3 to Error, MainEngineThread exit codes map 0/1707/3010 to Info, 1602/1625/1638 to Warning and the 1600-range failures to Error (with 1600..1700 as Error by default), the footer is labelled MSI-header, and unrecognised lines are kept as plain text while still being counted as errors.",IPC open_log_file on an msiexec /l*v log,crates/cmtraceopen-parser/src/parser/msi.rs; crates/cmtraceopen-parser/src/parser/detect.rs,all,both,Selection date order is MonthFirst because the header writes M/D/YYYY.,pass,story,none,,rust_test: text_contract_msi,2026-09-24T21:30:00Z,,,
PARSER-019,parser,Parse WiX/Burn bootstrapper logs,"As an analyst I want bundle logs to show their severity letter, message code and process/thread pair.","Lines shaped [PID:TID][YYYY-MM-DDTHH:MM:SS]<i|w|e>NNN: message select the Burn selection once two are seen; the letter maps i→Info, w→Warning, e→Error, the component is the letter plus the three-digit code (for example i001), the thread is the PID with threadDisplay as ""PID:TID"" in hex, and the display timestamp is the ISO stamp with a .000 millisecond tail. Non-matching lines fall back to plain text with keyword severity.",IPC open_log_file on a Burn/bundle log,crates/cmtraceopen-parser/src/parser/burn.rs; crates/cmtraceopen-parser/src/parser/detect.rs,all,both,Timestamps carry no offset in this grammar and are read as UTC.,pass,story,none,,rust_test: text_contract_burn,2026-09-24T21:30:00Z,,,
PARSER-020,parser,Parse PatchMyPC detection script logs,As an analyst I want third-party patch detection output to show whether an app was found and in which context.,"A tilde-delimited row MM/DD/YYYY HH:MM:SS~[app]~[Found:True|False]~[Purpose:..]~[Context:..]~[Hive:..] selects the PatchMyPcDetection parser once two are seen (MonthFirst dates); Found:True is Info and Found:False is Warning, the message is composed as ""[purpose] app — Found:x"", the component is PatchMyPC, operationName carries the purpose and hostName carries the context with its trailing $) stripped.",IPC open_log_file on a detection script log,crates/cmtraceopen-parser/src/parser/patchmypc_detection.rs; crates/cmtraceopen-parser/src/parser/detect.rs,windows,both,These files are typically UTF-16LE; the encoding layer decodes them before this parser sees them.,pass,story,none,,rust_test: text_contract_patchmypc_detection,2026-09-24T21:30:00Z,,,
PARSER-021,parser,Parse Secure Boot certificate update logs,As an analyst I want Secure Boot update script output to show its script tag and level.,"Lines shaped YYYY-MM-DD HH:MM:SS [SCRIPT] [LEVEL] message select the SecureBootLog parser (dedicated, PhysicalLine); ERROR is Error, WARNING is Warning, SUCCESS is Success and INFO/SYSTEM are Info, and the component is the script tag (for example DETECT). A line whose date-time text does not form a real calendar value does not match, so it is kept as a Plain entry with no timestamp and counted as a parse error.",IPC open_log_file on SecureBootCertificateUpdate.log,crates/cmtraceopen-parser/src/parser/secureboot_log.rs; crates/cmtraceopen-parser/src/parser/detect.rs,all,both,"Selection needs the securebootcertificateupdate path hint plus one record, or two records without the hint.",pass,story,none,,rust_test: text_contract_secureboot,2026-09-24T21:30:00Z,,,
PARSER-022,parser,Parse Windows Registry export files,As an analyst I want a .reg export turned into keys and typed values so I can inspect a captured registry snapshot.,"A file whose first non-blank content is ""Windows Registry Editor Version 5.00"" or ""REGEDIT4"" selects the Registry selection, and parse_registry_content returns keys with their values and value kinds (String, Dword, Qword, Binary with multi-line hex continuation, ExpandString, MultiString joined with "" | "", None, DeleteMarker) plus totalKeys, totalValues, parseErrors, filePath and fileSize; UTF-16LE payloads inside a value are decoded and a long binary value is displayed truncated to its first 128 bytes with the total byte count appended. ""@="" empty value names, escaped \\ and \"" sequences, ""-"" delete markers and an empty file (zero keys, zero errors) are all handled.",IPC parse_registry_file; registry viewer tab,crates/cmtraceopen-parser/src/parser/registry.rs; crates/cmtraceopen-parser/src/parser/detect.rs,all,both,"Extends LOG-024 (registry snapshot tab) with the parse contract; the registry parser is reached through parse_registry_file, not the log pipeline.",pass,story,none,,rust_test: selection_contract_registry,2026-09-24T21:30:00Z,,,
PARSER-023,parser,"Parse .cmtlog files with sections, iterations and whatif markers",As an analyst I want exported CMTrace Open logs to reopen with their section structure and simulation flags intact.,"A .cmtlog extension selects the CmtLog parser immediately and content with __HEADER__/__SECTION__/__ITERATION__ components selects it heuristically when CCM lines are also present; reserved components mark entryKind Header/Section/Iteration, a Section sets the current section name and colour that later ordinary lines inherit, and the extended attributes section, color, tag, whatif and iteration are lifted onto the entry (whatif=""1"" becomes true, tag is split on commas). Extra key=""value"" attributes after file="""" are tolerated by the relaxed regex, and lines that do not match are kept as plain text counted as errors.",IPC open_log_file on a .cmtlog file,crates/cmtraceopen-parser/src/parser/cmtlog.rs; crates/cmtraceopen-parser/src/parser/detect.rs,all,both,"Extends LOG-012/LOG-013 (section banners, WhatIf styling) with the parse contract that produces those fields.",pass,story,none,,rust_test: cmtlog_extension_triggers_cmtlog_parser,2026-09-24T21:30:00Z,,,
PARSER-024,parser,Parse PSADT Legacy deploy logs,"As an analyst I want PSAppDeployToolkit Legacy lines split into timestamp, section, function and severity.","Lines shaped [yyyy-MM-dd HH:mm:ss.fff] [Section] [Function] [Severity] :: message select the PsadtLegacy parser once two match; component is the section, sourceFile is the PSADT function, [Error]/[Warning]/[Warn]/[Success] map to Error/Warning/Warning/Success and anything else (including [Info]) to Info, and the display timestamp is MM-dd-yyyy HH:mm:ss.fff. A non-matching line (including a banner) is kept as a Plain entry with keyword severity.",IPC open_log_file on Deploy-Application.log,crates/cmtraceopen-parser/src/parser/psadt.rs; crates/cmtraceopen-parser/src/parser/detect.rs,all,both,"Known sections: Initialization, Pre-Install, Install, Post-Install, Finalization.",pass,story,none,,rust_test: text_contract_psadt_legacy,2026-09-24T21:30:00Z,,,
PARSER-025,parser,Parse IIS W3C extended logs from their #Fields header,As an analyst I want IIS logs mapped regardless of which columns the server logged.,"A #Software: Microsoft Internet Information Services header on one of the first five lines, or an inetpub/logs or w3svc path hint with one data row (three rows without the hint), selects the IisW3c selection; the #Fields line defines the column names used to pick out date, time, cs-method, cs-uri-stem, cs-uri-query, sc-status, sc-substatus, time-taken, c-ip, s-ip, cs(User-Agent), s-port, cs-username and sc-win32-status, and the message is composed as ""METHOD uri → status"". 4xx maps to Warning and 5xx to Error, ""-"" fields become null instead of empty strings, '+' in the user agent is decoded as a space, and a data row shorter than the field list or an unusable row is kept as a fallback entry counted in parseErrors.",IPC open_log_file on an IIS W3C log,crates/cmtraceopen-parser/src/parser/iis_w3c.rs; crates/cmtraceopen-parser/src/parser/detect.rs,all,both,Timestamps are read as UTC because W3C rows carry no offset.,pass,story,none,,rust_test: text_contract_iis_w3c,2026-09-24T21:30:00Z,,,
PARSER-026,parser,Parse Windows DHCP server CSV logs,"As an analyst I want DHCP lease logs to show the client, address and event meaning.","A file starting with the Microsoft DHCP/DHCPv6 service-activity header, or a dhcpsrvlog/dhcpv6srvlog/dhcp_logs path hint with one CSV row (three rows without the hint), selects the Dhcp selection; the ~35-line header block is skipped, each CSV row becomes an entry whose message is ""<eventid> - <description>"" with ipAddress, hostName and MAC formatted as AA:BB:CC:DD:EE:FF, and event ids 14/15/31/34/35 are Error while 13/17/33/36 are Warning. A malformed row is kept as a Plain entry and counted in parseErrors.",IPC open_log_file on DhcpSrvLog-Mon.log,crates/cmtraceopen-parser/src/parser/dhcp.rs; crates/cmtraceopen-parser/src/parser/detect.rs,windows,both,Selection date order is MonthFirst (MM/DD/YY rows).,pass,story,none,,rust_test: text_contract_dhcp,2026-09-24T21:30:00Z,,,
PARSER-027,parser,Parse DNS debug log PACKET records,"As an analyst I want DNS server debug logs to show direction, query and response code per packet.","A dns path hint plus one PACKET line (two without the hint) selects the DnsDebug selection (dedicated, Structured, LogicalRecord); a PACKET line starts a record and following non-PACKET lines are appended to it as detail text, with a ""Remote addr X, port N"" line appended to sourceIp as addr:port. Header lines before the first PACKET are skipped, protocol, direction, transaction id, flags and RCODE (with its severity: NXDOMAIN Warning, SERVFAIL/REFUSED/FORMERR Error, else Warning) are exposed, and a line containing PACKET that does not match the grammar increments parseErrors.",IPC open_log_file on dns.log,crates/cmtraceopen-parser/src/parser/dns_debug.rs; crates/cmtraceopen-parser/src/parser/detect.rs,windows,both,DNS path hints widen the detection sample window from 20 to 50 lines so the ~29-line header is passed; dns_audit EVTX routing is a separate slice.,pass,story,none,,rust_test: text_contract_dns_debug,2026-09-24T21:30:00Z,,,
PARSER-028,parser,"Decode DNS query names, types and response codes",As an analyst I want wire-format DNS names turned into readable names so that packets are searchable by host name.,"decode_query_name turns wire-format labels ((3)www(6)google(3)com(0)) and compression pointers ([C00C]) into a dotted name, treating (0) alone as ""."", a dotted name keeps its labels with surrounding dots stripped, and a label length that lands mid-character stops decoding instead of slicing a Unicode payload. qtype_name and rcode_name map known codes to canonical names and fall back to UNKNOWN(n) / RCODE(n) for anything else.",IPC open_log_file on dns.log; query name/type/response code columns,crates/cmtraceopen-parser/src/parser/dns_types.rs; crates/cmtraceopen-parser/src/parser/dns_debug.rs,windows,both,Mid-character label lengths are the issue #413 regression for wire names.,pass,story,none,,rust_test: dns_wire_names_preserve_valid_unicode_and_reject_mid_character_lengths,2026-09-24T21:30:00Z,,,
PARSER-029,parser,Parse macOS Intune MDM daemon logs,"As a Mac admin I want pipe-delimited Intune daemon logs split into process, severity, thread and sub-component.","Lines shaped YYYY-MM-DD HH:MM:SS:mmm | Process | Severity | ThreadID | SubComponent | Message select the IntuneMacOs parser (dedicated, Structured, PhysicalLine); component is the process name (for example IntuneMDM-Daemon), sourceFile is the sub-component (for example SyncActivityTracer), the thread is the numeric thread id with its 0x display and E/W map to Error/Warning with everything else Info. A non-matching line (a continuation or JSON dump) is kept as a Plain entry counted in parseErrors.",IPC open_log_file on IntuneMDMDaemon.log,crates/cmtraceopen-parser/src/parser/intune_macos.rs; crates/cmtraceopen-parser/src/parser/detect.rs,macos,both,"Selection needs the intunemdmdaemon or /logs/microsoft/intune/ path hint with one record, or two records without the hint; the stamp carries no offset and is read as UTC.",pass,story,none,,rust_test: text_contract_intune_macos,2026-09-24T21:30:00Z,,,
PARSER-030,parser,Frame Intune Device Inventory logs by dialect,As an Intune engineer I want inventory logs read with the right dialect so that continuations stay attached to their record.,"Detection resolves the Device Inventory dialect from the file (Harvester, InventoryAdaptor or RotationFailure), which selects the IntuneDeviceInventory kind carrying that specialization, MonthFirst dates and LogicalRecord framing; a non-header line is attached to the record above it rather than emitted as a detached record, and the interface reports the dialect so the UI does not present a guess as validated.",IPC open_log_file on IntuneInventoryHarvesterLog.log / InventoryAdaptor.log,crates/cmtraceopen-parser/src/parser/detect.rs; crates/cmtraceopen-parser/src/parser/mod.rs; crates/cmtraceopen-parser/src/models/log_entry.rs,windows,both,LogicalRecord framing is required because the parser attaches continuations to the previous record in every dialect.,pass,story,none,,rust_test: text_contract_intune_device_inventory_harvester,2026-09-24T21:30:00Z,,,
PARSER-031,parser,Degrade a Device Inventory selection without a dialect instead of panicking,As a maintainer I want a malformed selection to parse rather than abort the whole file.,"If an IntuneDeviceInventory selection arrives without a specialization (only possible from a hand-built selection or a future override surface) the parse falls back to the generic timestamped reading for that file instead of panicking, because all three dialects are timestamp-led and still produce usable records.","parse_content_with_selection / parse_lines_with_selection callers (tailing, overrides)",crates/cmtraceopen-parser/src/parser/mod.rs; crates/cmtraceopen-parser/src/parser/timestamped.rs,all,both,Deliberate degradation path; the guard exists in both the content and the line entry points.,partial,story,coverage,static-only: no dedicated test; the guard is a match arm in parser/mod.rs::parse_lines_with_selection and parse_content_with_selection,rust_test: parser::tests::test_parse_lines_with_selection_can_use_panther_selection,2026-09-24T21:30:00Z,,,
PARSER-032,parser,Specialise Intune agent logs as IME reads,As an Intune engineer I want AgentExecutor/AppWorkload style logs read as IME logical records so that script bodies stay on one row.,"When the file name starts with a known Intune agent prefix (agentexecutor, appactionprocessor, appworkload, clienthealth, healthscripts, intunemanagementextension) and the content carries CCM records, the selection is CCM with specialization Ime, framing LogicalRecord and Dedicated provenance; the prefix alone is not enough — a known IME file name whose content is not CCM is not specialised, and an IME-format CCM log living inside a Company Portal LocalState folder still selects CCM rather than Company Portal.",IPC open_log_file on HealthScripts.log / AppWorkload.log,crates/cmtraceopen-parser/src/parser/detect.rs; crates/cmtraceopen-parser/src/parser/ccm.rs,all,both,IME parsing itself lives in the Intune slice; this row is the detection/specialisation contract.,pass,story,none,,rust_test: specialization_contract_ime,2026-09-24T21:30:00Z,,,
PARSER-033,parser,Detect Company Portal logs and downgrade an unvalidated app version,As an Intune engineer I want to know when a Company Portal log was read with a grammar that was not validated for its app version.,"A Company Portal file-name or package-folder hint plus one layout-matching record (two records without the hint) selects the CompanyPortal parser; when every matching record's app version is inside the validated set the provenance is Dedicated, and when any version is outside it the selection is marked Heuristic so the UI reports an unvalidated read even though the same grammar is still used. The exact LocalState file name with records from an unrelated UWP package, or generic timestamped content in a Company Portal path, is not claimed as Company Portal.",IPC open_log_file on LocalState Log_1.log; status bar parser segment,crates/cmtraceopen-parser/src/parser/detect.rs; crates/cmtraceopen-parser/src/models/log_entry.rs,windows,both,"Parse quality stays Structured; only provenance changes, so the reader is told without the parse being degraded.",pass,story,none,,rust_test: parser::detect::tests::test_detect_company_portal_from_path_and_content,2026-09-24T21:30:00Z,,,
PARSER-034,parser,Require corroborating records before trusting a path hint,As an analyst I want path hints to nominate rather than decide so that an unrelated file in a known folder is not misparsed.,"Dedicated detectors that are content-weighted require two matching records when no path hint is present (MSI, Burn, PatchMyPC, DNS debug, Intune macOS, Company Portal, IIS W3C, DHCP) and dedicated formats that are path-hint gated require at least one record inside the hinted path (CBS, DISM, Panther, ReportingEvents, SecureBoot); a single timestamp-looking line inside a 20-line sample is not enough to leave Plain, and a file that only shares a folder name with a format keeps its generic timestamped reading.",IPC open_log_file on a log in an ambiguous folder,crates/cmtraceopen-parser/src/parser/detect.rs,all,both,This is the confidence rule behind the provenance/quality metadata; the thresholds are visible in detect_parser's decision ladder.,pass,story,none,,rust_test: parser::detect::tests::test_single_timestamp_line_stays_plain,2026-09-24T21:30:00Z,,,
PARSER-035,parser,Rebuild one entry from a single raw line with a known parser,As a consumer of the parser API I want to materialise one line on demand so that on-demand views do not re-parse the whole file.,"ResolvedParser::parse_one_line strips one trailing newline, parses the single line with the already-resolved parser, overrides lineNumber with the caller's original line number and returns the entry; a line the parser produces nothing for returns an error string (""parser produced no entries"") rather than a fabricated entry.","parser API used by on-demand views (unified timeline materialisation, tail)",crates/cmtraceopen-parser/src/parser/detect.rs; crates/cmtraceopen-parser/src/parser/mod.rs,all,both,Pure API helper; no IPC command of its own.,blocked,story,environment,static-only: no dedicated test; behaviour is exercised through src-tauri/src/watcher/tail.rs and unified-timeline materialisation call sites,,2026-09-24T21:30:00Z,,,
PARSER-036,parser,Route a selection to its parser implementation and annotate error spans,As a caller I want one entry point to dispatch every parser and annotate codes so that downstream views are uniform.,"parse_lines_with_selection dispatches on the implementation, routes GenericTimestamped to the CBS, DISM or Panther parser when that ParserKind was detected (otherwise the generic timestamped parser), routes CCM to its specialisation-aware parser, and returns no line entries for Registry and DnsAudit because those take dedicated binary/IPC paths; after parsing, error-code spans are detected on every entry's message so a caller cannot forget the annotation. totalLines counts the content's lines and parseErrors is the parser's own count.",IPC open_log_file / tail reads through parse_lines_with_selection and parse_content_with_selection,crates/cmtraceopen-parser/src/parser/mod.rs,all,both,Registry parses through parse_registry_file and DNS audit EVTX through the event-log binary path.,pass,story,none,,rust_test: parser::tests::test_parse_lines_with_selection_can_use_panther_selection,2026-09-24T21:30:00Z,,,
PARSER-037,parser,Detect supported error codes inside a message,As an analyst I want recognised error codes underlined in the message so that I can open their description.,"detect_error_code_spans finds 0x-prefixed 8-hex-digit tokens, skips a match followed by more hex digits (so GUIDs and longer hex runs are not split), and returns a span only for codes that exist in the database; each span carries codeHex, codeDecimal, description, category and outcome, and start/end are UTF-16 code-unit offsets so JavaScript string slicing lines up even when the message contains non-ASCII or emoji before the code. A message with no ""0x""/""0X"" returns no spans without running the regex.",IPC open_log_file (spans on parsed entries); click a highlighted code in a message,crates/cmtraceopen-parser/src/error_db/lookup.rs; crates/cmtraceopen-parser/src/parser/mod.rs,all,both,Extends LOG-008 (clicking an error code) with the backend span contract that makes the span clickable.,pass,story,none,,rust_test: error_db_detects_hex_error_codes_in_message,2026-09-24T21:30:00Z,,,
PARSER-038,parser,Look up an error code in any written form,As an analyst I want to paste a code however it was written and still get its description.,"lookup_error_code accepts 0x-prefixed hex, bare hex of six or more digits, negative decimal (the signed form of an HRESULT) and plain decimal, and returns codeHex, codeDecimal, description, category and found=true on a hit; an unknown but well-formed code returns found=false with the formatted values and description ""Unknown error code"", and unparseable input returns empty code fields with ""Invalid error code format"".",IPC lookup_error_code; Tools > Error Code Lookup,crates/cmtraceopen-parser/src/error_db/lookup.rs; src-tauri/src/commands/error_lookup.rs,all,both,Extends CHROME-016 (the dialog) with the backend lookup contract it calls.,pass,story,none,,rust_test: error_db_lookup_known_code,2026-09-24T21:30:00Z,,,
PARSER-039,parser,Resolve an HRESULT to its Win32 twin and back,As an analyst I want 0x80070005 and 5 to resolve to the same explanation.,"A miss on a FACILITY_WIN32 code (0x8007xxxx) is retried with its low 16 bits as a Win32 code, and a small value (0xFFFF or less) is retried as 0x80070000 | code, so looking up either spelling of a code finds the entry stored under the other; the table does not have to hold both forms for the lookup to succeed.",IPC lookup_error_code; IPC search_error_codes,crates/cmtraceopen-parser/src/error_db/lookup.rs,all,both,O(1) lookup over a prebuilt OnceLock HashMap of the embedded table.,pass,story,none,,rust_test: error_db::lookup::tests::test_lookup_win32_code_finds_hresult_entry,2026-09-24T21:30:00Z,,,
PARSER-040,parser,Search error codes by number or description text,As an analyst I want to type a phrase and get matching codes so that I can find a code I only half remember.,"search_error_codes returns an empty list for an empty query; a query that parses as a code returns that single code (with found=false and ""Unknown error code"" when the code is absent from the table); otherwise it matches descriptions case-insensitively with description-prefix matches ranked above description-substring matches, which rank above category-label matches, sorts by that priority and truncates to 50 results.",IPC search_error_codes; Tools > Error Code Lookup text search,crates/cmtraceopen-parser/src/error_db/lookup.rs; src-tauri/src/commands/error_lookup.rs,all,both,Extends CHROME-016 with the search backend contract.,pass,story,none,,rust_test: error_db_search_returns_results_for_broad_query,2026-09-24T21:30:00Z,,,
PARSER-041,parser,Attribute a code to its product category and triage outcome,As an analyst I want a code's category and whether it really is a failure so that success codes are not counted as findings.,"Each entry carries a label from ErrorCategory (Windows, Windows Update, BITS, ConfigMgr, Intune, Delivery Optimization, App Install, Certificate, Network, Security, Registry, File System, Windows Installer (MSI), PSADT) and a lookup result reports it, for example 0x87D13B64 as Intune and the published 0x87D0xxxx Configuration Manager codes as ConfigMgr. error_code_outcome classifies 0x00000000/0x00000001 and the WU_S_* codes as Success, 3010/0x80070BC2/0x00240005 as SuccessRequiresAction and 1641 and 0x87D1076C as Success, while everything else (including MSI 1707/1724/1726/1728, which other code spaces reuse) stays Failure so findings are not under-counted; a code inside a published range but not published (0x87D01282) fails closed as unknown.",IPC lookup_error_code / search_error_codes; error-code table that counts findings,crates/cmtraceopen-parser/src/error_db/codes.rs; crates/cmtraceopen-parser/src/error_db/lookup.rs,all,both,"The table is also asserted to hold no duplicate codes and to contain every code classified as non-failure (codes_outside_failure_exist_in_the_table, test_no_duplicate_error_codes, test_expanded_database_size).",pass,story,none,,rust_test: error_db::lookup::tests::test_lookup_includes_category,2026-09-24T21:30:00Z,,,
PARSER-042,parser,Render an event description from captured provider metadata,As an analyst opening someone else's EVTX I want event descriptions rendered without the provider being installed.,"render_description substitutes %1/%2/… (one-based, %10 selecting the tenth value) with the event's insertion strings, treats %% as a literal percent and passes any other % through untouched; insertions the event did not supply stay visible as %n and are listed in missingInsertions so a partial render cannot be mistaken for a complete one, and RenderedDescription::is_complete reports that state. ProviderMetadata::render_event_description produces the same result on any platform without consulting a Windows registry.",Event description text in the Event Viewer detail pane (via the host layer that reads captured metadata),crates/cmtraceopen-parser/src/provider/mod.rs,all,both,"Complements EVTX-010 (provider map/enrichment): this row is the pure rendering half, which works identically on macOS/Linux/wasm.",pass,story,none,,rust_test: provider::tests::renders_a_real_mdm_description,2026-09-24T21:30:00Z,,,
PARSER-043,parser,Pick the right provider event definition,As an analyst I want the description that matches the event's version and channel so that insertion points line up.,"ProviderMetadata::event prefers an event definition whose version matches exactly and whose channel matches the event's channel; when no exact version exists it falls back to the highest known version, and a channel-specific definition beats a wildcard definition at the same version. An unknown event id resolves to no definition (and therefore no rendered description) rather than a guess from a sibling channel.",Event description text in the Event Viewer detail pane,crates/cmtraceopen-parser/src/provider/mod.rs,all,both,Channel tiering deliberately precedes the version fallback so a plausible-but-wrong description is not rendered.,pass,story,none,,rust_test: provider::tests::captured_metadata_renders_the_requested_event_version_without_registry,2026-09-24T21:30:00Z,,,
PARSER-044,parser,"Name provider levels, tasks, opcodes and keyword bits",As an analyst I want keyword bitmasks expanded to names so that filtering by keyword is meaningful.,"ProviderMetadata resolves a task value and an opcode value through the provider's tables, and keyword_names expands a mask into the declared names of the set bits only (undeclared bits, including the reserved high bits the system sets, are ignored rather than reported as unknown) returned in bit-value order instead of the map's lexicographic key order. An absent category is recorded in unavailableCategories so it stays distinguishable from a present-but-empty one, and source_os_build records which Windows build the metadata came from.",Event keyword/task/opcode display in the Event Viewer detail pane,crates/cmtraceopen-parser/src/provider/mod.rs,all,both,"Ordering is by bit value because string-ordered keys (""1"", ""16"", ""2"") read as meaningful when they are an artefact.",pass,story,none,,rust_test: provider::tests::keyword_names_come_back_in_bit_order_not_key_order,2026-09-24T21:30:00Z,,,
PARSER-045,parser,Tolerate the signed wire form of provider metadata,As an analyst I want providers whose masks or message ids use the top bit to load instead of failing silently.,"Keyword masks and short message ids written as signed .NET integers deserialize into the unsigned model (a mask of -9223372036854775808 becomes 0x8000000000000000) and serialize back in the signed form so metadata round-trips; a ShortId outside the signed Int16 range, or an in-memory value wider than a 16-bit low word, is rejected with an error rather than truncated.",Loading captured provider metadata into the app,crates/cmtraceopen-parser/src/provider/mod.rs,all,both,Without the signed handling the Microsoft-Windows-DeviceManagement provider failed to load at all.,pass,story,none,,rust_test: provider::tests::short_message_ids_use_signed_int16_wire_values,2026-09-24T21:30:00Z,,,
PARSER-046,parser,Read WIM metadata from a raw image without decompressing,As an engineer I want the image list of a .wim read without wimlib so that image metadata can be inspected portably.,"parse_wim validates the MSWIM magic and the 208-byte header size, decodes the header flags into a compression algorithm (None, Xpress, Lzx, Lzms or Unknown), slices the resources with explicit bounds checks, decodes the UTF-16LE XML resource and returns each image's index, name, dirCount, fileCount and totalBytes together with the raw XML, version, guid, chunk size, part numbers and boot index. The header's declared image count must equal the number of <IMAGE> elements or the parse fails.",Library API used for WIM/ESD image metadata (no IPC command yet),crates/cmtraceopen-parser/src/wim/mod.rs; crates/cmtraceopen-parser/src/wim/header.rs; crates/cmtraceopen-parser/src/wim/xml.rs,all,both,"Layer 1 only: pure byte-slice parsing, no decompression and no filesystem I/O; the module is only consumed by the crate's tests today.",pass,story,none,,rust_test: magic_and_header_size_constants_match_spec,2026-09-24T21:30:00Z,,,
PARSER-047,parser,Report unsupported WIM capabilities as coverage states,As an engineer I want an unsupported image reported as unsupported rather than returned as a half-read success.,"TooSmall, BadMagic, BadHeader, ResourceOutOfBounds, UnsupportedCompression, InvalidUtf16, MalformedXml{reason}, ImageCountMismatch, SpannedUnsupported and UnsupportedVersion are distinct errors: a spanned (.swm) set, a compressed XML resource, a header version other than 0x10D00, a declared header size mismatch, an odd-length UTF-16 XML resource and a non-XML document root each fail with their own variant, so a caller can tell a coverage gap from a parse failure.",Library API used for WIM/ESD image metadata,crates/cmtraceopen-parser/src/wim/mod.rs; crates/cmtraceopen-parser/src/wim/resource.rs; crates/cmtraceopen-parser/src/wim/xml.rs,all,both,"UnsupportedVersion is intentionally a coverage state, not a generic failure.",pass,story,none,,rust_test: compressed_xml_resource_is_unsupported_not_success,2026-09-24T21:30:00Z,,,
PARSER-048,parser,Report an unavailable evidence source as a coverage gap,As an analyst I want missing evidence called out as missing so that a quiet report is not read as a healthy machine.,"finding_for_coverage builds a CoverageGap class finding for one of Covered/Unknown/Absent/AccessDenied/Capped/Skipped/Unsupported/Malformed/ParseFailed/ProviderDescriptionUnavailable with a deterministic id, the source name, the detail text and a recommended check to collect or grant access to that source, at Info severity and Unknown confidence, and carries the gap itself in the finding's coverageGaps so the incompleteness travels with the conclusion.",Diagnosis summaries shown by the Intune/ESP/SCCM workspaces and the unified timeline,crates/cmtraceopen-parser/src/diagnosis.rs,all,both,Coverage is deliberately modelled separately from an assertion about a source's health.,pass,story,none,,rust_test: coverage_states_are_non_assertive_findings,2026-09-24T21:30:00Z,,,
PARSER-049,parser,Enrich error tokens in a message losslessly,As an analyst I want every code-looking token explained without losing how it was written.,"enrich_error_tokens returns the known spans found by the shared detector first and then adds wider candidates (0x-prefixed, signed, four-or-more-digit numerics and bare 8-hex tokens), where a bare numeric token is only taken when the surrounding sentence contains a context marker such as error, hresult, code, status, failed or failure. Each ErrorToken keeps the original spelling in raw plus parsed decimal/hex, a malformed flag for unparseable input, and found/description/category only when the database resolved it; duplicate spellings are emitted once.",Diagnosis event views (error tokens list),crates/cmtraceopen-parser/src/diagnosis.rs; crates/cmtraceopen-parser/src/error_db/lookup.rs,all,both,Lossless by design: an unknown or malformed token is still reported rather than dropped.,pass,story,none,,rust_test: error_tokens_are_lossless_for_known_unknown_malformed_signed_and_hex_inputs,2026-09-24T21:30:00Z,,,
PARSER-050,parser,Keep evidence identity and redact the display projection,As an analyst I want findings to point back at their source row while machine names are masked in exports.,"EvidenceRef carries the source-native reference unflattened, with stable_id namespaced by source (intune:/esp:/sccm:/dsregcmd:/text-log/event) and source_reference reproducing the source-native pointer (including SCCM line ranges as artifactId#entryId:start-end); an event's identity falls back to raw XML content when no record id exists, and two events whose fields contain the delimiters are still distinct. redacted_display_projection collects machine names across findings, evidence, gaps, correlations and events and redacts identifiers, paths and derived headline/outcome text, while timestamp-only correlations are retained as ambiguous (and candidate-identifier correlations as candidate) rather than promoted to exact/causal.",Diagnosis summary export and cross-source overview in the workspaces,crates/cmtraceopen-parser/src/diagnosis.rs,all,both,Rule evaluation still sees the original bounded records; only the returned presentation graph is redacted.,pass,story,none,,rust_test: evidence_identity_round_trips_without_flattening_native_refs,2026-09-24T21:30:00Z,,,
PARSER-051,parser,Expose error lookup over IPC,As a user as the UI I want lookup and search available as commands so that the Error Code Lookup dialog can query the embedded database.,"The lookup_error_code code IPC command returns the single ErrorLookupResult and search_error_codes query returns a list of the same shape, both delegating to the pure crate functions, so the dialog receives found/description/category/hex/decimal for one code and a ranked list for free text; deployment and Intune diagnostics call the same crate function directly for their error-code tables.","IPC lookup_error_code(code), IPC search_error_codes(query)",src-tauri/src/commands/error_lookup.rs; crates/cmtraceopen-parser/src/error_db/lookup.rs,all,both,Extends CHROME-016 (dialog) with the IPC surface; the command bodies are thin delegations to the tested crate functions.,pass,story,none,,"rust_test+live_bridge: lookup_error_code and search_error_codes answered by the real backend during the 2026-09-24 debug-bridge probe (""E_ACCESSDENIED - Access is denied""; ranked search results); both delegate to the pure crate functions.",2026-09-24T22:45:00Z,pass,2026-09-24T22:45:00Z,
PARSER-052,parser,Honour a policy that disables update checks,As an administrator I want to disable update checks by policy so that managed machines do not call out.,"get_update_policy reports updateChecksDisabledByPolicy true when CMTRACEOPEN_DISABLE_UPDATE_CHECKS holds a truthy value (1, true, yes, on, disabled or disable, case-insensitive and trimmed) or, on Windows, when HKLM or HKCU \Software\CMTrace Open\DisableUpdateChecks is a non-zero DWORD or a truthy string; non-truthy values (empty, 0, false, no, off, enabled) leave checks enabled, and on non-Windows only the environment variable applies.",IPC get_update_policy; Settings > Updates (checkbox disabled by policy),src-tauri/src/commands/app_config.rs; src/components/dialogs/settings/UpdatesTab.tsx,all (registry read Windows only),both,Extends CHROME-024 (updates settings) with the policy resolution contract.,pass,story,none,,rust_test: commands::app_config::tests::truthy_policy_values_disable_update_checks,2026-09-24T21:30:00Z,,,
PARSER-053,parser,Report which workspaces the build includes,As a user I want only the workspaces this build actually contains so that I am not offered a dead surface.,"get_available_workspaces always lists log, timeline and dns-dhcp, and adds intune plus new-intune with the intune-diagnostics feature, esp-diagnostics with esp-diagnostics, dsregcmd with dsregcmd, macos-diag plus macos-jamf with macos-diag, deployment with deployment, event-log with event-log, sysmon with sysmon, secureboot with secureboot and sccm with sccm-diagnostics; a Lite build (no default features) therefore exposes only the always-present workspaces.",IPC get_available_workspaces; workspace dropdown filtering,src-tauri/src/commands/app_config.rs; src-tauri/Cargo.toml; src/workspaces/registry.ts,all,both,Extends CHROME-014 (workspace switching) with the backend feature-gating contract.,pass,story,none,,rust_test: commands::app_config::tests::esp_workspace_availability_matches_the_build_feature,2026-09-24T21:30:00Z,,,
PARSER-054,parser,Reject binary logs with the tool needed to convert them,As an analyst I want a clear instruction when I open an ETL or foreign EVTX so that I know how to get a readable file.,"parse_file intercepts .etl by extension before any decoding and returns a message naming the tracerpt command on Windows or explaining that tracerpt is required and the file must be exported on Windows elsewhere; a .evtx is routed to the DNS audit reader when the event-log feature is compiled and the file holds DNS audit events, otherwise it fails with a message pointing at the Sysmon workspace, and a build without the event-log feature (Lite) says EVTX support is not included. For text files it reads the bytes, decodes them and passes file_size and byteOffset through to the ParseResult so tailing can start where the parse ended.",IPC open_log_file on a .etl or .evtx path,src-tauri/src/parser/mod.rs,all (message text differs on Windows),both,"The ETL conversion hint names tracerpt ""<file>"" -of XML -o output.xml on Windows; Lite builds return the feature-required message for every EVTX.",pass,story,none,,rust_test: encoding_boms_and_windows_1252_decode_at_file_boundary,2026-09-24T21:30:00Z,,,
PARSER-055,parser,Decode log files by BOM with a Windows-1252 fallback,As an analyst I want an ANSI-encoded or UTF-16 log to open with its characters intact.,"detect_encoding reports UTF-16LE for FF FE, UTF-16BE for FE FF and UTF-8 otherwise; decode_bytes strips the matching BOM, decodes UTF-16 through encoding_rs and normalises CRLF to LF, strips a UTF-8 BOM, and when the bytes are not valid UTF-8 falls back to Windows-1252 (logging a warning on replacement) instead of failing the open. A Windows-1252 file (caf\xE9) and both UTF-16 byte orders therefore produce the same message text, and a UTF-16LE .reg file reaches the registry parser with no data loss.",IPC open_log_file / parse_registry_file (file read path),src-tauri/src/parser/mod.rs; crates/cmtraceopen-parser/src/parser/mod.rs,all,both,"Extends LOG-001, which mentions the UTF-8 then Windows-1252 fallback without the BOM/strip details.",pass,story,none,,rust_test: encoding_boms_and_windows_1252_decode_at_file_boundary,2026-09-24T21:30:00Z,,,
PARSER-056,parser,Build the Lite edition from the Lite config,As a release engineer I want a log-viewer-only build so that machines without the diagnostic workspaces can still read logs.,"npm run app:build:lite runs `tauri build --config src-tauri/tauri.lite.conf.json -- --no-default-features`, producing the product named ""CMTrace Open Lite"" with its own icons-lite icon set and a 1200x800 window titled CMTrace Open Lite; because no default features are compiled, the workspace set shrinks to the always-present log, timeline and dns-dhcp entries and the EVTX/event-log paths report that the build lacks that feature.",npm run app:build:lite; src-tauri/tauri.lite.conf.json,package.json; src-tauri/tauri.lite.conf.json; src-tauri/Cargo.toml; src-tauri/src/commands/app_config.rs,all,lite,"Extends OPS-001 (build Full and Lite editions) with the exact Lite command, config and product identity.",partial,story,coverage,"The workspace-set half is exercised (cargo check --no-default-features passes and the *_workspace_availability_matches_the_build_feature tests pass); the packaged Lite build (icons-lite, window title) is not built in this pass.",rust_test+build: cargo check --no-default-features; commands::app_config::tests::*_workspace_availability_matches_the_build_feature,2026-09-24T22:45:00Z,partial,2026-09-24T22:45:00Z,
PARSER-057,parser,Build the Full edition with every diagnostic feature,As a release engineer I want the default build to include all workspaces so that the shipping app is the full tool.,"The default cargo feature set for the desktop crate is `full`, which enables collector, deployment, dsregcmd, esp-diagnostics, event-log, intune-diagnostics, macos-diag, sccm-diagnostics, secureboot and sysmon, with dependent features pulled in as declared (dsregcmd and esp-diagnostics require intune-diagnostics; event-log and sysmon pull the evtx dependency; esp-diagnostics adds cab/tempfile/zip; macos-diag adds plist). Parser behaviour is identical in both editions because the parser crate is a single dependency with no feature switch for log formats.",npm run app:build:release (tauri build); src-tauri/Cargo.toml [features],src-tauri/Cargo.toml; package.json; crates/cmtraceopen-parser/src/parser/mod.rs,all,full,Extends OPS-001; this row is the feature-set contract the edition flag is derived from.,pass,story,none,,rust_test: esp_orchestration_tests::orchestration_beta_enrollment_failure_preserves_v1_configuration,2026-09-24T21:30:00Z,,,
PARSER-058,parser,Gate the parser crate on wasm portability and its own test suite,As a maintainer I want CI to prove the parser stays pure Rust and passes its tests so that it can be reused off-desktop.,"CI runs `cargo check --locked -p cmtraceopen-parser --target wasm32-unknown-unknown` in the source-quality job (the crate must compile with no Tauri, tokio, evtx, winreg, rayon or filesystem I/O), and `cargo test --locked -p cmtraceopen-parser` plus `cargo clippy --locked -p cmtraceopen-parser --all-targets -- -D warnings` in the Rust job; the desktop crate separately runs cargo check/test/clippy for both the default and the --no-default-features (Lite) profiles, and an MSRV job runs `cargo +1.88 check --workspace --all-features --locked`.","CI job ""Source Quality (fmt / wasm / whitespace)""; CI job ""Check & Test (Rust)""; CI job ""Rust MSRV (1.88)""",.github/workflows/cmtrace-ci.yml; src-tauri/Cargo.toml; crates/cmtraceopen-parser/src/lib.rs,all,both,"Extends OPS-002 (run supported automated verification suites); the workflow file is .github/workflows/cmtrace-ci.yml. Note the wasm32 target is a portability gate, not a shipped wasm build. CI-gated parser crate commands re-run locally 2026-09-24. CI-gated parser crate commands re-run locally 2026-09-24.",pass,story,none,,rust_test+build: cargo check -p cmtraceopen-parser --target wasm32-unknown-unknown; cargo test -p cmtraceopen-parser (all targets ok); cargo clippy -p cmtraceopen-parser --all-targets -- -D warnings (clean),2026-09-24T22:45:00Z,pass,2026-09-24T22:45:00Z,
PARSER-059,parser,Decode a hex EventPayload into readable text,As an analyst I want WindowsUpdate .etl EventPayload hex decoded so that a trace I was told is unreadable shows its message.,"decode_event_payload turns one EventPayload hex string into DecodedPayload { text, encoding }: whitespace between digits, lowercase hex and a trailing null are tolerated, embedded newlines survive, and the encoding is decided by scoring UTF-16LE against single-byte/UTF-8 rather than assumed. An odd digit count, non-hex input, binary that is not text, or a payload that decodes to nothing yields None so the caller shows the hex unchanged. decode_payload_in walks an EventNode tree for the first decodable payload and keeps looking when one node's payload cannot be decoded.",parser-crate API decode_event_payload / decode_payload_in; the Event Viewer renders the decoded text in place of the hex,crates/cmtraceopen-parser/src/event_payload/mod.rs,all,both,Surfaced by the 2026-09-24 inventory audit: the only parser-crate module with no story.,pass,retest,none,,"rust_test: event_payload::tests::{decodes_a_single_byte_payload, tolerates_whitespace_between_digits, accepts_lowercase_hex, strips_a_trailing_null_terminator, preserves_embedded_newlines, refuses_an_odd_number_of_digits, refuses_input_that_is_not_hexadecimal, refuses_binary_that_is_not_text, refuses_a_payload_that_decodes_to_nothing, finds_a_payload_nested_under_a_provider_wrapper, an_event_without_a_payload_yields_nothing, an_undecodable_payload_does_not_hide_a_later_decodable_one, round_trips_a_realistic_windows_update_line",2026-09-24T21:50:00Z,pass,2026-09-24T21:30:00Z,
OPS-001,operations,Build Full and Lite editions,As a maintainer I want both supported editions to compile so users can receive a runnable viewer.,"Frontend typecheck/build, full Rust tests, and no-default-features Rust checks complete without errors. The Lite edition keeps the core viewer plus Timeline and DNS/DHCP while specialized workspaces are feature-gated.",Release/build commands,package.json; src-tauri/Cargo.toml; src-tauri/tauri.lite.conf.json; src-tauri/src/commands/app_config.rs,all,both,"The consolidated head passes TypeScript and Vite production build; Full Rust 1510 passed with 6 intentionally ignored; Lite Rust 401/401 passed; parser 2744 passed with 1 intentionally ignored. WASM, Windows x64 Full check/test-link/strict Clippy, Full/Lite Tauri executable, and native macOS Full/Lite bundle gates are included in the final build pass.",partial,retest,coverage,"Portable and cross-target compilation is green. Native Windows execution, MSI/NSIS install-uninstall, Windows signing, live Event Log acceptance, and Apple notarization remain explicit external gates.",existing_test+build,2026-08-23T05:23:47Z,partial,2026-09-24T21:30:00Z,"Replaced placeholders with consolidated evidence: Full 1516 selected (1510 passed and 6 ignored), Lite 401/401, parser 2745 selected (2744 passed and 1 ignored), production frontend, WASM, Windows cross-target, and Full/Lite package builds."
OPS-002,operations,Run supported automated verification suites,As a maintainer I want the supported automated verification suites to run clean after remediation so failures are not hidden.,"Acceptance requires the consolidated exact head to pass the supported frontend, Playwright, Rust, strict Clippy, formatting, and Lite-edition gates and to record exact counts from that same head. Native Windows and signed packaging remain separate explicit gaps.",Verification commands,package.json; src-tauri/Cargo.toml; docs/qa/user-stories.csv,all,both,"Exact consolidated counts: Vitest 1441/1441 across 114 files; Playwright Chromium 29/29; Node CI/updater contracts 40/40; collector Pester 29/29; installer Pester 22/22; Full Rust 1510 passed and 6 ignored; Lite Rust 401/401; parser 2744 passed and 1 ignored. TypeScript, production build, npm audit, host and Windows cross-target strict Clippy, Rust 1.88 check, formatting, cargo-deny, cargo-audit, actionlint on the changed workflow, WASM, and git diff checks pass.",partial,retest,coverage,"Fourteen Full-Rust and one Lite test report pass while intentionally skipping real-fixture assertions because local fixture environment variables/files are absent. Native Windows runtime, installer lifecycle, signing, and notarization remain separate acceptance evidence.",suite_regression,2026-08-23T05:23:47Z,partial,2026-09-24T21:30:00Z,All locally feasible supported suites pass with exact counts. Six Full tests require a real provider DB and one parser golden-rewrite test remain intentionally ignored; environment-gated fixture passes are disclosed rather than counted as native proof.
INTUNE-001,intune,Open IME log or evidence folder,As an Intune admin I open an IME log or evidence folder so I can see parsed app/script/download activity.,Open IME Log File / Open IME Or Evidence Folder (disabled while analyzing). createIntuneOnOpenSource analyzes the path. includeLiveEventLogs only for known source windows-intune-ime-logs. Empty folder -> empty phase. Failures -> error phase.,IntuneDashboardHeader; File menu; known source,src/workspaces/intune/index.ts; IntuneDashboardHeader.tsx; intune-store.ts,all,full,intune-store phase machine. | Classic Intune empty: Choose an Intune log file or folder; Included files: 0.,pass,retest,none,No confirmed defect in current verification.,existing_test,2026-08-18T19:17:47Z,pass,2026-09-24T21:30:00Z,No confirmed defect or remediation required; current behavior retained.
INTUNE-002,intune,Classic Timeline / Downloads / Summary tabs,"As an admin I switch among timeline, downloads, and summary.",Tabs disable when analyzing or when that surface has no data. If the active tab becomes unavailable the dashboard falls back timeline then downloads then summary.,IntuneDashboardNavBar,src/workspaces/intune/IntuneDashboard.tsx; IntuneDashboardNavBar.tsx,all,full,Verified 2026-08-18T15:35:10Z: Timeline/Downloads/Summary tabs switch; Downloads disabled when empty. Tests: src/workspaces/intune/IntuneDashboard.stories.test.tsx,pass,retest,none,No confirmed defect in current verification.,existing_test,2026-08-18T19:17:47Z,pass,2026-09-24T21:30:00Z,No confirmed defect or remediation required; current behavior retained.
INTUNE-003,intune,Time window filter,As an admin I limit events and downloads to a recent window.,All Activity / Last Hour / Last 6 Hours / Last Day / Last 7 Days. Anchor is latest event or download timestamp. Summary diagnostics stay full-set and warn they are unwindowed.,Nav bar Window select,src/workspaces/intune/IntuneDashboardNavBar.tsx,all,full,Verified 2026-08-18T15:35:10Z: Time window presets hide out-of-window events; summary stays unwindowed. Tests: src/workspaces/intune/IntuneDashboard.stories.test.tsx,pass,retest,none,No confirmed defect in current verification.,existing_test,2026-08-18T19:17:47Z,pass,2026-09-24T21:30:00Z,No confirmed defect or remediation required; current behavior retained.
INTUNE-004,intune,Timeline type/status/sort/activity,"As an admin I filter by type and status, switch list vs activity, and sort.",Type All/Win32/WinGet/Script/Remediation/ESP/Sync/Policy/Download/Other; status All/Success/Failed/In Progress/Pending/Timeout/Unknown; Reset; list|activity; sort time/name/type/status/duration.,IntuneDashboardNavBar,src/workspaces/intune/IntuneDashboardNavBar.tsx; EventTimeline.tsx,all,full,"Verified 2026-08-18T15:35:10Z: Type/status filters, sort, List/Activity, Reset. Tests: src/workspaces/intune/IntuneDashboard.stories.test.tsx",pass,retest,none,No confirmed defect in current verification.,existing_test,2026-08-18T19:17:47Z,pass,2026-09-24T21:30:00Z,No confirmed defect or remediation required; current behavior retained.
INTUNE-005,intune,Scope timeline to one included file,As an admin I click an included file to see only that log.,Sidebar file click toggles Scoped. Nav shows Timeline scoped to file + clear. Clicking the active file again clears scope.,IntuneSidebar; nav clear,src/workspaces/intune/IntuneSidebar.tsx; EventTimeline.tsx,all,full,Verified 2026-08-18T15:35:10Z: Sidebar file click scopes timeline; Clear Scope restores. Tests: src/workspaces/intune/IntuneDashboard.stories.test.tsx,pass,retest,none,No confirmed defect in current verification.,existing_test,2026-08-18T19:17:47Z,pass,2026-09-24T21:30:00Z,No confirmed defect or remediation required; current behavior retained.
INTUNE-006,intune,Inspect and copy an IME event,"As an admin I expand an event to see detail, error, source line, and script body.",Click/Enter/Space expands. Copy error+context or Copy details. ScriptCodeViewer Copy when scriptBody present.,EventTimelineRow,src/workspaces/intune/EventTimelineRow.tsx; ScriptCodeViewer.tsx,all,full,Verified 2026-08-18T15:35:10Z: Expand failed event shows failure context and copy. Tests: src/workspaces/intune/IntuneDashboard.stories.test.tsx,pass,retest,none,No confirmed defect in current verification.,existing_test,2026-08-18T19:17:47Z,pass,2026-09-24T21:30:00Z,No confirmed defect or remediation required; current behavior retained.
INTUNE-007,intune,Download statistics table,"As an admin I see DO percentage, speed, size, and success/fail.","Sortable Status/Content/Size/Speed/DO %/Dur./Timestamp. Header aggregates file count, success, failure, transferred bytes. Empty: No content download events were found.",Downloads tab,src/workspaces/intune/DownloadStats.tsx,all,full,Verified 2026-08-18T15:35:10Z: Downloads table columns and empty copy. Tests: src/workspaces/intune/IntuneDashboard.stories.test.tsx,pass,retest,none,No confirmed defect in current verification.,existing_test,2026-08-18T19:17:47Z,pass,2026-09-24T21:30:00Z,No confirmed defect or remediation required; current behavior retained.
INTUNE-008,intune,"Summary findings, coverage, confidence","As an admin I want cited findings and coverage gaps, not a raw scrollback.",Conclusions jump to coverage/confidence/repeatedFailures/guidance. Coverage shows file/family/rotated/dominant/timestamp bounds. Confidence level/score/reasons. Remediation Assistant. Activity metrics.,Summary tab,src/workspaces/intune/SummaryView.tsx,all,full,Verified 2026-08-18T15:35:10Z: Summary coverage/confidence/repeated failures/remediation. Tests: src/workspaces/intune/IntuneDashboard.stories.test.tsx,pass,retest,none,No confirmed defect in current verification.,existing_test,2026-08-18T19:17:47Z,pass,2026-09-24T21:30:00Z,No confirmed defect or remediation required; current behavior retained.
INTUNE-009,intune,Graph GUID name enrichment,As an admin I want friendly names when Graph is already enabled.,analyzeIntuneLogs is called with graphApiEnabled. guidRegistry GraphApi names appear in activity view. No Graph panel or device picker in Intune.,Analysis path,src/workspaces/intune/index.ts; EventActivityView.tsx,all,full,Verified 2026-08-18T15:35:10Z: Graph registry names activity titles; analyze path graphApiEnabled. Tests: src/workspaces/intune/IntuneDashboard.stories.test.tsx; src/workspaces/intune/createIntuneOnOpenSource.test.ts,pass,retest,none,No confirmed defect in current verification.,existing_test,2026-08-18T19:17:47Z,pass,2026-09-24T21:30:00Z,No confirmed defect or remediation required; current behavior retained.
INTUNE-014,intune,"Resolve an IME file, folder, or evidence bundle into analysis sources","As an Intune admin I want to point the Intune workspace at an IME log, a log folder, or a collected evidence bundle so the analysis covers exactly the right artifacts.","resolve_intune_input returns the single file for a file path; for a folder holding manifest.json it returns EvidenceBundleMetadata (bundleId, bundleLabel, caseReference, device/collector fields, artifactCounts) plus manifest-guided primary entry-point log paths, and a sparse bundle whose declared artifacts are partly absent still resolves; otherwise it returns every .log whose name matches IME_LOG_PATTERNS (intunemanagementextension, appworkload, appactionprocessor, agentexecutor, healthscripts, clienthealth, clientcertcheck, devicehealthmonitoring, sensor, win32appinventory, imeui) sorted case-insensitively, falling back to every .log when none match.","Intune Diagnostics > 'Open IME log file...'; Intune Diagnostics > 'Open IME or evidence folder...'; IPC analyze_intune_logs(path, requestId, includeLiveEventLogs, graphApiEnabled)",src-tauri/src/commands/intune_bundle.rs; src-tauri/src/commands/intune.rs; src/workspaces/intune/index.ts,all,full,Cargo feature intune-diagnostics; extends INTUNE-001 with the bundle/sparse-bundle and IME-pattern selection contract,pass,story,none,,rust_test: commands::intune::tests::collect_input_paths_includes_ime_sidecar_logs_with_primary_log,2026-09-24T21:30:00Z,,,
INTUNE-015,intune,Intune source access failures name the reason and an empty folder is an empty phase,As an Intune admin I want a precise reason when a source cannot be analyzed so I can tell a wrong path from a permissions problem from an empty folder.,"Not-found, permission-denied, neither-file-nor-folder and no-.log-files cases each produce a distinct message ('The selected Intune source was not found: ...', '...could not be accessed because permission was denied...', '...is neither a file nor a folder...', 'The selected folder does not contain any .log files to analyze: ...'). The store's getAnalysisFailureState maps only the no-logs case to phase 'empty' with 'No IME log files were found in this folder.' plus folder guidance, and every other failure to phase 'error' with the backend detail shown in the role=alert banner.",IPC analyze_intune_logs error path; Intune Diagnostics alert banner (AnalysisState phase empty/error),src-tauri/src/commands/intune_bundle.rs; src/workspaces/intune/intune-store.ts; src/workspaces/intune/IntuneDashboard.tsx,all,full,Extends INTUNE-001 (which states only 'Empty folder -> empty phase'),pass,story,none,,component_test: analyzing -> empty when no logs found,2026-09-24T21:30:00Z,,,
INTUNE-016,intune,Stream Intune analysis progress and ignore a stale request,"As an Intune admin I want to see which file is being read while a large IME folder loads, without a previous run's progress overwriting the current one.","analyze_intune_logs emits the intune-analysis-progress event with requestId, stage, message, detail, currentFile, completedFiles and totalFiles at stages resolving, enumerating, reading-file, completed-file, finalizing and parsing-event-logs (detail formatted as 'N of M complete | <file>'). useIntuneAnalysisProgress forwards payloads to updateAnalysisProgress, which applies a payload only while phase is 'analyzing' and drops any payload whose requestId differs from the in-flight requestId.",IPC event intune-analysis-progress; hook src/workspaces/intune/use-intune-analysis-progress.ts,src-tauri/src/commands/intune.rs; src/workspaces/intune/use-intune-analysis-progress.ts; src/workspaces/intune/intune-store.ts,all,full,Extends INTUNE-001; the stale-requestId branch has no direct test,pass,story,none,,e2e_browser: stories/diagnostics.spec.ts :: [INTUNE-016] analysis progress streams into the hero and stale requests are dropped,2026-09-24T21:30:00Z,,,
INTUNE-017,intune,Analyze IME files in parallel and merge one GUID name registry,As an Intune admin I want every IME file analyzed at once and app GUIDs resolved from whichever sibling log named them.,"Each resolved source path is analyzed on the rayon pool with its own GuidRegistry, the per-file registries are merged, and Graph-resolved names (GuidNameSource::GraphApi) are inserted with highest precedence so a log-derived name never overwrites them. Every event name carrying a GUID suffix and every fallback download name is then rewritten from the merged registry (enrich_event_name / resolve_fallback_name), so 'Win32App (GUID)' rows show the real application name in the timeline and activity view.",IPC analyze_intune_logs; Intune Diagnostics timeline/activity rows; Graph API settings (graphApiEnabled),src-tauri/src/commands/intune.rs; crates/cmtraceopen-parser/src/intune/guid_registry.rs,all,full,Extends INTUNE-009 (which records only that GraphApi names appear); registry precedence is the added contract,pass,story,none,,rust_test: intune::guid_registry::tests::higher_confidence_wins_on_merge,2026-09-24T21:30:00Z,,,
INTUNE-018,intune,Ingest GUID names from log JSON and resolve fallback download names,As an Intune admin I want download and event labels that only carry a short id to still show the app name from the policy payload.,"GuidRegistry::ingest_lines reads id/name pairs out of log JSON (direct and escaped payloads, and multi-entry policy arrays), keys GUIDs normalized, and resolve_fallback_name replaces a short id or 'Download (GUID)' placeholder with the recorded name while leaving a real application name untouched. When a selected identity object carries conflicting duplicate names the analyzer fails closed instead of picking one, and a name found inside a descendant object is not used to enrich an outer selected download.",IPC analyze_intune_logs; Download statistics content column; Event timeline name column,crates/cmtraceopen-parser/src/intune/guid_registry.rs; crates/cmtraceopen-parser/src/intune/download_stats.rs,all,full,Extends INTUNE-007/INTUNE-009 with the fail-closed and no-cross-object-enrichment rules,pass,story,none,,rust_test: intune::guid_registry::tests::ingest_direct_json,2026-09-24T21:30:00Z,,,
INTUNE-019,intune,Attach decoded script bodies to PowerShell events from policy metadata,As an Intune admin I want the actual PowerShell detection script next to the failing script event so I can read what ran without leaving the timeline.,"Policy payloads parsed from 'Get policies' lines (policy_parser::extract_policy_metadata, JSON sanitized for invalid escapes) carry detection rules; a PowerShellScript event is matched to a rule with detection_type 3 and a decoded script body by parent_app_guid ?? guid, and that body is set as scriptBody. The expanded timeline row then renders the code through ScriptCodeViewer with its own Copy action; a malformed policy payload is skipped rather than failing the file.",Event timeline expanded row > ScriptCodeViewer; IPC analyze_intune_logs,src-tauri/src/commands/intune.rs; crates/cmtraceopen-parser/src/intune/policy_parser.rs; src/workspaces/intune/EventTimelineRow.tsx; src/workspaces/intune/ScriptCodeViewer.tsx,all,full,Extends INTUNE-006 (which records that ScriptCodeViewer shows the body),pass,story,none,,rust_test: intune::policy_parser::tests::parse_script_detection_rule,2026-09-24T21:30:00Z,,,
INTUNE-020,intune,Extract and synthesize content download statistics,"As an Intune admin I want a download row for every content transfer, even when the regex pass missed the line.","extract_downloads records size, speed, Delivery Optimization percentage, content id and failure state from IME download lines (bytes/units normalized, 'Adding new state transition - from:' ignored), a stalled download is recorded as failed, and a plain start line does not create a phantom failed row. merge_synthesized_downloads then adds a DownloadStat for each ContentDownload event whose content id got no extracted stat, per id, so one spurious extracted row can no longer suppress the whole synthesized set.",Intune Diagnostics > Downloads tab; New Intune Workspace > Download evidence; IPC analyze_intune_logs,crates/cmtraceopen-parser/src/intune/download_stats.rs; src-tauri/src/commands/intune.rs; src/workspaces/intune/DownloadStats.tsx,all,full,Extends INTUNE-007 (table rendering) with the extraction and synthesis contract,pass,story,none,,rust_test: intune::download_stats::tests::completed_download_is_recorded,2026-09-24T21:30:00Z,,,
INTUNE-021,intune,"Bound IME parsing and keep logical records, subsystem prefix and UTC timestamps","As an Intune admin I want a huge IME file parsed with a hard bound, and each record to keep its logical line, subsystem and UTC time.","parse_ime_content_bounded(content, limit) stops at the bound across framed records, fragment continuation and the fallback line parser, and returns a flag saying whether entries past the bound existed, so a caller pays bounded work instead of parsing then truncating. parse_ime_entries preserves a truncated tail as plain text and exact physical line numbers, a leading [SubSystem] prefix populates source_file when empty (for example '[Win32App] Starting app check in' -> Win32App), and an offset timestamp is normalized to UTC while an offset-less time field falls back to local time.",Parser API parse_ime_content_bounded / parse_ime_entries (covers Intune and any CCM-framed IME log opened in the log workspace),crates/cmtraceopen-parser/src/intune/ime_parser.rs,all,full,Parser-crate contract shared by the Intune lane; the newline index is the one deliberately unbounded pass,pass,story,none,,rust_test: intune::ime_parser::tests::bounded_parsing_stops_at_the_limit_and_reports_the_remainder,2026-09-24T21:30:00Z,,,
INTUNE-022,intune,Detect and pair IME events per log family,As an Intune admin I want events classified per IME log family with start/end pairing so durations and final statuses are real.,"extract_events routes AppWorkload lines through the dedicated lifecycle rules and every other family through its own detector and status rules (AppActionProcessor not-applicable -> Failed, AppExecutor remediation timeout, ClientHealth heartbeat failure, ClientCertCheck missing machine certificate, DeviceHealthMonitoring app crash, Sensor memory failure, Win32AppInventory non-zero delta), skipping known argument-parsing noise. An InProgress event opens a track keyed by app identity and the next Success/Failed/Timeout event with the same key closes it, writing end_time, the terminal status, the error code and a computed durationSecs onto the start event.",IPC analyze_intune_logs; Intune Diagnostics timeline rows,crates/cmtraceopen-parser/src/intune/event_tracker.rs,all,full,Extends INTUNE-004 (which covers only the UI filters for type/status),pass,story,none,,rust_test: intune::event_tracker::tests::paired_completion_events_are_collapsed,2026-09-24T21:30:00Z,,,
INTUNE-023,intune,"Sort, deduplicate and renumber the Intune timeline across rotated logs",As an Intune admin I want one chronological timeline with rotated duplicates collapsed and stable ids.,"build_timeline sorts events by parsed timestamp, drops exact duplicates and duplicates of the same event seen in rotated members (normalized_source_identity strips the rotation numbering), reassigns sequential ids after sorting and populates the epoch fields used by the UI. calculate_timestamp_bounds and calculate_time_span then report the earliest/latest timestamps and a compact span such as '1h 2m 3s'.",IPC analyze_intune_logs; Intune Diagnostics timeline; New Intune Workspace > Event evidence,crates/cmtraceopen-parser/src/intune/timeline.rs,all,full,Extends INTUNE-005 (file scope) with the rotation-aware dedup contract,pass,story,none,,rust_test: intune::timeline::tests::build_timeline_sorts_by_parsed_timestamp,2026-09-24T21:30:00Z,,,
INTUNE-024,intune,Query live Windows Event Log channels for an IME analysis and report per-channel coverage,As an Intune admin I want live event-log evidence for the IME analysis so I can see OS-side failures next to the extension's view.,"When includeLiveEventLogs is set (only for the known windows-intune-ime-logs source) the 10 curated channels are queried with a 200-entries-per-channel cap and the analysis is tagged sourceKind Live with attemptedChannelCount, successfulChannelCount, channelsWithResultsCount, failedChannelCount and per-channel status/entryCount/errorMessage. A channel that returned partial data or unparsable records is marked Failed while its successfully parsed entries are still kept and the detail is joined into errorMessage; when nothing is returned the UI lists each channel with its status, entry count and error and states how many channel queries failed. On non-Windows the live query returns no analysis at all.",Toolbar > Open > known source 'windows-intune-ime-logs' (Intune IME logs); New Intune Workspace > 'Analyze live logs + event logs'; New Intune Workspace > Event log evidence,src-tauri/src/intune/evtx_parser.rs; src-tauri/src/commands/intune.rs; src/workspaces/intune/EventLogSurface.tsx,windows (live query); non-Windows yields no event-log section,full,Extends INTUNE-013 (surface) with the acquisition contract,pass,story,none,,component_test: shows per-channel live query status when no entries return,2026-09-24T21:30:00Z,,,
INTUNE-025,intune,Parse .evtx files from an evidence bundle as the event-log evidence source,As an Intune admin working from a captured bundle I want the bundle's EVTX files parsed and attributed as bundle evidence.,"discover_evtx_files resolves the bundle's .evtx files (manifest-guided) and each file is parsed incrementally, incrementing parsedFileCount; the resulting EventLogAnalysis uses sourceKind Bundle with per-channel summaries, total/error/warning counts and timestamp bounds. A file that fails to parse is logged and skipped rather than failing the analysis, and when the bundle holds no EVTX files the analysis simply has no event-log section.",Intune Diagnostics > 'Open IME or evidence folder...' on a bundle; New Intune Workspace > Event log evidence,src-tauri/src/intune/evtx_parser.rs; src-tauri/src/commands/intune.rs,all (bundle EVTX parse); live read Windows-only,full,Extends INTUNE-001/INTUNE-013 with the bundle-sourced variant,pass,story,none,,e2e_browser: stories/diagnostics.spec.ts :: [INTUNE-025] a bundle's EVTX evidence renders as the Intune event-log section,2026-09-24T21:30:00Z,,,
INTUNE-026,intune,Correlate IME events and diagnostics with Windows Event Log entries,"As an Intune admin I want the OS events near a failure, and the ones sharing its error code, linked to the IME evidence.","build_event_log_correlations links each failed/timed-out IME event to entries on channels relevant to its type within 120 seconds (TimeWindowChannelMatch), matches entries containing the event's error code (ErrorCodeMatch), links enrollment/registration activity within 300 seconds of ESP or sync events (EnrollmentContextMatch), and links diagnostics to entries directly; each entry/event pair is emitted once and the linked row is marked 'linked' in the event-log list with a 'View in Timeline' or 'View Diagnostic' action.",New Intune Workspace > Event log evidence > expanded entry > Related IME Evidence; Intune Diagnostics Event log correlation,src-tauri/src/intune/evtx_parser.rs; crates/cmtraceopen-parser/src/intune/models.rs; src/workspaces/intune/EventLogSurface.tsx,all (EVTX/bundle evidence); live query Windows-only,full,Extends INTUNE-013 (which records the surfaces) with the three correlation strategies,pass,story,none,,rust_test: intune::evtx_parser::tests::build_event_log_correlations_returns_empty_for_no_entries,2026-09-24T21:30:00Z,,,
INTUNE-027,intune,Append event-log corroboration evidence to Intune diagnostics,As an Intune admin I want the matching OS event quoted inside the finding so the diagnosis is self-contained.,"build_corroboration_evidence adds up to three 'Windows Event Log: <channel> Event ID <id> (<severity>) at <timestamp> — <message truncated to 80 characters>' lines to a diagnostic's evidence, drawn from the entries its correlation links point at, and the New Intune overview/diagnostic card exposes the resulting count as an 'N event log signal(s)' button when it is non-zero.",New Intune Workspace > Overview > priority issue card > 'N event log signal(s)'; diagnostic evidence list in IssueCard,src-tauri/src/intune/evtx_parser.rs; src-tauri/src/commands/intune.rs; src/workspaces/intune/OverviewSurface.tsx,all (EVTX/bundle evidence); live query Windows-only,full,Extends INTUNE-008/INTUNE-012 with the corroboration contract and the 3-entry cap,pass,story,none,,e2e_browser: stories/diagnostics.spec.ts :: [INTUNE-027] correlated event-log entries back the priority issue cards,2026-09-24T21:30:00Z,,,
INTUNE-028,intune,Analyze a source that produced no IME events without losing downloads or event logs,"As an Intune admin I want a log set with no recognized events to still report downloads, diagnostics and event-log evidence instead of an error.","When zero IME events are parsed the command still queries/parses event logs, summarizes download signals, builds diagnostics, coverage, repeated failures and correlation links, and returns events: [] together with the download rows, sourceFiles and summary. The dashboard then shows its no-content fallbacks (tab disabled, centered 'Open an Intune IME log file or folder to analyze' / empty / error text) rather than an error phase.",IPC analyze_intune_logs on an IME folder with only download or heartbeat traffic; Intune Diagnostics empty surfaces,src-tauri/src/commands/intune.rs; src/workspaces/intune/IntuneDashboard.tsx,all,full,Extends INTUNE-002 with the zero-event branch,pass,story,none,,component_test: disables empty surfaces and falls back when the active tab has no data,2026-09-24T21:30:00Z,,,
INTUNE-029,intune,Resolve the Windows Event Log channels a failed event type can hide in,As an Intune engineer I want correlation to look only in channels that could plausibly record the failure.,"channels_for_event_type maps Win32App/WinGetApp/ContentDownload to DeviceManagement-Enterprise-Diagnostics-Provider Admin and Operational plus DeliveryOptimization/Operational, PolicyEvaluation and script/remediation events to the two device-management channels, ESP to Autopilot plus ManagementService plus the admin channel, and SyncSession to the device-management pair; an event type with no mapped channel produces no time-window candidates rather than matching everything.",Correlation internals exercised through New Intune Workspace > Event log evidence linked badges,src-tauri/src/intune/evtx_parser.rs; crates/cmtraceopen-parser/src/intune/models.rs,all,full,Supporting contract for the correlation story; small but independently observable in linked evidence output,pass,story,none,,rust_test: intune::evtx_parser::tests::channels_for_event_type_returns_relevant_channels,2026-09-24T21:30:00Z,,,
INTUNE-030,intune,Start an Intune investigation from the New Intune hero,"As an Intune admin I want the New Intune workspace to offer live analysis, a file, or a folder from the first screen with the buttons disabled when the capability is missing.","The empty state card shows a badge 'New Intune Workspace', the 'Start from the signals, not the scrollback' copy and three actions: 'Analyze live logs + event logs' (disabled when !canOpenKnownSources, resolves the known source windows-intune-ime-logs), 'Open IME log file...' and 'Open IME or evidence folder...' (disabled when !canOpenSources). Once a result exists the hero shows Source/State/Bundle pills (bundle label falling back to bundleId then 'Standalone logs') and the actions 'Analyze Live Logs + Event Logs', 'Open IME Log File', 'Open IME Or Evidence Folder' and 'Refresh analysis'. Because commandState.canRefresh is only defined for the log, dsregcmd and sysmon workspaces, 'Refresh analysis' renders permanently disabled in both Intune workspaces.",New Intune Workspace empty card and hero actions; workspace switcher > 'New Intune',src/workspaces/intune/NewIntuneWorkspace.tsx; src/hooks/use-app-actions.ts; src/workspaces/intune/index.ts,all,full,"Extends INTUNE-010; the always-disabled Refresh control is a real observable state, not a missing feature report",pass,story,none,,"e2e_browser: stories/diagnostics.spec.ts :: [INTUNE-030] the populated hero shows source pills, actions and a permanently disabled refresh",2026-09-24T21:30:00Z,,,
INTUNE-031,intune,"Move between New Intune surfaces, filter badges and reset","As an Intune admin I want to jump between triage, event evidence, download evidence and event-log evidence with visible filters I can clear.","The surface nav lists Overview, 'Event evidence' (disabled when events is empty), 'Download evidence' (disabled when downloads is empty), 'Event log evidence' (disabled when there is no eventLogAnalysis, carrying a badge with errorEntryCount) and 'Reset investigation'. The filter summary shows 'Scoped to <file>' when a file scope is set, 'Type <label>' and 'Status <status>' when filters differ from All, and 'Rotated logs detected' when diagnosticsCoverage.hasRotatedLogs; Reset investigation sets type and status back to All, clears the file scope and deselects the event.",New Intune Workspace surface nav (role=tablist) and filter summary badges,src/workspaces/intune/NewIntuneWorkspace.tsx; src/workspaces/intune/intune-store.ts,all,full,"Extends INTUNE-011 with the disabled gates, error badge and rotated-logs badge",pass,story,none,,"component_test: renders Overview, Event evidence, Download evidence, Event log evidence, Reset, and Refresh",2026-09-24T21:30:00Z,,,
INTUNE-032,intune,Triage from the New Intune overview and open proof from a card,"As an Intune admin I want each priority issue to hand me the timeline, the source scope, downloads or the event-log signals it was drawn from.","Diagnostics are ordered by severity then remediation priority and only the top four are featured; a card shows severity/category/priority badges, title, summary, an optional 'Likely cause' and the first two evidence bullets, with actions 'Show related events' (sets the surface and filters inferred from the category and severity, scopes to the first affected source file and selects the first matching event), 'Scope source' (disabled when the diagnostic cites no files), 'Open downloads' and 'N event log signal(s)' when correlation links exist. The timeline and download surfaces are then wrapped by InvestigationPanel, whose header titles them 'Event evidence'/'Download evidence' and repeats the file-scope, type and status badges as chips; the empty list states 'No diagnostics were generated for this analysis set.', 'No repeated failure clusters were detected.' and 'No source family summary is available yet.' for the corresponding sections.",New Intune Workspace > Overview > Priority issues / Failure patterns / Source coverage cards,src/workspaces/intune/OverviewSurface.tsx; src/workspaces/intune/NewIntuneWorkspace.tsx; src/workspaces/intune/InvestigationPanel.tsx,all,full,"Extends INTUNE-012 (metrics and jumps) with the per-card actions, the four-card cap and the InvestigationPanel framing",pass,story,none,,"component_test: shows triage metrics, priority issues, failure patterns, coverage, and correlated event-log jump",2026-09-24T21:30:00Z,,,
INTUNE-033,intune,Show the top correlated event-log entries on the New Intune overview,As an Intune admin I want the strongest OS-side evidence surfaced on the overview and one click away in the event-log list.,"When correlation links exist the overview shows a 'Correlated event log evidence' card with the link count and up to five distinct entries ordered by severity (Critical to Verbose) then by ascending time delta, each showing severity/channel/event id, a seconds/minutes/hours delta and the message; clicking a row selects that entry and switches to the event log surface, and 'View all event log evidence' does the same without a selection. The card is absent when there are no links.",New Intune Workspace > Overview > Correlated event log evidence card,src/workspaces/intune/OverviewSurface.tsx; src/workspaces/intune/NewIntuneWorkspace.tsx; src/workspaces/intune/intune-store.ts,all (EVTX/bundle evidence); live query Windows-only,full,"Extends INTUNE-012/INTUNE-013 with the ordering, the five-entry cap and the click-through behaviour",pass,story,none,,e2e_browser: stories/diagnostics.spec.ts :: [INTUNE-033] the correlated evidence card ranks the top five entries and jumps into the event log,2026-09-24T21:30:00Z,,,
INTUNE-034,intune,Filter New Intune event-log evidence and drop a selection the filter hides,As an Intune admin I want to narrow event-log evidence by channel and severity without keeping an invisible row selected.,"The channel select lists 'All channels (N)' plus each channel summary with its entry count, the severity select offers All/Critical/Error/Warning/Information/Verbose, and channel chips toggle the channel filter (re-clicking clears it) showing entry, error and warning counts. The counter reads 'X of Y entries'; expanding a row shows the full message, Provider, Computer, Activity and Source file name; and when the filtered set no longer contains the selected entry the selection is cleared so a hidden row cannot stay expanded.","New Intune Workspace > Event log evidence (channel select, severity select, channel chips)",src/workspaces/intune/EventLogSurface.tsx; src/workspaces/intune/intune-store.ts,all (EVTX/bundle evidence); live query Windows-only,full,Extends INTUNE-013 with the selection-clearing contract and the expand metadata,pass,story,none,,component_test: filters live event-log rows and jumps back to the correlated IME event,2026-09-24T21:30:00Z,,,
INTUNE-035,intune,Reduce Win32 app deployment evidence into keyed transactions with phases and outcomes,As an Intune engineer I want one transaction per app deployment that says where it stopped rather than a pile of keywords.,"analyze_win32_bundle frames supplied IME and installer artifacts, classifies each record, and keys transactions on app id plus deployment type id plus execution context so System and User deployments of one app stay separate; each transaction carries its last confirmed phase (assignment, applicability, requirements, dependencies, content, detection, enforcement, post-install detection, reporting), an outcome such as Assigned, NotTargeted, NotApplicable, RequirementNotMet, InstalledNotDetected, Succeeded or InsufficientEvidence, the signals seen and a next-evidence request. Identity alone yields InsufficientEvidence with a next request; an unkeyed record, a physical-line fragment or an unmatched rotation tail can never terminate a transaction; and a supplemental MSI/PSADT/Burn/EXE artifact is only merged when a keyed record names it.",Parser crate API analyze_win32_bundle / analyze_win32_bundle_with (no UI or IPC consumer yet),crates/cmtraceopen-parser/src/intune/apps/windows/win32/reducer.rs; crates/cmtraceopen-parser/src/intune/apps/windows/win32/models.rs,all,full,"Epic #356 leaf #357; library-level, exercised by the fixture corpus",pass,story,none,,rust_test: complete_success_reaches_the_reporting_phase,2026-09-24T21:30:00Z,,,
INTUNE-036,intune,Derive Win32 findings and return-code semantics without promoting a code to a cause,As an Intune engineer I want findings that name the blocked phase and do not treat a return code as the root cause.,"derive_findings emits coverage-level rules first (missing artifact, unusable artifact, unknown vocabulary, fragmented records, unkeyed signals, unlinked installer artifacts) then one finding per transaction for not-targeted, not-applicable, requirement-not-met, dependency-unresolved, already-detected, content failure, enforcement-command-failed, installer-reported-failure, unmapped-return-code, installer-failed-but-detected, installed-not-detected, unlinked detection failure, reporting failure, deferred, unresolved, conflicting terminal outcomes, superseded failure and success. Every finding cites at least one evidence ref or coverage-gap id (is_evidence_backed), ids are stable as win32-<rule>:<appId>:<deploymentTypeId>:<context>, findings end with the last confirmed phase and the next requested artifact, and logged free text is redacted before it is quoted; return codes resolve through the documented defaults plus a caller-supplied table, with Win32ReturnCodeKind::Unmapped reported as a failure with unspecified cause rather than guessed.",Parser crate API derive_findings(&Win32Analysis) / analyze_win32_bundle_with(Win32AnalysisOptions),crates/cmtraceopen-parser/src/intune/apps/windows/win32/findings.rs; crates/cmtraceopen-parser/src/intune/apps/windows/win32/rules.rs; crates/cmtraceopen-parser/src/intune/apps/windows/win32/models.rs,all,full,"Epic #356 leaf #357; severity, confidence and cause classification are independent axes",pass,story,none,,rust_test: a_documented_nonzero_return_code_is_not_a_failure,2026-09-24T21:30:00Z,,,
INTUNE-037,intune,Report Win32 coverage gaps instead of a verdict for absent or unusable artifacts,As an Intune engineer I want 'we could not see it' stated as a coverage gap rather than as evidence the phase did not happen.,"A missing expected artifact produces win32-coverage-missing-artifact and an unusable one win32-coverage-unusable-artifact with the status (missing, permission denied, capped, skipped, parse failed, unsupported), a rotation fragment produces win32-rotation-fragment, records with no transaction key produce win32-unkeyed-signal, and a supplemental installer artifact that cannot be keyed produces win32-unlinked-installer-artifact; unrecognized enforcement vocabulary produces win32-unknown-enforcement-vocabulary instead of being ignored. In an incomplete bundle the transaction reports InsufficientEvidence and the finding cites the coverage gap rather than asserting an outcome, and not-applicable stays distinct from not-targeted as a terminal answer.",Parser crate API derive_findings / Win32Analysis.coverage,crates/cmtraceopen-parser/src/intune/apps/windows/win32/findings.rs; crates/cmtraceopen-parser/src/intune/apps/windows/win32/sources.rs; crates/cmtraceopen-parser/src/intune/evidence.rs,all,full,Epic #356 leaf #357; artifact status vocabulary is shared with the other leaves through intune::evidence,pass,story,none,,rust_test: an_incomplete_bundle_reports_a_coverage_gap_rather_than_a_verdict,2026-09-24T21:30:00Z,,,
INTUNE-038,intune,Project Win32 evidence into a default-safe export,"As an Intune engineer I want to share a Win32 analysis without leaking command lines, UPNs, profile paths or the account enforcement ran as.","redacted_export_projection masks only values the analyzer classified Sensitive: observation messages, provenance file paths, requirement names and retained attribute values pass through the shared redaction grammar, while transaction keys (app id, deployment type id, dependency app ids), signals, phases, return codes and next-evidence requests stay verbatim so cross-record correlation survives. Public records export unchanged, the projection is deterministic and repeatable, and applying it to an already projected analysis changes nothing.",Parser crate API redacted_export_projection(&Win32Analysis),crates/cmtraceopen-parser/src/intune/apps/windows/win32/redaction.rs; crates/cmtraceopen-parser/src/intune/apps/windows/common/redaction.rs,all,full,The masking grammar is owned by apps/windows/common so the Windows analyzers cannot drift,pass,story,none,,rust_test: crates/cmtraceopen-parser/src/intune/apps/windows/win32/redaction.rs #[test]s,2026-09-24T21:30:00Z,,,
INTUNE-039,intune,Classify Microsoft Store installer family before reducing a transaction,"As an Intune engineer I want a Store app deployment judged by its real delivery family, not by the Store label.","StoreInstallerFamily (user-context UWP/AppX/MSIX, system-provisioned package, or Store-delivered Win32) is classified before reduction, is required on every transaction, and defaults to an explicit Unknown coverage state; two different concrete families never merge, and AppX terminal semantics are never applied to a Store Win32 package. With Intune intent evidence but no matching OS event the transaction stays StoreTransactionState::InsufficientEvidence and the family stays Unknown rather than claiming an outcome.",Parser crate API analyze_store_bundle / derive_findings (no UI or IPC consumer yet),crates/cmtraceopen-parser/src/intune/apps/windows/microsoft_store/reducer.rs; crates/cmtraceopen-parser/src/intune/apps/windows/microsoft_store/models.rs; crates/cmtraceopen-parser/src/intune/apps/windows/microsoft_store/rules.rs,all,full,Epic #356 leaf #358,pass,story,none,,rust_test: successful_user_context_uwp_install,2026-09-24T21:30:00Z,,,
INTUNE-040,intune,Refuse to blame Intune for a Store failure without intent and a matching identifier,As an Intune engineer I want an OS-side Store error left unblamed when Intune never expressed intent for that package.,"An OS AppX/Store failure with no Intune intent evidence and no matching package identifier is reported as OS evidence rather than as an Intune deployment failure; a missing event channel is not treated as proof that no deployment was attempted, and an event id or payload version with no rule lowers confidence instead of being guessed at. Capped capture coverage yields a coverage gap and cannot support a negative conclusion, and a byte count that disagrees with the supplied file is rejected rather than parsed.",Parser crate API analyze_store_bundle / derive_findings / StoreSourceArtifact payloads,crates/cmtraceopen-parser/src/intune/apps/windows/microsoft_store/findings.rs; crates/cmtraceopen-parser/src/intune/apps/windows/microsoft_store/rules.rs; crates/cmtraceopen-parser/src/intune/apps/windows/microsoft_store/sources.rs,all,full,Epic #356 leaf #358; the same conservatism applies to the other app leaves,pass,story,none,,rust_test: os_error_with_no_intune_intent_is_not_blamed_on_intune,2026-09-24T21:30:00Z,,,
INTUNE-041,intune,Export Store app evidence with deterministic redaction,As an Intune engineer I want a malformed or identity-bearing Store capture shareable without leaking who or which device.,"redacted_export_projection produces stable tokens for identity values while keeping package family/full names, product ids, signals and phases so records stay correlatable, the projection is idempotent, and a malformed export is reported as a deterministic error rather than a panic. Text that merely looks like Store evidence, or arrives from a foreign provider, is not treated as Store evidence at all and is not exported as one.",Parser crate API redacted_export_projection / StoreAnalysis serialization,crates/cmtraceopen-parser/src/intune/apps/windows/microsoft_store/redaction.rs; crates/cmtraceopen-parser/src/intune/apps/windows/common/redaction.rs,all,full,Epic #356 leaf #358,pass,story,none,,rust_test: malformed_export_and_deterministic_redaction,2026-09-24T21:30:00Z,,,
INTUNE-042,intune,"Keep compliance local, aggregate, reporting and access signals in separate phases",As an Intune engineer I want 'noncompliant' resolved into which of four questions actually failed.,"analyze_compliance_bundle separates the local evaluation phase, the aggregate device result, the reporting phase and the access phase so a Conditional Access denial never produces a local setting state (an unmatched denial is ComplianceAccessLinkage::NoMatchingComplianceEvidence and yields an Info/Low finding that states no causal claim, and even a correlated denial is capped at Medium and described as coincidence), a stale service record never produces a local setting state but is reported as ComplianceServiceFreshness::Stale against the newest local evaluation timestamp, a user-targeted policy with no user context is ComplianceSettingState::NotEvaluated (missing coverage, not failure), a crashed custom-compliance script is ComplianceCustomState::ScriptFailed rather than DiscoveryNoncompliant, and a report row whose outcome is Failed becomes ComplianceSettingState::EvaluationError rather than Noncompliant.",Parser crate API analyze_compliance_bundle / analyze_compliance (no UI or IPC consumer yet),crates/cmtraceopen-parser/src/intune/device/windows/compliance/reducer.rs; crates/cmtraceopen-parser/src/intune/device/windows/compliance/models.rs; crates/cmtraceopen-parser/src/intune/device/windows/compliance/rules.rs,all,full,Epic #356 leaf #364; evidence arrives as shared NormalizedWindowsEvent / NormalizedSettingReport values,pass,story,none,,rust_test: an_access_denial_alone_produces_no_local_setting_state,2026-09-24T21:30:00Z,,,
INTUNE-043,intune,Back every compliance finding with evidence and keep the reduction order-independent,"As an Intune engineer I want compliance findings I can defend, and the same answer whichever order the records arrived in.","derive_findings emits compliance-local-setting-noncompliant, compliance-local-evaluation-error, compliance-prerequisite-unmet, compliance-setting-not-applicable, compliance-user-scoped-not-evaluated, compliance-custom-discovery-noncompliant, compliance-custom-script-failed, compliance-contradictory-evidence, compliance-report-submission-failed, compliance-service-state-stale, compliance-access-denied-correlated, compliance-access-denied-uncorrelated, compliance-unkeyed-observations, compliance-source-missing, compliance-source-malformed and compliance-device-compliant, and every one cites evidence or a coverage gap. A local failure claim cites only local evaluation evidence, an access-only finding makes no confident claim, permuting sibling records or records sharing one evidence ref does not change the analysis, and the redacted export masks device, user, tenant and setting identity while keeping grouping tokens, states and timestamps so two records of one evaluation still read as one.",Parser crate API derive_findings(&ComplianceSnapshot) / redacted_export_projection,crates/cmtraceopen-parser/src/intune/device/windows/compliance/rules.rs; crates/cmtraceopen-parser/src/intune/device/windows/compliance/redaction.rs; crates/cmtraceopen-parser/src/intune/device/windows/compliance/sources.rs,all,full,Epic #356 leaf #364; the compliance projection defers to the shared grammar after a nine-place drift was fixed,pass,story,none,,rust_test: every_finding_cites_evidence_or_a_coverage_gap,2026-09-24T21:30:00Z,,,
INTUNE-044,intune,Reduce Autopilot enrollment evidence and link it to ESP only by an explicit key,"As an Intune engineer I want the Autopilot outcome judged on its own evidence, with the ESP handoff proven rather than assumed.","reduce_autopilot_bundle folds declared documents (autopilot.events, report, esp session) into an immutable snapshot with an AutopilotOutcome such as NoProfileCandidate, Completed or a phase-only state, refusing to interpret records outside Microsoft's documented event table. An AutopilotEspSessionFact binds only when it shares an enrollment, correlation, activity or device identifier; overlapping timestamps alone can produce at most AutopilotEspLinkState::TimeOnlyCandidate at low confidence, and are refused outright when the collection's timezone is missing or unrecognizable. Reaching the handoff without ESP evidence is not a completed deployment, an identity mismatch outranks every downstream profile symptom, and contradictory identifiers suppress every terminal claim.",Parser crate API reduce_autopilot_bundle / derive_findings (no UI or IPC consumer yet),crates/cmtraceopen-parser/src/intune/enrollment/windows/autopilot/reducer.rs; crates/cmtraceopen-parser/src/intune/enrollment/windows/autopilot/normalize.rs; crates/cmtraceopen-parser/src/intune/enrollment/windows/autopilot/rules.rs,all,full,Epic #356 leaf #362; the boundary with crate::esp (which owns post-handoff app/policy progress) is deliberately not re-derived here,pass,story,none,,rust_test: user_driven_success_reaches_the_esp_handoff_and_links_by_an_explicit_key,2026-09-24T21:30:00Z,,,
INTUNE-045,intune,Report Autopilot coverage gaps and redact Autopilot identity while preserving correlation,As an Intune engineer I want a capped or malformed Autopilot capture stated as a gap and the shared export to keep its correlation keys.,"A capped channel cannot support a negative conclusion, a malformed report section is a coverage gap rather than an unknown schema, an unvalidated Windows build withholds terminal semantics but keeps the phase, an unrecognizable timezone downgrades the time basis (autopilot-timestamps-unreliable), and undocumented events are retained with their own finding; every finding cites evidence or a coverage gap. The redacted export masks serial number, hardware hash, product key, ZTD id, Entra/managed device ids, tenant id and domain, device name, UPN and the admin-authored profile name while keeping tenant object identifiers (profile, enrollment, correlation, activity and ESP session ids) so an export still lines up with Intune and the sibling ESP analysis; the projection is deterministic, idempotent and masks matched keys case-independently.",Parser crate API redacted_export_projection(&AutopilotSnapshot) / derive_findings,crates/cmtraceopen-parser/src/intune/enrollment/windows/autopilot/redaction.rs; crates/cmtraceopen-parser/src/intune/enrollment/windows/autopilot/rules.rs; crates/cmtraceopen-parser/src/intune/enrollment/windows/autopilot/sources.rs,all,full,Epic #356 leaf #362; masked values become stable unsalted hashes derived from the value alone,pass,story,none,,rust_test: the_redacted_export_removes_identity_while_preserving_correlation,2026-09-24T21:30:00Z,,,
INTUNE-046,intune,"Diagnose configuration conflicts, supersedence and uninterpretable settings","As an Intune engineer I want to know which settings were rejected, contested, superseded or removed, and when a conflict claim is unsubstantiated.","The configuration reducer reduces NormalizedSettingReport rows into per-setting states and emits configuration-local-rejection, configuration-local-service-contradiction, configuration-contested-device-evidence, configuration-unassessable-failure, configuration-conflict, configuration-conflict-unsubstantiated, configuration-superseded, configuration-superseded-unsubstantiated, configuration-removed, configuration-not-applicable, configuration-scope-split, configuration-duplicate-display-name, configuration-service-only-evidence, configuration-device-only-evidence, configuration-uninterpretable-evidence and configuration-unusable-ordering. Two sources applying different values export neither value, a repeated record or a permuted order does not change the diagnosis, settings are ordered by canonical identity key, and the redaction masks setting values and identity into per-analysis stable tokens (identical values across settings reach identical tokens) while re-redacting an export returns it unchanged and the source stays identifiable.",Parser crate API analyze configuration / redacted_export_projection (no UI or IPC consumer yet),crates/cmtraceopen-parser/src/intune/device/windows/configuration/rules.rs; crates/cmtraceopen-parser/src/intune/device/windows/configuration/redaction.rs; crates/cmtraceopen-parser/src/intune/device/windows/configuration/identity.rs,all,full,Epic #356 leaf #363; redaction scope is keyed by the analysis scope supplied by the caller,pass,story,none,,rust_test: two_sources_applying_different_values_export_neither,2026-09-24T21:30:00Z,,,
INTUNE-047,intune,"Reduce PowerShell script evidence with retries, timeouts and output requests","As an Intune engineer I want script runs judged by exit status, retries and reporting, with a clear next artifact when output is missing.","The scripts analyzer reduces supplied IME and AgentExecutor evidence into script transactions covering device- and user-context execution, nonzero exits with and without retained output (a nonzero exit without retained output requests the output artifact instead of asserting a cause), process launch failure, execution timeout, retry sequences that end in success or exhausted retries, execution success with a reporting failure, and a policy received with no execution evidence. An unkeyed rotation tail is a coverage gap, an unknown agent version lowers confidence and raises coverage, a record stating its own offset yields a trustworthy UTC value while one without an offset reports no normalized UTC, other workloads' records in the shared IME log are ignored, and the privacy fixture redacts deterministically with an idempotent projection.",Parser crate API analyze scripts / derive_findings / redacted_export_projection (no UI or IPC consumer yet),crates/cmtraceopen-parser/src/intune/apps/windows/scripts/reducer.rs; crates/cmtraceopen-parser/src/intune/apps/windows/scripts/rules.rs; crates/cmtraceopen-parser/src/intune/apps/windows/scripts/redaction.rs,all,full,Epic #356 leaf #359/related; shares the content-download and redaction vocabulary with the other Windows leaves,pass,story,none,,rust_test: nonzero_exit_without_retained_output_requests_the_output_artifact,2026-09-24T21:30:00Z,,,
INTUNE-048,intune,Reduce remediation runs with detection before remediation and no cross-stage exit codes,As an Intune engineer I want detection and remediation treated as separate stages so a detection exit code never explains a remediation failure.,"The remediations analyzer reduces detection and remediation stages per policy: a compliant detection correctly skips remediation, remediation success with a compliant post-state, nonzero remediation exit, detection launch failure, detection timeout, remediation launch failure, remediation timeout, remediation success with a still-noncompliant post-state, and execution completing while the report fails. Scheduled and on-demand runs stay separate, retry sequences land on the final attempt, a terminal detection never requests remediation records, exit tokens never cross stages, a stray record on a reused thread cannot overwrite a reported run, a malformed embedded payload is reported rather than repaired, and missing AgentExecutor or HealthScripts logs are coverage rather than failure.",Parser crate API analyze remediations / derive_findings / redacted_export_projection (no UI or IPC consumer yet),crates/cmtraceopen-parser/src/intune/apps/windows/remediations/reducer.rs; crates/cmtraceopen-parser/src/intune/apps/windows/remediations/rules.rs; crates/cmtraceopen-parser/src/intune/apps/windows/remediations/redaction.rs,all,full,Epic #356 leaf #360/related; the stage separation is the contract that keeps a detection code from being read as a remediation cause,pass,story,none,,rust_test: detection_compliant_and_remediation_correctly_skipped,2026-09-24T21:30:00Z,,,
INTUNE-049,intune,Parse Windows device-inventory logs by dialect in the log viewer and live tail,"As an analyst I want Harvester, InventoryAdaptor and rotation-failure device-inventory logs framed correctly when I open or tail them.","The device-inventory module selects the dialect from the file's own evidence (Harvester headers with direct severity mapping, InventoryAdaptor JSON continuations, or rotation-failure exception stacks) and frames logical records accordingly, preserving blank lines inside continuations, unknown levels, orphan CRLF and a truncated final record; content with two headers or a matching path hint is detected, never path alone. Generic ISO timestamps or generic failure prefixes are not claimed as rotation failures, oversized single lines are bounded without changing parse entry points, and the dispatcher keeps those collisions out of the device-inventory dialect so they fall back to normal parsing.","Opening or live-tailing a device-inventory log in the log workspace (parser dispatch), collection profile logs",crates/cmtraceopen-parser/src/intune/device/windows/inventory/mod.rs; src-tauri/src/watcher/tail.rs,all,full,Consumed natively by the tail watcher's parser selection and by the device-inventory selection tests,pass,story,none,,rust_test: parses_harvester_headers_with_direct_severity_mapping,2026-09-24T21:30:00Z,,,
INTUNE-050,intune,Open and live-tail Company Portal Windows LocalState logs with logical framing,As an Intune admin I want the Company Portal app log readable in the log viewer with its multi-line records kept together.,"A Log_<n>.log or Log.<BridgeName>_<n>.log under the Company Portal LocalState folder is detected by file name and record shape (looks_like_record_start drives the live tail's framing), records are read with the V1 grammar with dedicated severity taking precedence over keyword inference, unknown severity tokens preserved, continuation lines joined to the record above byte-identically, and rotation members kept distinct and ordered with repeated records not deduplicated. An invalid timestamp is preserved as a parse error and reported as coverage rather than as absence, empty input is not 'available' coverage, and unrelated UWP or generic timestamped logs are refused even inside the Company Portal folder. The evidence document is redacted by default while local rendering is not.",Open a Company Portal LocalState log in the log workspace; live tail of the same file,crates/cmtraceopen-parser/src/intune/portal/windows/company_portal/logs/document.rs; crates/cmtraceopen-parser/src/intune/portal/windows/company_portal/logs/detect.rs; src-tauri/src/watcher/tail.rs,windows (the evidence); parsing runs on all,full,"The only record published by Microsoft is from app version 12-0-0, so confidence is capped and out-of-range versions are marked Experimental/Low",pass,story,none,,rust_test: portal_logs_severity_fixture_covers_every_documented_level,2026-09-24T21:30:00Z,,,
INTUNE-051,intune,Decide Company Portal and Authenticator package state without over-claiming absence,"As an Intune admin I want to know whether the Company Portal and Authenticator packages are present, and never be told they are absent from an incomplete query.","parse_package_state_capture accepts the versioned JSON capture (missing or unusable schemaVersion rejected, newer schema kept raw with an UnsupportedSchema finding and no package claim) and derive_package_state_findings reports installed facts per family and per scope, reporting one fact for multiple registrations of the same family and keeping Company Portal and Authenticator separate. Package absence is only claimed when the capture proved it enumerated the relevant scope, so a denied scope, a scope that was never queried, a row with no scope attribution or a failed capture command blocks the absence claim as coverage; a version mismatch only comes from a supplied expected fact, a status problem is an Error finding, and per-user registrations carry no raw username. A legacy PowerShell Format-List import is marked experimental and refuses localized, wrapped, truncated or separator-merged samples, and the redacted export masks paths and user identifiers idempotently without mutating its input.",Collect diagnostics (collection profile item appx-info) parsed by parse_package_state_capture; Parser crate API derive_package_state_findings / legacy import,crates/cmtraceopen-parser/src/intune/portal/windows/company_portal/package_state/mod.rs; crates/cmtraceopen-parser/src/intune/portal/windows/company_portal/package_state/findings.rs; crates/cmtraceopen-parser/src/intune/portal/windows/company_portal/package_state/legacy.rs; src-tauri/src/collector/mod.rs,windows (capture); parsing runs on all,full,"The native AppX adapter only runs on Windows, so the end-to-end capture path is exercised by the Windows CI job",pass,story,none,,rust_test: package_state_absence_requires_complete_scope_coverage,2026-09-24T21:30:00Z,,,
INTUNE-052,intune,"Parse macOS Company Portal logs with rotation order, encoding tolerance and network redaction","As a Mac admin I want the Company Portal log read with its rotation order and provenance stated, and shareable without IPs or identities.","parse_scenario-style inputs are classified by log content (not by path hint) for Company Portal versus other Intune macOS processes, records keep their activity ids even on identical timestamps, rotation members are ordered oldest first with an unparsable index not treated as the current log, and a raw timestamp keeps the source spacing. Truncated records stay visible as coverage, BOM/encoding variants decode to the same records, an unknown app version downgrades confidence without losing records, blank input is reported rather than guessed, and the redacted export is deterministic with IPv6 and network addresses masked under strict token boundaries — without swallowing versions, timestamps or GUIDs. A saved diagnostic report and a unified-log export are each recognized as a different source kind, and the advanced-logging certificate/network records are redacted.",Parser crate API portal::macos::company_portal::logs (no UI or IPC consumer yet; the macos-diag workspace only reports whether the log folder exists),crates/cmtraceopen-parser/src/intune/portal/macos/company_portal/logs/parse.rs; crates/cmtraceopen-parser/src/intune/portal/macos/company_portal/logs/rotation.rs; crates/cmtraceopen-parser/src/intune/portal/macos/company_portal/logs/redaction.rs,all (macOS evidence),full,Library-only today: src-tauri/src/macos_diag/environment.rs only sets company_portal_logs when ~/Library/Logs/CompanyPortal/ exists,pass,story,none,,rust_test: rotation_members_are_ordered_oldest_first,2026-09-24T21:30:00Z,,,
INTUNE-053,intune,Correlate macOS Company Portal direct logs with unified-log captures by explicit identifiers,As a Mac admin I want unified-log evidence merged with the direct Company Portal log only where an identifier proves they are the same activity.,"Supported records parse identically from NDJSON and JSON unified-log exports, levels are normalized while the raw message type is preserved, and activity/signpost relationships are retained; capture predicate and time window are carried as provenance. An explicit identifier merges direct and unified evidence, while a same-timestamp but unrelated activity never merges, and a duplicate sequence number is reported as coverage with source order preserved. Missing timezone or boot-relative time remains visible rather than defaulting to UTC, malformed lines become coverage and are preserved, an unknown schema version is refused without losing content, and unrelated sources or process-only matches are not selected. Privacy-sensitive values, non-ASCII identities, JSON-shaped labels and opaque authorization credentials are redacted with stable tokens; the module performs no collection and stays wasm-clean.",Parser crate API portal::macos::company_portal::unified_log (no UI or IPC consumer yet),crates/cmtraceopen-parser/src/intune/portal/macos/company_portal/unified_log/correlation.rs; crates/cmtraceopen-parser/src/intune/portal/macos/company_portal/unified_log/selection.rs; crates/cmtraceopen-parser/src/intune/portal/macos/company_portal/unified_log/ingest.rs,all (macOS evidence),full,Library-only today; the pure-module wasm32 invariant is asserted by its own test,pass,story,none,,rust_test: explicit_identifiers_merge_direct_and_unified_evidence,2026-09-24T21:30:00Z,,,
INTUNE-054,intune,Parse imported iOS/iPadOS Company Portal console exports,As a mobile admin I want an imported Company Portal console capture parsed with exact source references and honest timezone status.,"A supported console export is detected and fully parsed with every record carrying an exact source reference and source artifact id, message types normalized while unrecognized type tokens keep their raw value, and filtering by subsystem matched exactly rather than textually. Identical timestamps stay distinct in source order, continuation lines fold into the owning record with blank lines not splitting a payload, copy boundaries become visible coverage, and malformed records are preserved and never attributed. A missing timezone is a state that never defaults to UTC and a single zoneless record downgrades the whole capture, a returned colon-separated header and comma decimals resolve to the v1 layout while explicit subsystem columns resolve to v2 with an empty v2 attribution cell failing closed, sub-microsecond precision survives normalization, and the version banner is only recovered from a Company Portal diagnostics anchor.",Parser crate API portal::ios_ipados::company_portal::diagnostics (no UI or IPC consumer yet),crates/cmtraceopen-parser/src/intune/portal/ios_ipados/company_portal/diagnostics/parse.rs; crates/cmtraceopen-parser/src/intune/portal/ios_ipados/company_portal/diagnostics/layout.rs; crates/cmtraceopen-parser/src/intune/portal/ios_ipados/company_portal/diagnostics/classify.rs,all (iOS/iPadOS evidence),full,Library-only today; arbitrary plain logs and non-timestamp first columns are rejected,pass,story,none,,rust_test: item01_supported_export_is_detected_and_fully_parsed,2026-09-24T21:30:00Z,,,
INTUNE-055,intune,Keep unimplemented Intune parser leaves as explicit reserved slots,As a maintainer I want the not-yet-implemented Intune evidence leaves to expose no parser rather than an empty or guessing one.,"The reserved-slot modules — Android Company Portal diagnostics, macOS Company Portal imported diagnostics reports, Windows Update for Business under Intune management, and the macOS pkg / shell-script app leaves — contain only documentation naming their owning issue and the shared contracts they must consume, and export no parser, reducer, findings or type. Any caller therefore has to treat those evidence families as unsupported coverage rather than as a source that returned nothing.","Parser crate API surface (intune::portal::android, intune::portal::macos::company_portal::diagnostics, intune::device::windows::updates, intune::apps::macos)",crates/cmtraceopen-parser/src/intune/portal/android/company_portal/diagnostics/mod.rs; crates/cmtraceopen-parser/src/intune/portal/macos/company_portal/diagnostics/mod.rs; crates/cmtraceopen-parser/src/intune/device/windows/updates/mod.rs; crates/cmtraceopen-parser/src/intune/apps/macos/pkg/mod.rs,all,full,"Epic #356 reserved slots (#365, #371, macOS app leaves); the skeleton contract test pins that each leaf is either implemented or a documented slot",blocked,story,environment,reserved parser-crate slots with no runtime surface,static: reserved parser-crate slots with no runtime surface,2026-09-24T21:30:00Z,,,
INTUNE-010,new-intune,New Intune empty-state live or snapshot start,As an admin I choose live IME+event logs or a captured file/folder.,"Empty card: Analyze live logs + event logs (known source windows-intune-ime-logs, disabled if !canOpenKnownSources); Open IME log file; Open IME or evidence folder.",NewIntuneWorkspace empty state,src/workspaces/intune/NewIntuneWorkspace.tsx,all,full,New Intune empty: Select an IME log source to begin analysis.,pass,retest,none,No confirmed defect in current verification.,focused_test,2026-08-18T19:17:47Z,pass,2026-09-24T21:30:00Z,Current focused test: src/workspaces/intune/NewIntuneWorkspace.stories.test.tsx.
INTUNE-011,new-intune,New Intune surfaces and reset,"As an admin I move from triage to timeline, downloads, or Windows event logs.",Tabs Overview; Event evidence; Download evidence; Event log evidence (error-count badge). Reset investigation clears type/status/file scope/selected event. Refresh analysis re-runs.,NewIntuneWorkspace hero and surface nav,src/workspaces/intune/NewIntuneWorkspace.tsx,all,full,Verified 2026-08-18T15:35:10Z: Overview/Event/Download/Event log evidence + Reset investigation. Tests: src/workspaces/intune/NewIntuneWorkspace.stories.test.tsx,pass,retest,none,No confirmed defect in current verification.,existing_test,2026-08-18T19:17:47Z,pass,2026-09-24T21:30:00Z,No confirmed defect or remediation required; current behavior retained.
INTUNE-012,new-intune,New Intune overview triage,As an admin I start from the worst signals and jump to proof.,"Metrics: Active issues, Repeated failures, Evidence confidence, Dominant source, Event log signals, Content downloads. Priority issues Show timeline/downloads/scope/event logs. Failure patterns. Coverage families. Correlated event-log jump.",Overview surface,src/workspaces/intune/OverviewSurface.tsx,all,full,"Verified 2026-08-18T15:35:10Z: Priority issues, failure patterns, source coverage, correlated event-log evidence. Tests: src/workspaces/intune/NewIntuneWorkspace.stories.test.tsx",pass,retest,none,No confirmed defect in current verification.,existing_test,2026-08-18T19:17:47Z,pass,2026-09-24T21:30:00Z,No confirmed defect or remediation required; current behavior retained.
INTUNE-013,new-intune,New Intune event-log evidence,As an admin I filter live or captured event-log evidence and jump back to IME events.,Channel + severity filters; channel chips; virtualized expand. Live empty shows per-channel status. Correlation links navigate to timeline event ids.,Event log evidence tab,src/workspaces/intune/EventLogSurface.tsx,all,full,"Verified 2026-08-18T15:35:10Z: Channel/severity filters, linked row, View in Timeline. Tests: src/workspaces/intune/NewIntuneWorkspace.stories.test.tsx",pass,retest,none,No confirmed defect in current verification.,existing_test,2026-08-18T19:17:47Z,pass,2026-09-24T21:30:00Z,No confirmed defect or remediation required; current behavior retained.
DSREG-001,dsregcmd,"Capture, paste, or open dsregcmd evidence","As a Windows admin I load dsregcmd /status from live capture, clipboard, text file, or evidence folder.",Capture / Paste / Open text file / Open evidence folder. Known presets throw. Empty input fails. Analyzing and error empty states.,DsregcmdWorkspace; DsregcmdSidebar; Toolbar,src/workspaces/dsregcmd/DsregcmdWorkspace.tsx; src/lib/dsregcmd-source.ts,windows,full,dsregcmd-store ingest phases.,partial,retest,coverage,Native platform behavior is unavailable on this macOS host; automated coverage is contract/component-level.,existing_test,2026-08-18T19:17:47Z,partial,2026-09-24T21:30:00Z,No confirmed defect or remediation required; current behavior retained.
DSREG-002,dsregcmd,Analysis vs Event Logs tabs,As an admin I toggle parsed facts versus collected event-log entries.,Tabs Analysis and Event Logs (count = eventLogAnalysis.totalEntryCount). Event Logs panel only if analysis exists.,Tab strip,src/workspaces/dsregcmd/DsregcmdWorkspace.tsx,windows,full,event-logs tab setter.,partial,retest,coverage,Native platform behavior is unavailable on this macOS host; automated coverage is contract/component-level.,existing_test,2026-08-18T19:17:47Z,partial,2026-09-24T21:30:00Z,No confirmed defect or remediation required; current behavior retained.
DSREG-003,dsregcmd,Health cards and findings,"As an admin I get join, PRT, MDM, NGC, certificate health and issue cards.","Cards: Join Type, Current Stage, Capture Confidence, PRT State, MDM Signals, NGC, Certificate days. Issues Overview with evidence/nextChecks/suggestedFixes. Sidebar Top Findings first 8.",Analysis tab; sidebar,src/workspaces/dsregcmd/DsregcmdWorkspace.tsx; DiagnosticInsightsCard.tsx,windows,full,Verified 2026-08-18T15:35:10Z: Health cards and findings after seeded analysis. Tests: src/workspaces/dsregcmd/DsregcmdWorkspace.test.tsx,partial,retest,coverage,Native platform behavior is unavailable on this macOS host; automated coverage is contract/component-level.,existing_test,2026-08-18T19:17:47Z,partial,2026-09-24T21:30:00Z,No confirmed defect or remediation required; current behavior retained.
DSREG-004,dsregcmd,Fact groups including WHfB policy,As an admin I inspect extracted facts without reading raw line order.,"Show/Hide not reported fields. Groups include Policy Evidence (WHfB registry), connectivity, SCP, enrollment, OS, proxy. Timeline and flow boxes.",Facts by Group / Timeline / Flows,src/workspaces/dsregcmd/fact-group-builders.ts; FactGroupRenderer.tsx,windows,full,Verified 2026-08-18T15:35:10Z: Facts by group including WHfB policy evidence. Tests: src/workspaces/dsregcmd/DsregcmdWorkspace.test.tsx,partial,retest,coverage,Native platform behavior is unavailable on this macOS host; automated coverage is contract/component-level.,existing_test,2026-08-18T19:17:47Z,partial,2026-09-24T21:30:00Z,No confirmed defect or remediation required; current behavior retained.
DSREG-005,dsregcmd,dsregcmd event-log surface,As an admin I filter collected channel evidence for the capture.,"Channel/severity selects, summary chips, virtualized expand. Empty explains no entries plus liveQuery attempted/failed.",Event Logs tab,src/workspaces/dsregcmd/DsregcmdEventLogSurface.tsx,windows,full,Verified 2026-08-18T15:35:10Z: Event Logs tab channel/severity and PRT row. Tests: src/workspaces/dsregcmd/DsregcmdWorkspace.test.tsx,partial,retest,coverage,Native platform behavior is unavailable on this macOS host; automated coverage is contract/component-level.,existing_test,2026-08-18T19:17:47Z,partial,2026-09-24T21:30:00Z,No confirmed defect or remediation required; current behavior retained.
DSREG-006,dsregcmd,Export dsregcmd analysis,"As an admin I hand off JSON, summary, or raw status text.","Copy JSON, Copy status text, Copy summary, Save JSON, Save summary, Show/Hide raw input. Status toast 5s.",Export section,src/workspaces/dsregcmd/DsregcmdWorkspace.tsx,windows,full,Verified 2026-08-18T15:35:10Z: Export Copy/Save JSON and summary actions. Tests: src/workspaces/dsregcmd/DsregcmdWorkspace.test.tsx,partial,retest,coverage,Native platform behavior is unavailable on this macOS host; automated coverage is contract/component-level.,existing_test,2026-08-18T19:17:47Z,partial,2026-09-24T21:30:00Z,No confirmed defect or remediation required; current behavior retained.
DSREG-007,dsregcmd,"Load dsregcmd evidence by capture, clipboard, file, or bundle folder","As a Windows admin I want four ways to get a dsregcmd capture in front of the analyzer, each with its own progress and empty state.","With no result the workspace shows the header plus 'Capture', 'Paste', 'Open text file...' and 'Open evidence folder...' buttons and the empty panel 'No dsregcmd source loaded'; with a result the same four actions read 'Capture', 'Paste', 'Open Text File', 'Open Evidence Folder' and are disabled while analyzing. The store's beginAnalysis sets phase 'analyzing' with a per-kind message ('Capturing dsregcmd /status...', 'Reading clipboard...', 'Analyzing dsregcmd evidence bundle...', 'Analyzing dsregcmd source...'), the source label renders as 'Clipboard', 'Live capture', the text label, or the evidence file base name, and the header line shows the resolved path plus 'evidence <path>' when it differs. Missing result with phase analyzing shows 'Analyzing dsregcmd source' and with phase error 'dsregcmd analysis failed' (detail from the failure).",dsregcmd Workspace header and empty panel buttons; dsregcmd sidebar 'Capture'/'Paste'/'Open file'/'Open folder'; Toolbar > Open > Paste clipboard / Capture live output,src/workspaces/dsregcmd/DsregcmdWorkspace.tsx; src/workspaces/dsregcmd/dsregcmd-store.ts; src/lib/dsregcmd-source.ts,windows,full,"Cargo feature dsregcmd; extends DSREG-001 with the per-kind messages, labels and states",partial,story,coverage,component_test src/workspaces/dsregcmd/DsregcmdWorkspace.test.tsx (DSREG-003..DSREG-006 fixtures mount the loaded workspace); drive the empty state through the Playwright shim at http://localhost:1420,component_test: src/workspaces/dsregcmd/DsregcmdWorkspace.test.tsx (+6 tests passed),2026-09-24T21:30:00Z,,,
DSREG-008,dsregcmd,Reject empty dsregcmd input and fall back from a dropped path to a folder,As a Windows admin I want a clear failure for empty input and automatic folder retry when I drop a bundle instead of a file.,"analyzeDsregcmdText throws 'dsregcmd input was empty.' for whitespace-only text and analyzeDsregcmdSource throws 'The selected dsregcmd source did not contain any text.' for a source that read empty, both storing phase 'error' with that detail. analyzeDsregcmdPath analyzes the path as a file and, unless fallbackToFolder is false, logs the failure and retries the same path as a folder source, and refreshCurrentDsregcmdSource re-analyzes the current source (text sources through analyzeDsregcmdText, others through analyzeDsregcmdSource) returning false when no source is recorded; canRefreshDsregcmdSource is true for any non-null source.",Workspace open-file action; Toolbar > Open > Paste clipboard / Capture live output; window drop onto the dsregcmd workspace; Refresh active source,src/lib/dsregcmd-source.ts; src/hooks/use-app-actions.ts; src/workspaces/dsregcmd/dsregcmd-store.ts,windows,full,"Extends DSREG-001; the paste/capture actions also call ensureWorkspaceVisible('dsregcmd', ...)",pass,story,none,,e2e_browser: stories/diagnostics.spec.ts :: [DSREG-008] refreshing re-analyzes the recorded source and is refused without one,2026-09-24T21:30:00Z,,,
DSREG-009,dsregcmd,Render dsregcmd facts by group with registry-backed groups only when the bundle has them,"As a Windows admin I want the extracted facts grouped by theme, and no empty group pretending evidence was captured.","'Facts by Group' always renders Phase and Confidence, Join State, Tenant and Device, Management and MDM, SSO and PRT, Diagnostics, Pre-Join and Registration, Windows Hello and NGC, Policy Evidence, Service Endpoints and Source Details. Operating System, Proxy Configuration, Enrollment Status, Enterprise Management Tasks, Endpoint Connectivity and SCP Configuration appear only when their evidence object exists (OS/proxy/enrollment/tasks/connectivity/SCP), so an artifact that was not collected is a missing group rather than a group of empty rows.",dsregcmd Workspace > Facts by Group section,src/workspaces/dsregcmd/fact-group-builders.ts; src/workspaces/dsregcmd/dsregcmd-formatters.ts; src/workspaces/dsregcmd/FactGroupRenderer.tsx,windows,full,Extends DSREG-004 (which lists some groups) with the full ordering and the conditional-group coverage rule,pass,story,none,,"component_test: DsregcmdWorkspace fixtures DSREG-004 shows fact groups including Policy Evidence, timeline, and flows",2026-09-24T21:30:00Z,,,
DSREG-010,dsregcmd,"Show WHfB policy evidence, its source and the registry artifacts behind it","As a Windows admin I want to know whether a policy value came from dsregcmd, PolicyManager current state, the provider, or an exported policy hive.","The Policy Evidence group lists Policy Enabled, Post-Logon, PIN Recovery, Require Security Device, Use Certificate Trust and Use Cloud Trust, formatting each as effective/provider values with the evidence source label (dsregcmd, PolicyManager current, PolicyManager provider, PolicyManager current + provider, Windows policy (machine), Windows policy (user)) or 'Not Reported'. 'Evidence Status' reports the note — 'Registry captured, but no mapped WHfB policy values were found.' when artifacts existed without mapped values — and 'Registry Artifacts' lists up to two base names plus '+N more'; the NGC readiness value prefers the dsregcmd field and falls back to the registry evidence source.",dsregcmd Workspace > Facts by Group > Policy Evidence; NGC card and NGC readiness flow box,src/workspaces/dsregcmd/fact-group-builders.ts; src/workspaces/dsregcmd/dsregcmd-formatters.ts; src/workspaces/dsregcmd/PolicyEvidencePane.tsx,windows,full,Extends DSREG-004 with the evidence-source vocabulary and the artifact summary,partial,story,coverage,component_test src/workspaces/dsregcmd/DsregcmdWorkspace.test.tsx DSREG-004 asserts the Policy Evidence group is rendered,component_test: src/workspaces/dsregcmd/DsregcmdWorkspace.test.tsx (+6 tests passed),2026-09-24T21:30:00Z,,,
DSREG-011,dsregcmd,List live endpoint connectivity results in the dsregcmd facts,As a Windows admin I want to see which Entra endpoints the device could actually reach during the capture.,"When active evidence has connectivity tests the Endpoint Connectivity group lists one row per test keyed by the endpoint hostname, rendering 'Reachable (<statusCode>) — <latency>ms' with a warn tone above 2000 ms and 'Unreachable — <errorMessage>' with a bad tone; a malformed endpoint string falls back to the raw text instead of throwing. The group is absent when no connectivity evidence was collected.",dsregcmd Workspace > Facts by Group > Endpoint Connectivity,src/workspaces/dsregcmd/fact-group-builders.ts; src/workspaces/dsregcmd/dsregcmd-formatters.ts,windows,full,Extends DSREG-004; pairs with the native connectivity probe story,pass,story,none,,component_test: renders malformed endpoint strings without throwing,2026-09-24T21:30:00Z,,,
DSREG-012,dsregcmd,Show SCP query results and the query error when the lookup failed,"As a Windows admin I want the Service Connection Point state, its tenant, and any query failure stated separately.","The SCP Configuration group renders 'SCP Found' as Yes/No with a good tone when found, a bad tone when not found on a domain-joined device and neutral otherwise, plus Tenant Domain, Azure AD ID and Domain Controller values. When the query reported an error an extra 'Error' row is shown with a warn tone, so a failed query is visible as a query failure rather than as proof the SCP is absent.",dsregcmd Workspace > Facts by Group > SCP Configuration,src/workspaces/dsregcmd/fact-group-builders.ts; crates/cmtraceopen-parser/src/dsregcmd/extended.rs,windows (domain-joined evidence),full,Extends DSREG-004; pairs with the 'scp-not-found suppressed when the query errored' rule,pass,story,none,,rust_test: dsregcmd::rules::tests::scp_not_found_suppressed_when_scp_query_errored,2026-09-24T21:30:00Z,,,
DSREG-013,dsregcmd,Cross-reference Enterprise Management scheduled tasks with enrollment registry entries,As a Windows admin I want to know which EnterpriseMgmt task GUIDs actually match an active enrollment entry.,"When scheduled-task evidence holds GUIDs the Enterprise Management Tasks group shows 'Task GUID Count' and one row per GUID, labelled 'Registry match — <UPN> — state=<n>' when an enrollment entry has the same GUID (good tone when its EnrollmentState is 1) or 'No matching enrollment registry entry' otherwise. The Enrollment Status group lists each enrollment as 'GUID — UPN — provider — state=n' with 'task-matched' appended and a good tone for state 1 with a task match, and marks the count warn when it is 0 on an Entra-joined device or greater than 1.",dsregcmd Workspace > Facts by Group > Enterprise Management Tasks / Enrollment Status,src/workspaces/dsregcmd/fact-group-builders.ts; crates/cmtraceopen-parser/src/dsregcmd/extended.rs,windows,full,Extends DSREG-004; the matched-GUID path is also what upgrades mdm_enrolled,pass,story,none,,rust_test: dsregcmd::rules::tests::mdm_confirmed_via_registry_diagnostic_fires_when_cross_referenced,2026-09-24T21:30:00Z,,,
DSREG-014,dsregcmd,Adapt dsregcmd health cards to capture-specific evidence,As a Windows admin I want the health cards to say 'no active issue' when nothing is wrong and to reflect that a live capture is fresh.,"With zero error and zero warning diagnostics the Current Stage card shows 'No Active Issue' with a good tone and the summary 'Current evidence does not show an active failure phase in this capture.' instead of a derived phase. A source of kind 'capture' that is not a remote SYSTEM session is reported as High confidence with the reason that freshness comes from the capture action rather than dsregcmd timestamps; MDM Signals reads 'Present', 'Partial' (when MdmUrl or the compliance URL is missing) or 'Unknown'; Certificate shows 'Unknown' when the validity range did not parse and '<n> days' otherwise (warn below 30); NGC readiness resolves to 'Recovery Required', 'Key Health Issue', 'Configured', 'Will Provision' or a policy-disabled state.",dsregcmd Workspace > Join Type / Current Stage / Capture Confidence / PRT State / MDM Signals / NGC / Certificate cards,src/workspaces/dsregcmd/dsregcmd-formatters.ts; src/workspaces/dsregcmd/DsregcmdWorkspace.tsx,windows,full,"Extends DSREG-003 with the no-active-issue, live-capture-confidence, MDM-visibility and NGC-readiness rules",partial,story,coverage,component_test src/workspaces/dsregcmd/DsregcmdWorkspace.test.tsx DSREG-003 plus dsregcmd-formatters.test.ts (toneForPrtState cases),component_test: src/workspaces/dsregcmd/DsregcmdWorkspace.test.tsx (+6 tests passed),2026-09-24T21:30:00Z,,,
DSREG-015,dsregcmd,Build the dsregcmd summary text and copy it to the clipboard,As a Windows admin I want a plain-text summary I can paste into a ticket.,"'Copy summary' writes the generated summary to the clipboard and reports 'Copied dsregcmd summary to the clipboard.'; the text is the fixed line sequence Source, Join type, Current stage, Stage summary, Capture confidence, Confidence note, 'Diagnostics: N errors, M warnings, K info', 'Top issue: <title>' or 'Top issue: No critical issues detected', then PRT present, MDM visibility, NGC readiness and Device auth status. Every line below the top issue is prefixed 'Based on this capture, ...' whenever the display confidence is not High, and the same text is what 'Save summary...' writes to the chosen .txt file.",dsregcmd Workspace > Export > 'Copy summary' / 'Save summary...',src/workspaces/dsregcmd/dsregcmd-formatters.ts; src/workspaces/dsregcmd/DsregcmdWorkspace.tsx,windows,full,Extends DSREG-006 with the exact summary line contract and the confidence qualification,pass,story,none,,"component_test: DsregcmdWorkspace fixtures DSREG-006 shows export controls for JSON, status, summary, and raw input",2026-09-24T21:30:00Z,,,
DSREG-016,dsregcmd,Highlight the top issue and explain how to read the dsregcmd dashboard,As a Windows admin new to dsregcmd output I want the worst finding called out and the panels explained.,"The Health Summary section shows the summary text, an 'Issue spotlight' block with the first Error diagnostic (or the first diagnostic) whose summary is suffixed with 'Interpret this in the context of <level> capture confidence.' unless confidence is High, and a 'Quick interpretation' list covering the stage summary, confidence reason, whether registry-backed WHfB policy evidence is available, the detected network marker or its absence, whether the capture looks like SYSTEM in a remote session, and whether the certificate expiry is near. The Explainer section documents what the health cards mean, when a capture may mislead (SYSTEM/remote-session and stale bundles) and the suggested next step.",dsregcmd Workspace > Health Summary > Issue spotlight / Quick interpretation; dsregcmd Workspace > Explainer,src/workspaces/dsregcmd/DsregcmdWorkspace.tsx; src/workspaces/dsregcmd/dsregcmd-formatters.ts,windows,full,Extends DSREG-003 (which covers only the issue card list),pass,story,none,,e2e_browser: stories/diagnostics.spec.ts :: [DSREG-016] the health summary spotlights the top issue and explains the readout,2026-09-24T21:30:00Z,,,
DSREG-017,dsregcmd,Render the dsregcmd timestamp timeline,As a Windows admin I want the PRT and certificate timestamps laid out in order so I can judge staleness.,"The Timeline section renders Certificate valid from, Certificate valid to (warn when expiry is near 30 days), Previous PRT attempt, Azure AD PRT update (warn when the PRT is stale, otherwise good) and Client reference time, each formatted for local display and omitted when it has no value. With nothing timestamped it shows 'No timeline-friendly timestamps were found in this capture.'. For a live capture the displayed PRT age is recomputed from the current clock as max(0, now - last update) instead of the parsed age.",dsregcmd Workspace > Timeline section,src/workspaces/dsregcmd/dsregcmd-formatters.ts; src/workspaces/dsregcmd/DsregcmdWorkspace.tsx,windows,full,"Extends DSREG-004 (which mentions 'Timeline' with no detail) with the item list, tones and live-capture age override",pass,retest,none,,e2e/stories/diagnostics.spec.ts :: [DSREG-017] the timeline omits rows without a timestamp and shows its empty state,2026-09-24T21:30:00Z,pass,2026-09-24T21:30:00Z,Defect fixed and re-verified: e2e/stories/diagnostics.spec.ts :: [DSREG-017] the timeline omits rows without a timestamp and shows its empty state
DSREG-018,dsregcmd,"Render the dsregcmd flow boxes for phase, join, auth, management, PRT, NGC and trust",As a Windows admin I want a one-glance read of the registration story from phase through token health.,"The Flows section shows seven boxes: 'Current phase' (stage label and summary), 'Join posture' (join type plus Azure AD joined and Domain joined booleans), 'Device authentication' (DeviceAuthStatus and TpmProtected, good only when the status reads SUCCESS), 'Management' (MDM visibility and compliance-URL presence with the note that missing fields are not proof of breakage), 'PRT and session' (PRT present, stale, remote SYSTEM), 'NGC readiness' (NGC set, policy enabled, PreReq Result, device eligible) and 'Capture trust' (confidence label and reason). Each box's text is prefixed 'Based on this capture, ...' when confidence is not High.",dsregcmd Workspace > Flows section,src/workspaces/dsregcmd/DsregcmdWorkspace.tsx; src/workspaces/dsregcmd/PolicyEvidencePane.tsx,windows,full,Extends DSREG-004 (which mentions 'flow boxes' without detail),pass,retest,none,,e2e/stories/diagnostics.spec.ts :: [DSREG-018] every conclusion flow box is confidence-qualified,2026-09-24T21:30:00Z,pass,2026-09-24T21:30:00Z,Defect fixed and re-verified: e2e/stories/diagnostics.spec.ts :: [DSREG-018] every conclusion flow box is confidence-qualified
DSREG-019,dsregcmd,"Export dsregcmd analysis, status text and raw input","As a Windows admin I want to hand off JSON, a summary, or the redacted capture text, and to inspect the raw input I loaded.","The Export section offers 'Copy JSON' (writeText of the pretty-printed result), 'Copy status text' (the clipboard value is the redact_dsregcmd_status_text projection of the captured text, never the raw capture), 'Copy summary', 'Save JSON...' (default dsregcmd-analysis.json) and 'Save summary...' (default dsregcmd-summary.txt) through the save dialog plus write_text_output_file, and 'Show raw input'/'Hide raw input' toggling a read-only monospace textarea of the loaded text. Each success sets a green toast naming what was copied/saved and each failure a red toast with the error message, and the toast clears itself after 5 seconds; with no status text loaded 'Copy status text' reports 'No dsregcmd status text is available to copy.' instead of copying.",dsregcmd Workspace > Export > 'Copy JSON' / 'Copy status text' / 'Copy summary' / 'Save JSON...' / 'Save summary...' / 'Show raw input',src/workspaces/dsregcmd/DsregcmdWorkspace.tsx; src/lib/commands.ts; src-tauri/src/commands/dsregcmd.rs,windows,full,"Extends DSREG-006 with the toast lifecycle, the empty-status guard and the mandatory projection before the clipboard",pass,story,none,,component_test: DSREG-007 projects the raw status text before it reaches the clipboard,2026-09-24T21:30:00Z,,,
DSREG-020,dsregcmd,Summarize dsregcmd triage in the sidebar,As a Windows admin I want the sidebar to show what was loaded and the highest-priority findings first.,"The sidebar shows a SourceSummaryCard badged 'dsregcmd' with the source label, path or 'Open a dsregcmd source to begin.', the analysis message, 'Lines: N', 'Chars: N' and the derived join type when a result exists, four action buttons in a 1x2 grid and, while analyzing or after a failure, a status notice. 'Triage Summary' repeats Join type, 'PRT present' / 'MDM enrolled' (Unknown when null), 'Issues: N errors • M warnings • K info' and the evidence file and bundle root paths; 'Top Findings' shows at most 8 diagnostics ordered Error then Warning then Info while preserving rule order inside a severity, or 'No diagnostics' with the explanation that the backend emitted none.",dsregcmd workspace sidebar,src/workspaces/dsregcmd/DsregcmdSidebar.tsx; src/workspaces/dsregcmd/dsregcmd-formatters.ts,windows,full,"Extends DSREG-003, which records 'Sidebar Top Findings first 8' but not the severity ordering or triage block",pass,story,none,,component_test: DSREG-007 sidebar top findings are severity-sorted,2026-09-24T21:30:00Z,,,
DSREG-021,dsregcmd,Filter and expand dsregcmd Event Logs evidence,As a Windows admin I want to narrow the collected channel evidence and read one event's full detail.,"The Event Logs tab (labelled with the entry count) offers a channel select seeded from channel summaries and an All/Critical/Error/Warning/Information/Verbose severity select, chip buttons per channel that toggle the channel filter and show entry, error ('nE') and warning ('nW') counts, and a 'X of Y entries' counter over a virtualized list. Expanding a row shows the full message plus Provider, Computer, Activity and Source file name, and changing either filter clears the selected entry so nothing stays expanded while hidden. With no entries it states 'No event log entries were collected for dsregcmd-related channels.' and, when a live query ran, 'Attempted N channels, M failed.'.",dsregcmd Workspace > Event Logs tab,src/workspaces/dsregcmd/DsregcmdEventLogSurface.tsx; src/workspaces/dsregcmd/dsregcmd-store.ts,windows,full,"Extends DSREG-005 with the selection-clearing rule, the chip counters and the attempted/failed line",pass,story,none,,component_test: DsregcmdWorkspace fixtures DSREG-005 shows the Event Logs surface with channel and severity filters,2026-09-24T21:30:00Z,,,
DSREG-022,dsregcmd,Keep known-source presets and non-Windows platforms out of the dsregcmd workspace,"As an admin on a Mac I want the dsregcmd workspace to be absent, and a preset source to fail loudly rather than silently analyzing nothing.","The workspace definition declares platforms ['windows'], capabilities.knownSources false and file filters Text Files (*.txt), Log Files (*.log), All Files; its onOpenSource throws 'Known log presets are not supported in the dsregcmd workspace.' for a source of kind 'known' instead of analyzing it. The toolbar's known-source catalog therefore never offers a preset for this workspace, and on macOS/Linux the platform gate removes the workspace from the switcher.","Workspace switcher (dsregcmd, Windows only); Toolbar > Open > known sources dialog",src/workspaces/dsregcmd/index.ts; src/hooks/use-app-actions.ts; src/stores/ui-store.ts,windows,full,Extends DSREG-001; complements the backend PlatformUnsupported errors,pass,story,none,,e2e_browser: stories/diagnostics.spec.ts :: [DSREG-022] a non-Windows host drops the dsregcmd workspace from the switcher,2026-09-24T21:30:00Z,,,
DSREG-023,dsregcmd,"Capture dsregcmd /status with verified signature, registry exports and evidence phases",As a Windows admin I want one click to capture a signed dsregcmd run plus the registry and connectivity evidence the analysis needs.,"capture_dsregcmd runs on a blocking worker, resolves %SystemRoot%\System32\dsregcmd.exe, verifies its Authenticode signature with WinVerifyTrust (falling back to a catalog signature when the result is TRUST_E_NOSIGNATURE) and refuses to execute it otherwise with 'Refusing to execute ...: expected a valid Authenticode signature but WinVerifyTrust returned 0x... (NAME)' naming TRUST_E_NOSIGNATURE, CERT_E_EXPIRED, CERT_E_UNTRUSTEDROOT or TRUST_E_BAD_DIGEST. A non-zero exit is reported as 'dsregcmd.exe /status failed with exit code N[: stderr]'; on success the output is staged into a fresh temp bundle (manifest.json, evidence/command-output/dsregcmd-status.txt, 12 reg.exe exports under evidence/registry, connectivity endpoint-tests.json plus scp-query.json, dsregcmd-events.json, enterprise-mgmt-tasks.json) and the result carries the captured text, the bundle path and the evidence file path. On non-Windows the command fails with 'dsregcmd capture is only supported on Windows.', and bundles older than 24 hours are deleted from temp before each capture.",dsregcmd Workspace > 'Capture'; dsregcmd sidebar > 'Capture'; IPC capture_dsregcmd,src-tauri/src/commands/dsregcmd.rs; src-tauri/src/dsregcmd/connectivity.rs; src-tauri/src/dsregcmd/event_logs.rs,windows (capture); non-Windows returns PlatformUnsupported,full,Cargo feature dsregcmd; the staged bundle is a working store and is documented as not being the export form (projection happens at analyze_text_with_evidence / redacted_status_text),pass,story,none,,e2e_browser: stories/diagnostics.spec.ts :: [DSREG-023] a refused capture surfaces as an analysis failure with the backend detail,2026-09-24T21:30:00Z,,,
DSREG-024,dsregcmd,Resolve a dsregcmd file or bundle folder into its evidence file,"As a Windows admin I want to open the bundle root, its evidence folder, or its command-output folder and still land on the capture text.","For kind 'file' the command reads the file as text and, if a manifest.json exists in any ancestor directory, returns that directory as the bundle path with the file as the evidence path. For kind 'folder' it accepts the bundle root, the bundle's 'evidence' folder or its 'command-output' folder (each resolved by locating manifest.json), reads evidence/command-output/dsregcmd-status.txt or the top-level dsregcmd-status.txt fallback, and otherwise fails with 'Selected folder is not a supported dsregcmd evidence bundle location. Choose the bundle root, the bundle's evidence folder, or the bundle's command-output folder.' or 'Resolved bundle root does not contain dsregcmd evidence. Expected evidence/command-output/dsregcmd-status.txt or dsregcmd-status.txt.'. A read failure is reported as 'Failed to read the dsregcmd file/evidence file <path>: <error>', and on non-Windows the command returns 'dsregcmd source loading is only supported on Windows.'.","dsregcmd Workspace > 'Open Evidence Folder' / 'Open Text File'; workspace drop; IPC load_dsregcmd_source(kind, path)",src-tauri/src/commands/dsregcmd.rs; src/workspaces/dsregcmd/index.ts,windows,full,Extends DSREG-001; the three accepted folder shapes are the documented contract,pass,story,none,,e2e_browser: stories/diagnostics.spec.ts :: [DSREG-024] a folder source resolves to its evidence file and reports both paths,2026-09-24T21:30:00Z,,,
DSREG-025,dsregcmd,Analyze dsregcmd capture text and return only the projected analysis,As a Windows admin I want the analyzer to reject input that is not a dsregcmd capture and to hand back a shareable result.,"analyze_dsregcmd returns 'dsregcmd input was empty' for blank input and 'Input did not contain recognizable dsregcmd /status fields' when no field line matched, and otherwise assembles the analysis from the parsed facts plus the bundle evidence read from the supplied bundle path (WHfB policy, OS version, proxy, enrollment, connectivity/SCP, scheduled tasks, event-log analysis). Extended, active and event-log diagnostics are appended to the rule diagnostics and the whole result is passed through the crate's redaction projection before it is returned, so the IPC surface never carries the unprojected tenant id, domains, device id, thumbprint, UPN or SID; the command runs on a blocking worker and logs start/completion with diagnostic count and join type.","IPC analyze_dsregcmd(input, bundlePath); dsregcmd Workspace load path",src-tauri/src/commands/dsregcmd.rs; crates/cmtraceopen-parser/src/dsregcmd/mod.rs,windows,full,Extends DSREG-001; the projection is the ADR-004 revision 1 boundary and is what Copy JSON exports,pass,story,none,,rust_test: the_ipc_analysis_carries_no_planted_identity,2026-09-24T21:30:00Z,,,
DSREG-026,dsregcmd,Project raw dsregcmd status text for the copy path,"As a Windows admin I want to paste the capture text into a ticket without leaking tenant, device or user identifiers.","The redact_dsregcmd_status_text command returns redacted_status_text(input): the shared masking grammar runs over the whole capture first, then every literal the parser classified as identity in that same capture (tenant id/name/domain, device id, thumbprint, user identity, SCP tenant domain and azureADId, and event-log computer names) is scrubbed out of the remaining free text and replaced by the same typed token. Text that does not parse still receives the shaped rules, so an unrecognized line loses only what the grammar recognizes by shape, and re-projecting an already projected string changes nothing.",IPC redact_dsregcmd_status_text; dsregcmd Workspace > Export > 'Copy status text',src-tauri/src/commands/dsregcmd.rs; crates/cmtraceopen-parser/src/dsregcmd/redaction.rs,all,full,"Extends DSREG-006; the projection is the crate's, not applied at the clipboard call site",pass,story,none,,rust_test: the_raw_capture_text_projects_the_same_identifiers,2026-09-24T21:30:00Z,,,
DSREG-027,dsregcmd,Probe the Entra registration and login endpoints during a capture,As a Windows admin I want to know whether the machine can actually reach the endpoints device registration depends on.,"run_active_diagnostics HEAD-requests https://enterpriseregistration.windows.net, https://login.microsoftonline.com, https://device.login.microsoftonline.com and https://autologon.microsoftazuread-sso.com with a 10-second connect and response timeout and a non-error HTTP status policy, recording for each endpoint reachability, the status code on success, the measured latency in milliseconds, the transport error text on failure and an RFC 3339 timestamp. On non-Windows the function returns the default (empty) active evidence rather than probing.",dsregcmd capture (written to evidence/connectivity/endpoint-tests.json); dsregcmd Workspace > Facts by Group > Endpoint Connectivity,src-tauri/src/dsregcmd/connectivity.rs; src-tauri/src/commands/dsregcmd.rs,windows,full,Extends the connectivity fact group with the probe contract; the results drive endpoint-unreachable and endpoint-high-latency findings,pass,story,none,,e2e_browser: stories/diagnostics.spec.ts :: [DSREG-027] endpoint connectivity facts render the capture's endpoint probes,2026-09-24T21:30:00Z,,,
DSREG-028,dsregcmd,Query the Active Directory Service Connection Point with nltest and PowerShell,"As a Windows admin I want the SCP keywords, tenant domain and domain controller captured so hybrid-join targeting can be checked.","query_scp runs nltest /dsgetdc: to record the domain controller and then a PowerShell ADSI LDAP query for CN=62a0ff2e-97b9-4513-943f-0d221bd30080 under Device Registration Configuration; keywords are split into azureADName (tenant domain) and azureADId, an empty keyword set returns the sentinel error 'SCP object exists but has no keywords.' with scpFound false, and an LDAP error line is reported as the error. A preceding nltest failure is preserved alongside the SCP failure in one message ('<nltest error>; <scp error>') instead of being dropped, and the SCP error path is what makes the 'scp-not-found' rule suppress itself because the query failed.",dsregcmd capture (written to evidence/connectivity/scp-query.json); dsregcmd Workspace > Facts by Group > SCP Configuration,src-tauri/src/dsregcmd/connectivity.rs; crates/cmtraceopen-parser/src/dsregcmd/extended.rs,windows (domain-joined),full,The 'no keywords' sentinel is the single keywordless path the rule keys on,pass,story,none,,rust_test: dsregcmd::connectivity::tests::an_nltest_failure_survives_a_powershell_reported_scp_error,2026-09-24T21:30:00Z,,,
DSREG-029,dsregcmd,Read exported .reg hives into typed registry values,As a Windows admin I want the bundled registry exports parsed even when they are UTF-16 or Windows-1252.,"parse_reg_snapshot builds a key map from .reg text, skipping blank lines, ';' comments and the 'Windows Registry Editor' header, treating bracketed lines as keyspace, reading dword: values as hex u32, unquoting string values and unescaping \\ and \"" while retaining literal backslashes, and dropping the unnamed '@' value. Bytes are decoded from UTF-16LE or UTF-16BE by BOM, then UTF-8, then Windows-1252, so an export saved in a legacy encoding still yields the same keys and values.",bundle evidence readers (evidence/registry/*.reg); registry snapshot tab for .reg files,src-tauri/src/dsregcmd/registry.rs,all (reads exported hive text),full,"Files that cannot be read or decoded yield an empty map and no artifact path, which callers treat as absent evidence",pass,story,none,,rust_test: dsregcmd::registry::tests::parses_registry_snapshot_values,2026-09-24T21:30:00Z,,,
DSREG-030,dsregcmd,Resolve Windows Hello for Business policy values with provenance and inversion,"As a Windows admin I want each WHfB policy value to state whether it came from the effective state, the provider, or an exported policy hive.","load_whfb_policy_evidence reads policymanager-device.reg, policymanager-providers.reg, hkcu/hklm-policies.reg and hkcu/hklm-microsoft-policies.reg and resolves UsePassportForWork, DisablePostLogonProvisioning, EnablePinRecovery, RequireSecurityDevice, UseCertificateForOnPremAuth and UseCloudTrustForOnPremAuth in the order current-effective, provider, machine policy hive, user policy hive. DisablePostLogonProvisioning is inverted, agreeing current and provider values are marked PolicyManagerComparison with 'PolicyManager current state and provider state agree.', a disagreement keeps the current value and notes 'Policy delivered but not effective. Provider state says X while current effective state says Y.', a provider-only value warns that it may not be the effective state yet, and Windows-hive fallbacks say which hive they came from. When artifacts were captured but no mapped values were found, every still-empty field gets the note that no mapped PassportForWork policy values were present.",bundle evidence reader; dsregcmd Workspace > Facts by Group > Policy Evidence and the NGC flow box,src-tauri/src/dsregcmd/registry.rs; src/workspaces/dsregcmd/dsregcmd-formatters.ts,all (reads exported hives),full,Extends DSREG-004; the note texts are shown verbatim by the Policy Evidence group,pass,story,none,,rust_test: dsregcmd::registry::tests::derives_whfb_policy_evidence_from_bundle_files,2026-09-24T21:30:00Z,,,
DSREG-031,dsregcmd,"Read OS version, proxy and MDM enrollment evidence from the bundle","As a Windows admin I want the OS build, proxy configuration and enrollment entries that the capture exported.","load_os_version_evidence reads CurrentBuild (or CurrentBuildNumber), DisplayVersion, ProductName, UBR and EditionID from the \Windows NT\CurrentVersion key and returns None when the file is absent. load_proxy_evidence reads ProxyEnable (non-zero -> true), ProxyServer, ProxyOverride and AutoConfigURL from \Internet Settings and marks wpadDetected when the auto-config URL contains 'wpad'. load_enrollment_evidence collects one entry per \Enrollments\{GUID} subkey with its GUID, UPN, ProviderID and EnrollmentState while skipping deeper subkeys such as \{GUID}\FirstSync, and returns None when nothing was read; each reader records the artifact paths it consumed.","bundle evidence readers (os-version.reg, proxy-internet-settings.reg, enrollments.reg); dsregcmd Workspace > Facts by Group > Operating System / Proxy Configuration / Enrollment Status",src-tauri/src/dsregcmd/registry.rs,all (reads exported hives),full,Extends DSREG-004; the conditional fact groups exist only when these readers return Some,pass,story,none,,rust_test: dsregcmd::registry::tests::loads_os_version_evidence_from_bundle,2026-09-24T21:30:00Z,,,
DSREG-032,dsregcmd,Summarize a .reg snapshot for the registry viewer,As an analyst I want a size-limited preview of a registry export so opening a huge hive stays fast.,"inspect_registry_snapshot_file reads and decodes a .reg file (with the same encoding fallbacks) and returns key and value totals plus at most six keys sorted by path, each with its value count and at most eight values sorted by name; dword values render as '0x00000001 (1)' and strings as their text. A file that cannot be read at all yields None, which the caller renders as no snapshot rather than an empty one.",Registry snapshot tab when a .reg file is opened,src-tauri/src/dsregcmd/registry.rs; src-tauri/src/commands/bundle_ops.rs,all,full,Extends LOG-024 (registry viewer) with the dsregcmd-side snapshot summariser limits,pass,story,none,,rust_test: dsregcmd::registry::tests::inspects_registry_snapshot_file_summary,2026-09-24T21:30:00Z,,,
DSREG-033,dsregcmd,"Derive join type, dominant phase, PRT age, certificate expiry and capture confidence",As a Windows admin I want the derived facts to be computed consistently rather than re-derived by eye.,"derive_facts sets the join type from AzureAdJoined/DomainJoined (hybrid, Entra joined, not joined, unknown) with its display label, and picks the dominant phase in the order ErrorPhase, post-join PRT evidence on a joined device, failing pre-check tests, failing discovery tests, token-acquisition failure or known auth codes, then join-phase error fields, then 'no PRT update'. It computes PRT age from ClientTime minus AzureAdPrtUpdateTime with staleness above 4 hours, certificate days remaining against ClientTime with 'expiring soon' below 30 days, a network error marker from the raw capture, MDM/compliance visibility triples, and remote-SYSTEM detection from User Context SYSTEM with SessionIsNotRemote NO. Capture confidence is Low for a remote SYSTEM session, High only when the client time is within 15 minutes, the session is not remote and the context is not SYSTEM, Medium within 24 hours or with partial timing context (each with its own reason string), and Low when the capture looks old.","IPC analyze_dsregcmd; dsregcmd Workspace health cards, Timeline, Flows and fact groups",crates/cmtraceopen-parser/src/dsregcmd/derive.rs; crates/cmtraceopen-parser/src/dsregcmd/rules.rs,windows,full,Extends DSREG-003/DSREG-004 with the exact derivation precedence and thresholds,pass,story,none,,rust_test: dsregcmd::rules::tests::derives_join_type_and_high_value_flags,2026-09-24T21:30:00Z,,,
DSREG-034,dsregcmd,"Emit identity, join, sync and NGC findings with evidence and fixes",As a Windows admin I want the capture's obvious gaps and postures raised as findings I can act on.,"The rule set raises not-aadj, missing-tenant and missing-deviceid for the core identity gaps; join-type-entraid, join-type-hybrid, onprem-domain-joined and workplace-joined-present to state the posture; no-mdm and no-compliance as context rather than proof when only one management URL is present; wam-not-default, no-tpm-protection, logon-cert-not-ready, cert-expiring-soon, ngc-will-provision, ngc-key-sign-failed, ngc-recovery-enabled, stale-prt, remote-session-system, network-issue, entra-sync-pending, entra-sync-pending-inference, hybrid-fallback-enabled, fallback-sync-join-active, builtin-admin-cannot-join, device-auth-failed, scp-verify-needed, tenant-uuid-not-found and ad-replication-issue. Every finding carries severity, a category, a title, a summary, evidence lines and next-check/suggested-fix lists, and the sidebar and Issues Overview render them (no-mdm/no-compliance stay Info because management fields are tenant- and scope-dependent).",dsregcmd Workspace > Issues Overview cards; dsregcmd sidebar > Top Findings,crates/cmtraceopen-parser/src/dsregcmd/rules.rs; src/workspaces/dsregcmd/DiagnosticInsightsCard.tsx,windows,full,Extends DSREG-003 (cards/findings lists) with the rule vocabulary and the deliberate Info severity of the MDM-context findings,pass,story,none,,rust_test: dsregcmd::rules::tests::emits_expected_error_warning_and_info_rules,2026-09-24T21:30:00Z,,,
DSREG-035,dsregcmd,"Map documented ADAL, PRT-attempt, TPM and Win32 error codes to specific findings",As a Windows admin I want a raw error code turned into a named cause instead of a number.,"Documented codes produce a named finding: the ADAL/federation family (0xcaa90017 protocol, 0xcaa9002c XML parse, 0xcaa90023 missing username/password endpoint, 0xcaa82ee2 timeout, 0xcaa82efe connection aborted, 0xcaa82f8f TLS failure, 0xcaa82efd cannot connect, 0xcaa20003 invalid grant, 0xcaa90014 WS-Trust fault, 0xcaa90006 token request failure, 0xcaa1002d operation pending), the join/discovery family (0x801c001d SCP read, 0x801c0021 DRS discovery, 0x801c001f discovery timeout, 0x801c003d user realm discovery, 0x8007000d invalid discovery response, 0x801c0002 device authentication, 0x801c0006 internal service error), PRT attempt statuses (0xc000006d invalid credentials, 0xc000006a wrong password, 0xc00000d0 request not accepted, documented network-path failures, 0xc000005f user realm not found, 0xc004844c malformed UPN, 0xc0048442 missing user SID, 0xc00484c1 empty SAML, MEX misconfiguration, 0xc00cee4f prohibited DTD) and TPM codes (0x80090016 bad keyset, 0x80290407 internal error, 0x80280036 not FIPS, 0x80090031 lockout). Codes are matched as bounded tokens so a longer AADSTS code, an embedded number such as 13120, a padded hex form or a slash-delimited code list behaves predictably: exact 1312/1317/1355 tokens raise ad-replication-issue while the same digits inside a longer token do not, and AADSTS50126 fires from the server message alone but not for a longer code that merely starts with it.",dsregcmd Workspace > Issues Overview; group Policy Evidence/Diagnostics facts quoting the raw codes,crates/cmtraceopen-parser/src/dsregcmd/rules.rs; crates/cmtraceopen-parser/src/dsregcmd/derive.rs,windows,full,Extends DSREG-003; the token-boundary rule is the difference between a diagnosis and a false positive,pass,story,none,,rust_test: dsregcmd::rules::tests::emits_remaining_adal_and_tpm_mappings,2026-09-24T21:30:00Z,,,
DSREG-036,dsregcmd,Raise extended findings from the registry evidence a bundle carries,"As a Windows admin I want the OS build, proxy and enrollment registry evidence to produce their own findings.","build_extended_diagnostics adds 'os-build-below-cloud-trust' (Warning) when the current build is under 22000 while UseCloudTrustForOnPremAuth is true and 'os-build-outdated' (Info) under build 19041; 'proxy-configured' (Info) when ProxyEnable, ProxyServer or AutoConfigURL is present and 'proxy-wpad-with-join-failure' (Warning) when WPAD is detected alongside an Error-severity join diagnostic; 'enrollment-missing-on-joined' (Warning) when a joined device has zero enrollment entries and mdm_enrolled is not true, 'multiple-enrollments' (Info) above one entry, and 'mdm-confirmed-via-registry' (Info) when the dsregcmd MDM URLs are absent but an EnrollmentState 1 entry's GUID matches an EnterpriseMgmt scheduled task, listing the matched GUIDs, UPNs and the task GUID list as evidence. Each finding is only produced when its evidence object exists.",dsregcmd Workspace > Issues Overview (after a bundle-based capture or folder load),crates/cmtraceopen-parser/src/dsregcmd/extended.rs; src-tauri/src/dsregcmd/registry.rs,windows (bundle evidence),full,Extends DSREG-003/DSREG-004; the findings cite the collected artifact values,pass,story,none,,rust_test: dsregcmd::rules::tests::mdm_confirmed_via_registry_diagnostic_fires_when_cross_referenced,2026-09-24T21:30:00Z,,,
DSREG-037,dsregcmd,Raise active-diagnostics findings from connectivity and SCP evidence,"As a Windows admin I want an unreachable endpoint, high latency or a missing SCP raised with the endpoint named.","build_active_diagnostics_rules raises 'endpoint-unreachable-drs' (Error) for an unreachable enterpriseregistration endpoint when a join failure exists, 'endpoint-unreachable-login' for login.microsoftonline.com (excluding device.login), 'endpoint-unreachable-device-login' for device.login, 'seamless-sso-unreachable' (Warning) for an unreachable autologon endpoint on a hybrid-joined device, and 'endpoint-high-latency' (Warning) when a reachable test exceeded 2000 ms. It raises 'scp-not-found' (Error) only on a domain-joined device when the query reports scpFound false and did not error (the 'no keywords' sentinel is a real configuration signal; any other query error is a coverage gap and is not reported as SCP absence), and 'scp-tenant-mismatch-active' (Error) when the SCP tenant domain differs from the dsregcmd domain name.",dsregcmd Workspace > Issues Overview; Endpoint Connectivity and SCP Configuration fact groups,crates/cmtraceopen-parser/src/dsregcmd/extended.rs; src-tauri/src/dsregcmd/connectivity.rs,windows,full,Extends DSREG-003; the query-failure-vs-absence distinction is the load-bearing rule,pass,story,none,,rust_test: dsregcmd::rules::tests::scp_not_found_suppressed_when_scp_query_errored,2026-09-24T21:30:00Z,,,
DSREG-038,dsregcmd,"Raise event-log-time-skew, DPAPI and AAD findings from collected channel evidence","As a Windows admin I want time-sync, DPAPI and AAD operational evidence correlated into findings.","build_event_log_diagnostics raises 'event-log-time-skew' (Warning) when a Time Service or System channel entry mentions time skew or time synchronization and an authentication/join/configuration Error finding exists, 'event-log-dpapi-failure' (Warning) when a DPAPI entry reports failure alongside a 'tpm-' diagnostic, and 'event-log-aad-errors' (Info) naming the count of AAD Operational error entries. No event-log findings are produced when the analysis carries no event-log evidence.",dsregcmd Workspace > Issues Overview (after a live capture or a bundle with dsregcmd-events.json),crates/cmtraceopen-parser/src/dsregcmd/extended.rs; src-tauri/src/dsregcmd/event_logs.rs,windows,full,"Extends DSREG-003/DSREG-005; the same five channels the capture collects (AAD, User Device Registration, Crypto-DPAPI, Kerberos, System) feed these rules",pass,story,none,,rust_test: dsregcmd::rules::tests::time_skew_rule_requires_time_specific_messages,2026-09-24T21:30:00Z,,,
DSREG-039,dsregcmd,Upgrade MDM enrollment from the registry when dsregcmd omits the MDM URLs,As a Windows admin I want an enrolled device recognised even though its dsregcmd output has no MDM URL.,"apply_enrollment_cross_reference only acts when the derived MDM state is unknown, and sets mdm_enrolled to true when an enrollment entry has EnrollmentState 1 whose GUID matches an EnterpriseMgmt scheduled task GUID case-insensitively; MDM Signals then reads Present/Partial instead of Unknown and the 'enrollment-missing-on-joined' warning is suppressed. Cross-referenced evidence is also listed in the 'mdm-confirmed-via-registry' finding.","dsregcmd Workspace > MDM Signals card, Triage Summary and Facts by Group > Enterprise Management Tasks",crates/cmtraceopen-parser/src/dsregcmd/extended.rs; crates/cmtraceopen-parser/src/dsregcmd/derive.rs; src-tauri/src/dsregcmd/registry.rs,windows,full,Extends DSREG-004; the scheduled-task GUIDs come from schtasks /query /TN \Microsoft\Windows\EnterpriseMgmt /FO LIST,pass,story,none,,rust_test: dsregcmd::rules::tests::mdm_confirmed_via_registry_diagnostic_fires_when_cross_referenced,2026-09-24T21:30:00Z,,,
ESP-001,esp,Import captured ESP evidence,"As an admin I import a folder, manifest.json, CAB, ZIP, or session JSON without starting live collection.","Import evidence folder / Import captured evidence. JSON that parses as a session is replayed. Live start/live/stopping blocks import. Unsupported path shows ESP Diagnostics accepts CMTrace evidence folders, manifest.json, CAB, or ZIP sources.",ESP header; workspace onOpenSource,src/workspaces/esp-diagnostics/index.ts; EspDiagnosticsWorkspace.tsx,all,full,e2e imports captured ZIP; rejects unsupported; live blocks open. | ESP cockpit shows Import evidence folder / Import captured evidence / Open session.,pass,retest,none,No confirmed defect in current verification.,existing_test,2026-08-18T19:17:47Z,pass,2026-09-24T21:30:00Z,No confirmed defect or remediation required; current behavior retained.
ESP-002,esp,Open or export a redacted ESP session,As an admin I hand off or replay a session capture.,Open session loads parseEspSessionCapture. Export session (disabled without snapshot) writes redacted JSON via export_esp_session.,Header Open session / Export session,src/workspaces/esp-diagnostics/EspDiagnosticsWorkspace.tsx,all,full,session capture parse/serialize.,pass,retest,none,No confirmed defect in current verification.,existing_test,2026-08-18T19:17:47Z,pass,2026-09-24T21:30:00Z,No confirmed defect or remediation required; current behavior retained.
ESP-003,esp,Start and stop live ESP collection,As a Windows admin I collect live ESP evidence from this device.,Start live diagnostics disabled off Windows or while analyzing/starting/stopping. Polls getEspDiagnosticsSession while starting. Stop calls stopEspDiagnosticsSession. Empty copy: Live acquisition requires Windows.,Header Start/Stop,src/workspaces/esp-diagnostics/EspDiagnosticsWorkspace.tsx,windows live; import all,full,e2e start/stop live session via typed IPC. | ESP cockpit shows Start live diagnostics on empty state.,partial,retest,coverage,Native platform behavior is unavailable on this macOS host; automated coverage is contract/component-level.,existing_test,2026-08-18T19:17:47Z,partial,2026-09-24T21:30:00Z,No confirmed defect or remediation required; current behavior retained.
ESP-004,esp,Live evidence dock,"As an admin I open, resize, or hide live evidence without leaving the cockpit.","Toolbar Open/Hide live logs with state dot, count, unread. Dock collapsed/docked/full; resize 180-720px or 70%; Escape collapses; collection continues when hidden.",EspToolbarAction; LiveEvidenceDock,src/workspaces/esp-diagnostics/EspToolbarAction.tsx; LiveEvidenceDock.tsx,all,full,Live dock open/hide/resize/Esc/unread (component + e2e).,pass,retest,none,No confirmed defect in current verification.,existing_test,2026-08-18T19:17:47Z,pass,2026-09-24T21:30:00Z,No confirmed defect or remediation required; current behavior retained.
ESP-005,esp,ESP elevation banner,As an admin I know when protected sources are missing because the process is not elevated.,"Windows probe getEspElevationState. Header Administrator Elevated/Standard/Unknown. Banner lists restrictedSources and Restart as administrator (coverageRecommended, workspace esp-diagnostics) or manual relaunch if !restartSupported.",ElevationBanner; header metric,src/workspaces/esp-diagnostics/ElevationBanner.tsx,windows,full,Elevation banner + restart (component + e2e).,partial,retest,coverage,Native platform behavior is unavailable on this macOS host; automated coverage is contract/component-level.,existing_test,2026-08-18T19:17:47Z,partial,2026-09-24T21:30:00Z,No confirmed defect or remediation required; current behavior retained.
ESP-006,esp,ESP findings and current task,As an admin I start from blockers and open cited evidence.,ActionCenter: EspNowStatus current task; findings sorted blocker>error>warning>info then confidence; recommended read-only checks; evidence and coverage-gap links.,Action center,src/workspaces/esp-diagnostics/ActionCenter.tsx; EspNowStatus.tsx,all,full,current task + finding drill e2e.,pass,retest,none,No confirmed defect in current verification.,existing_test,2026-08-18T19:17:47Z,pass,2026-09-24T21:30:00Z,No confirmed defect or remediation required; current behavior retained.
ESP-007,esp,Force ESP past a failed app,As an elevated Windows admin on a live session I flip a failed app's ESP tracking state.,"Shown only windows && !replay && failedEspApps.length>0. Disabled unless elevated. Confirm writes InstallationState=Installed (3), keeps backup; Restore calls esp_restore_app_state. Does not install the app. Hidden on replay.",EspActions,src/workspaces/esp-diagnostics/EspActions.tsx,windows,full,Force-past-ESP confirm/restore (EspActions tests).,partial,retest,coverage,Native platform behavior is unavailable on this macOS host; automated coverage is contract/component-level.,existing_test,2026-08-18T19:17:47Z,partial,2026-09-24T21:30:00Z,No confirmed defect or remediation required; current behavior retained.
ESP-008,esp,MSIEXEC correlation,As an admin I see installer PIDs and correlation confidence.,"MsiexecStatus rows: process, workload, exact/strong/temporal/uncorrelated, product code, evidence links. Labels zero, one, or many processes.",Beside Action Center,src/workspaces/esp-diagnostics/MsiexecStatus.tsx,all,full,MSIEXEC exact/ambiguous/zero rows (e2e).,pass,retest,none,No confirmed defect in current verification.,existing_test,2026-08-18T19:17:47Z,pass,2026-09-24T21:30:00Z,No confirmed defect or remediation required; current behavior retained.
ESP-009,esp,Enrollment session selector,As an admin I filter workloads to one enrollment session.,Default latest sessions. Dropdown Latest · scope · start · id. Show all sessions checkbox. Search name/id/status/code. Status chips All/Failed/Running/Installed/Queued. Pages of 80.,EspWorkloadTable,src/workspaces/esp-diagnostics/EspWorkloadTable.tsx,all,full,workload status chips + search.,pass,retest,none,No confirmed defect in current verification.,existing_test,2026-08-18T19:17:47Z,pass,2026-09-24T21:30:00Z,No confirmed defect or remediation required; current behavior retained.
ESP-010,esp,Graph enrichment panel,As an admin I refresh read-only Graph data without replacing local evidence.,Off if !graphApiEnabled. Does not open sign-in. Refresh disabled unless connected. Cancel while loading. Ambiguous deviceMatch requires Use device. Sections fail independently with Available/Not found/Permission denied/Failed/Skipped/Cancelled. Replay keeps captured overlay and does not auto-fetch.,Graph section,src/workspaces/esp-diagnostics/GraphEnrichmentPanel.tsx,all (WAM typically Windows),full,Graph enrichment independent section states (e2e).,partial,retest,coverage,Native platform behavior is unavailable on this macOS host; automated coverage is contract/component-level.,existing_test,2026-08-18T19:17:47Z,partial,2026-09-24T21:30:00Z,No confirmed defect or remediation required; current behavior retained.
ESP-011,esp,ESP phase progress,As an admin I see which ESP stage is current or failed.,Classic: Device preparation / Device setup / Account setup. Device Preparation V2: Agent bootstrap / Policy + scripts / Applications + certificates / Completion. States Complete/Current/Pending/Failed/Unknown.,Phases panel,src/workspaces/esp-diagnostics/EspPhaseProgress.tsx,all,full,Classic and Device Preparation phases (e2e).,pass,retest,none,No confirmed defect in current verification.,existing_test,2026-08-18T19:17:47Z,pass,2026-09-24T21:30:00Z,No confirmed defect or remediation required; current behavior retained.
ESP-012,esp,ESP live activity timeline,As an admin I scan independent live activity.,"Newest-first, 80-row Newer/Older window, Graph name rewrite, evidence links. Empty: No timeline occurrences observed yet.",Timeline panel,src/workspaces/esp-diagnostics/LiveActivity.tsx,all,full,live activity newest-first + Graph names.,pass,retest,none,No confirmed defect in current verification.,existing_test,2026-08-18T19:17:47Z,pass,2026-09-24T21:30:00Z,No confirmed defect or remediation required; current behavior retained.
ESP-013,esp,ESP evidence coverage and masking,"As an admin I see missing/denied/parse-failed sources as coverage, not success.",Collapsible families with source-state badges. Reveal sensitive values / Mask; restricted values never revealed. Findings navigate into the matching item.,Evidence section,src/workspaces/esp-diagnostics/EvidenceSections.tsx,all,full,Coverage families + mask/reveal (e2e + view-model).,pass,retest,none,No confirmed defect in current verification.,existing_test,2026-08-18T19:17:47Z,pass,2026-09-24T21:30:00Z,No confirmed defect or remediation required; current behavior retained.
ESP-014,esp,ESP section nav and header metrics,"As an admin I jump between cockpit sections and see scenario, phase, elapsed, coverage.","Header: Scenario, ESP phase, Elapsed, Local coverage, Local state, Graph, Administrator. EspSectionNav anchors when a snapshot exists.",EspWorkspaceHeader; EspSectionNav,src/workspaces/esp-diagnostics/EspWorkspaceHeader.tsx; EspSectionNav.tsx,all,full,Header metrics + section nav (e2e).,pass,retest,none,No confirmed defect in current verification.,existing_test,2026-08-18T19:17:47Z,pass,2026-09-24T21:30:00Z,No confirmed defect or remediation required; current behavior retained.
ESP-015,esp,Probe ESP acquisition capability,As a desktop engineer I want to ask the backend what ESP diagnostics can do on this machine so that I can gate offline analysis and live collection correctly.,"get_esp_diagnostics_capability returns EspAcquisitionCapability with offlineAnalysisSupported always true and liveAcquisitionSupported true only on Windows; off Windows it also fills liveAcquisitionDetail with ""Live ESP evidence acquisition is only supported on Windows"", and on Windows that detail is null.",IPC get_esp_diagnostics_capability (registered under cargo feature esp-diagnostics),src-tauri/src/commands/esp_diagnostics.rs;src-tauri/src/esp/mod.rs,all (live support windows-only),full,Registered command with no frontend caller today - the workspace gates live start on currentPlatform === 'windows' instead. Lite omits the ESP workspace entirely (bucket/cmtrace-lite.json).,pass,story,none,,rust_test: commands::esp_diagnostics::tests::capability_command_reports_portable_offline_and_platform_live_support,2026-09-24T21:30:00Z,,,
ESP-016,esp,Guard evidence imports against live sessions and unknown paths,As a Windows admin I want the importer to refuse input it cannot analyse so that I never get a silently empty analysis.,"Import is refused with ""Stop live diagnostics before importing captured evidence."" while a session id is set or the phase is starting/live/stopping (both Import buttons are also disabled); an unknown path type that is not manifest.json/*.cab/*.zip raises ""Unable to identify ESP evidence source '<path>'.""; a selected unsupported file instead raises ""ESP Diagnostics accepts CMTrace evidence folders, manifest.json, CAB, or ZIP sources."" and the workspace surfaces it as an error without discarding the action surface. Extension matching is locale-independent case folding.",Toolbar > Import evidence folder / Import captured evidence; app open-path flow; workspace action labels 'Import captured evidence...' / 'Import evidence folder...',src/workspaces/esp-diagnostics/index.ts;src/workspaces/esp-diagnostics/EspDiagnosticsWorkspace.tsx,all,full,"Extends ESP-001, which records the accepted source list; this row adds the exact live-conflict and unknown-path rejections and the disabled-while-live buttons.",pass,story,none,,component_test: keeps an active live session under explicit stop control,2026-09-24T21:30:00Z,,,
ESP-017,esp,Restart as administrator and land back in ESP Diagnostics,As a non-elevated admin I want the relaunch to reopen the ESP workspace so that I do not have to navigate back and re-collect after the UAC prompt.,"Restart as administrator routes through the shared coordinator as restart_esp_as_administrator (coverageRecommended, workspace esp-diagnostics, workspace restore), and the relaunched process reopens ESP Diagnostics because startup accepts --workspace esp-diagnostics, --workspace=esp-diagnostics and the legacy --esp-diagnostics alias while still treating other values as file paths; the compat command projects RelaunchResult into EspRelaunchResult and maps an unsafe startup ticket to unsafeArgument and anything else to launchFailed with the real message.",Elevation banner > Restart as administrator; IPC restart_esp_as_administrator; startup arguments --workspace esp-diagnostics / --esp-diagnostics,src-tauri/src/commands/esp_diagnostics.rs;src-tauri/src/lib.rs;src/workspaces/esp-diagnostics/ElevationBanner.tsx,windows (argument parsing all),full,Extends ESP-005 with the relaunch/restore half; the ESP-specific ShellExecute implementation was removed so there is one relaunch owner.,pass,story,none,,rust_test: tests::esp_workspace_equals_argument_routes_without_becoming_a_file_path,2026-09-24T21:30:00Z,,,
ESP-018,esp,Probe the process elevation state,As an admin I want an authoritative elevation reading so that coverage advice does not depend on a collection that may have stalled.,"get_esp_elevation_state returns isElevated/restartSupported/restrictedSources from the live probe (restrictedSources empty at probe time); a probe error yields isElevated=false with restartSupported true except for an unsupported platform, which yields restartSupported=false; when the probe call fails or returns an invalid payload the frontend substitutes the not-elevated / restart-supported fallback so administrator guidance is still offered.",IPC get_esp_elevation_state; ESP workspace mount (Windows only),src-tauri/src/commands/esp_diagnostics.rs;src-tauri/src/esp/system.rs;src/workspaces/esp-diagnostics/EspDiagnosticsWorkspace.tsx,windows (fallback rendering all),full,Extends ESP-005 with the error/fallback states.,pass,story,none,,component_test: fails safely toward admin guidance when the entry probe is unavailable,2026-09-24T21:30:00Z,,,
ESP-019,esp,Merge probe and snapshot elevation facts,As an admin I want elevation reported as elevated when either source confirms it so that a stalled session cannot hide the administrator recommendation.,"The workspace computes isElevated as probe OR snapshot, restartSupported as probe then snapshot then true, and prefers the snapshot restrictedSources when collected; the header Administrator metric and the status bar show Elevated / Standard user (or Elevation unknown before any source exists), and the banner disappears once elevated.",ESP workspace header metric 'Administrator'; status bar elevation label,src/workspaces/esp-diagnostics/EspDiagnosticsWorkspace.tsx;src/workspaces/esp-diagnostics/EspStatusBarContent.tsx;src/workspaces/esp-diagnostics/EspWorkspaceHeader.tsx,all,full,Extends ESP-005/ESP-014.,pass,story,none,,component_test: trusts the standalone elevation probe when a stalled snapshot still reports not elevated,2026-09-24T21:30:00Z,,,
ESP-020,esp,Recommend administrator access only when coverage is at risk,As a non-elevated admin I want to know exactly which protected sources are missing so that I can judge whether a relaunch is worth it.,"The yellow banner renders only when not elevated and states ""Administrator access recommended - Coverage impact: N restricted evidence sources are unavailable:"" (""1 restricted evidence source is"" for one) or ""Protected evidence coverage may still be incomplete."" with none, then lists each restricted source string; when restartSupported is false it adds 'Close CMTrace Open and relaunch it explicitly as administrator.' and hides the relaunch button; when elevated the banner is absent.","ESP workspace elevation banner (role=region, aria-label 'Administrator coverage recommendation')",src/workspaces/esp-diagnostics/ElevationBanner.tsx,all,full,"Extends ESP-005 with the coverage-impact wording, singular/plural handling and the zero-restricted-source path.",pass,story,none,,"component_test: lists exact restricted evidence, states the numeric coverage impact, and invokes explicit relaunch",2026-09-24T21:30:00Z,,,
ESP-021,esp,Report administrator-restart outcomes truthfully,"As an admin I want the banner to distinguish requested, in-progress, cancelled and failed relaunches so that I do not retry something that is already running.","After Restart as administrator the aria-live line reads 'Administrator restart requested.', 'An administrator restart is already in progress.' for busy, 'Administrator restart was cancelled; coverage remains partial.' for cancelled, and for failed/unsupported describeElevationOutcome plus 'Coverage remains partial.'; alreadyElevated returns the banner to idle; the button is disabled only while requesting/requested (deliberately not on busy, so a request raised elsewhere cannot strand the user) and a coordinator contract break is caught, logged to the console and reported as failed rather than leaving it stuck on requesting.",Elevation banner > Restart as administrator,src/workspaces/esp-diagnostics/ElevationBanner.tsx,all,full,Extends ESP-005.,partial,story,coverage,component_test src/workspaces/esp-diagnostics/ElevationBanner.test.tsx (describe 'ElevationBanner restart outcomes'),component_test: ElevationBanner restart outcomes reports an in-flight restart as in progress rather than a failure,2026-09-24T21:30:00Z,,,
ESP-022,esp,Start live diagnostics and follow it out of Starting,As a Windows admin I want one click to begin collecting live ESP evidence so that the cockpit fills in without further setup.,"Start live diagnostics creates a fresh UUID request id, calls start_esp_diagnostics_session, applies the returned envelope as an initialSnapshot update and, while the state is still starting, polls get_esp_diagnostics_session every 100 ms until the session leaves starting or this request/session no longer owns the Starting state; the control then becomes Stop live diagnostics. The button is disabled off Windows and while analyzing/starting/stopping, a failed start shows the error alert, and no session is ever resumed that the workspace does not own.",ESP workspace > Start live diagnostics (Play icon); empty-state copy 'Live acquisition requires Windows.' / 'Windows live acquisition is read-only.',src/workspaces/esp-diagnostics/EspDiagnosticsWorkspace.tsx;src/lib/commands.ts;src-tauri/src/esp/session.rs,windows (disabled path all),full,Extends ESP-003 with the starting-owner poll and the ownership rule; session updates also arrive on the esp-diagnostics-session-update event and are dropped unless isEspSessionUpdate passes.,pass,story,none,,component_test: polls a starting session until live when the initial event was missed,2026-09-24T21:30:00Z,,,
ESP-023,esp,Reject invalid or duplicate live session starts,As an integration caller I want typed start failures so that I can tell a bad request from an already-running session.,"start_esp_diagnostics_session returns 'ESP diagnostics request ID must be a UUID' for a non-UUID request id, 'live ESP diagnostics are only supported on Windows' when live support is absent, and 'an ESP diagnostics session is already active: <existing id>' while a session is running; the successful envelope carries sessionId, requestId, sequence 0, state starting and the initial snapshot, and a worker that cannot be spawned yields the worker error after clearing the reservation.",IPC start_esp_diagnostics_session,src-tauri/src/esp/session.rs;src-tauri/src/commands/esp_diagnostics.rs,windows (unsupported error all),full,Companion get_esp_diagnostics_session rejects a non-UUID session id and returns 'ESP diagnostics session was not found' for an unknown or superseded one.,pass,story,none,,rust_test: session_validates_ids_and_reports_typed_unsupported_platform,2026-09-24T21:30:00Z,,,
ESP-024,esp,"Keep one live owner with debounced, monotonic updates",As an admin I want one live collection that updates steadily so that the cockpit never flickers or goes backwards.,"A single session owns acquisition; evidence changes are debounced by 250 ms, discovery refreshes every 2 s while live, and every esp-diagnostics-session-update carries a strictly increasing sequence so an older or duplicate sequence is ignored by the store. A refresh that partially loses sources keeps those partial coverage entries instead of clearing them, and tail-only updates use the post-poll UTC time without disturbing the monotonic debounce.",esp-diagnostics-session-update event; workspace live phase,src-tauri/src/esp/session.rs;src-tauri/src/esp/discovery.rs;src/workspaces/esp-diagnostics/use-esp-session-updates.ts;src/workspaces/esp-diagnostics/esp-diagnostics-store.ts,windows,full,The frontend additionally rejects a same-session update from a different request id and accepts sequence 0 exactly once as the initial update.,pass,story,none,,component_test: accepts sequence zero exactly once as the initial live update,2026-09-24T21:30:00Z,,,
ESP-025,esp,Stop live diagnostics,As a Windows admin I want to stop collection and keep the evidence already gathered so that I can hand the session off.,"Stop live diagnostics is disabled while the phase is stopping, cancels and joins the worker, then the store clears the native session id so the phase becomes ready when a snapshot exists (idle otherwise) and the Start button returns; stopping a session the manager no longer owns returns 'ESP diagnostics session was not found'; the retained snapshot, findings and evidence stay on screen.",ESP workspace > Stop live diagnostics (Stop icon),src/workspaces/esp-diagnostics/EspDiagnosticsWorkspace.tsx;src/workspaces/esp-diagnostics/esp-diagnostics-store.ts;src-tauri/src/esp/session.rs,windows,full,Extends ESP-003; a late live update arriving during stopping cannot move the phase back to live.,pass,story,none,,rust_test: session_concurrent_stop_callers_never_observe_a_live_post_join_envelope,2026-09-24T21:30:00Z,,,
ESP-026,esp,Expire a live session after eight hours,As an admin I want a bounded collection window so that a forgotten session cannot run forever.,"A session exceeding MAX_SESSION_DURATION (8 h) publishes state expired with reason expired, the store clears the native session id, the cockpit shows the retained snapshot as ready ('Analysis ready' / 'Captured'), and a new session can be started afterwards because the expired owner no longer blocks start.",ESP workspace after an 8-hour live session,src-tauri/src/esp/session.rs;src-tauri/src/esp/discovery.rs;src/workspaces/esp-diagnostics/esp-diagnostics-store.ts,windows,full,Extends ESP-003 with the expiry terminal state.,pass,story,none,,component_test: clears the native session identity when live collection expires,2026-09-24T21:30:00Z,,,
ESP-027,esp,Surface a failed live session as a terminal error,As an admin I want a crashed collector reported as an error so that I stop waiting and can retry.,"A worker panic or worker error publishes state error (wire value 'error') with reason error; the store sets phase error with 'The live ESP session failed.', the workspace renders a red role=alert, the session id is cleared, and a later request recovers from the error state.",ESP workspace error alert after a live session fails,src-tauri/src/esp/session.rs;src/workspaces/esp-diagnostics/esp-diagnostics-store.ts;src/workspaces/esp-diagnostics/EspDiagnosticsWorkspace.tsx,windows,full,Wire values are pinned by src-tauri/src/esp/session.rs::tests::failed_session_wire_values_match_the_frontend_error_contract.,pass,story,none,,component_test: clears the native session identity when the worker reports an error,2026-09-24T21:30:00Z,,,
ESP-028,esp,Discover bounded ESP-phase log sources,As a support engineer I want live collection to find the ESP-phase logs without scanning the whole disk so that acquisition stays fast and predictable.,"The candidate set comes from the embedded collection families (intune-ime, configmgr, msi, panther, setup, windows-update, wpm) plus the curated Windows deployment sources; per stem only the current file and at most three newest rotations are kept, temp roots are the four fixed categories scanned non-recursively with at most the 128 newest entries inspected and a 30-minute lookback, entry probing is capped at 512 per root and 4096 per temp root, and there is no arbitrary-root or deep-scan mode reachable from IPC.",Live session discovery pass (Windows); discovery coverage surfaced through the ESP evidence families,src-tauri/src/esp/discovery.rs,windows (testable all with injected fixtures),full,Embedded profile paths stay the source of truth; discovery does not keep a second catalog.,pass,story,none,,rust_test: discovery_uses_embedded_known_source_families_and_fixed_limits,2026-09-24T21:30:00Z,,,
ESP-029,esp,Report unreadable or unsafe log paths as coverage,As a support engineer I want missing or denied log paths reported instead of skipped so that an empty cockpit is never mistaken for a healthy one.,"Missing, permission-denied, failed and reparse-rejected known roots and temp roots produce DiscoveryPathFailure entries and root coverage carrying the source id and family (""missing root ... "", ""... rejected symlink entry""), the failure list is capped at 256 with truncation flagged, and candidates that are symlinks, reparse points, or resolve outside an allowed root are rejected with a typed containment failure before any read.",Live session discovery coverage; ESP evidence 'Source coverage' family,src-tauri/src/esp/discovery.rs;src-tauri/src/esp/live_session.rs,windows (testable all with injected fixtures),full,None of these failures fall through to an implicit full scan.,pass,story,none,,rust_test: known_discovery_reports_missing_root_coverage_with_source_identity,2026-09-24T21:30:00Z,,,
ESP-030,esp,Tail ESP-phase logs with bounded reads and reset detection,As an admin I want live logs tailed safely so that an actively written installer log is followed without unbounded memory or missed restarts.,"Each source is attached once with priority current IME then active installer log then rotations then temp logs, under a 16-active-tail cap with deterministic eviction of a lower-priority tail and a bounded dormant-cursor cache where reattachment is an explicit Reattached reset; each poll compares the 64-byte consumed anchor so an in-place copytruncate is detected alongside Truncated and Rotated; the first attachment reads at most the final 8 MiB, an unterminated record is bounded to 8 MiB instead of being emitted, missing/denied/replaced files raise typed failures, and Windows opens request read/write/delete sharing.",Live session tail polling; live evidence dock rows,src-tauri/src/esp/tailing.rs;src-tauri/src/esp/discovery.rs;src-tauri/src/esp/session.rs,windows (reset/limit logic testable all),full,Tail session cap MAX_SESSION_TAIL_SOURCES is 512; failed higher-priority attachments do not consume the budget of an existing entry.,pass,story,none,,rust_test: tail_attaches_sources_once_and_enforces_priority_and_sixteen_tail_cap,2026-09-24T21:30:00Z,,,
ESP-031,esp,"Resize, expand, and close the live evidence dock accessibly",As an admin I want to size the live evidence dock by mouse or keyboard so that I can read logs without leaving the cockpit.,"The dock exposes a horizontal separator with aria-valuemin 180, aria-valuemax min(720, 70% of the workspace) and aria-valuenow, resizes by pointer drag and by ArrowUp/ArrowDown (24 px), Home (180) and End (the max), stays clamped when the workspace shrinks, expands to full page with 'Expand live logs' and returns with 'Restore docked live logs', and Escape or the 'Close live logs' button collapses it while returning focus to the persistent toolbar trigger when the dock held focus.",Toolbar > Open live logs; dock separator (title 'Drag or use arrow keys to resize live logs'); dock header buttons,src/workspaces/esp-diagnostics/LiveEvidenceDock.tsx;src/workspaces/esp-diagnostics/esp-diagnostics-store.ts,all,full,"Extends ESP-004 with the keyboard path, ARIA range, parent-resize reclamp and focus return.",pass,story,none,,"component_test: starts collapsed, resizes accessibly, expands, restores, and collapses",2026-09-24T21:30:00Z,,,
ESP-032,esp,Count unread live evidence while the dock is collapsed,As an admin I want the closed dock to tell me how much new evidence arrived so that I know when to look.,"New or changed raw evidence increments the unread count only while the view mode is collapsed (records are compared by value, so a rotation that keeps the record count constant still counts); the count clears when the dock is opened or markEvidenceRead runs, the header badge reports '<N> evidence records, <M> unread' to assistive tech, and the toolbar trigger's accessible name is '<Open live logs|Hide live logs>, <status label>, N evidence records, M unread' with aria-pressed reflecting the open state.",Toolbar live-logs trigger; dock header evidence badge,src/workspaces/esp-diagnostics/esp-diagnostics-store.ts;src/workspaces/esp-diagnostics/EspToolbarAction.tsx;src/workspaces/esp-diagnostics/LiveEvidenceDock.tsx,all,full,Extends ESP-004.,pass,story,none,,component_test: counts replacement evidence as unread when rotation keeps the record count constant,2026-09-24T21:30:00Z,,,
ESP-033,esp,"Filter live evidence by text, source, and severity",As an admin I want to narrow the live log to a source or to problems so that I can read a noisy ESP phase quickly.,"The dock provides a 'Filter messages' search over timestamp/source/component/message, a 'Filter live evidence by source' selector listing only sources present (default 'All sources', reconciled back to all when the filtered source disappears), and an 'Errors and warnings' toggle that hides info rows; the counter shows '<filtered> / <total>' and rows are virtualized with a sticky header and absolute one-based aria-rowindex values.",Live evidence dock > filter bar,src/workspaces/esp-diagnostics/LiveEvidenceTable.tsx,all,full,"Row severity comes from access state, parse state, the linked timeline status and message keywords (error/warn/timeout/reboot required).",pass,story,none,,"component_test: virtualizes columns, filters sources/text/severity, and exposes provenance",2026-09-24T21:30:00Z,,,
ESP-034,esp,Follow new evidence or pause the view,As an admin I want the log to follow the tail but let me freeze it so that reading an old row is not interrupted.,"The table follows the newest row while the scroller is within 48 px of the bottom; scrolling away pauses visual follow (showing 'Resume follow') without pausing collection, an explicit 'Pause follow' stays latched even when back at the bottom, 'Resume follow' jumps to the last row, and a selected record survives new arrivals while a row that disappears from the snapshot clears the selection.",Live evidence dock > 'Pause follow' / 'Resume follow',src/workspaces/esp-diagnostics/LiveEvidenceTable.tsx,all,full,Collection continues when the dock is hidden; follow is purely visual.,pass,story,none,,component_test: pauses visual follow away from the bottom without pausing collection,2026-09-24T21:30:00Z,,,
ESP-035,esp,Inspect full provenance of a live evidence row,"As a support engineer I want the origin of each live record so that I can cite the exact file, registry value, or event.","Selecting a row (click, Enter, or Space) opens a 'Raw evidence provenance' pane naming the record id, source kind, file path (or 'No file path'), line number, record number, hive\key · valueName, channel · Event id · Record id and Parse/Access/Sensitivity; 'Sensitivity sensitive|restricted' values render as 'Sensitive value - masked' while public log text stays verbatim and the linked timeline context is still resolved.",Live evidence dock > click a row,src/workspaces/esp-diagnostics/LiveEvidenceTable.tsx,all,full,Masking in the dock always uses revealSensitive=false regardless of the evidence sections toggle.,pass,story,none,,"component_test: virtualizes columns, filters sources/text/severity, and exposes provenance",2026-09-24T21:30:00Z,,,
ESP-036,esp,Show source-reset boundaries in live evidence,As an admin I want rotation or truncation of a log called out explicitly so that I never mistake a reset for a gap in coverage.,"A sourceReset session update inserts a distinct boundary row (component 'Source reset', severity info, source 'Exact source unknown', message 'Source reset boundary observed; exact source unavailable') whose pane lists each Added/Removed/Changed delta with previous and incoming source plus file path, says 'No raw-record changes were observed in this reset update' for a zero-delta reset, reports '<N> additional observed deltas omitted' past 32, and participates in source filtering through every observed source; marker history is bounded to the last 64 and cleared for each new local run.",Live evidence dock after a log rotation/truncation during a live session,src/workspaces/esp-diagnostics/LiveEvidenceTable.tsx;src/workspaces/esp-diagnostics/esp-diagnostics-store.ts,all,full,Attribution is deliberately 'unknown': the deltas do not identify the reset source.,pass,story,none,,component_test: renders a real source-reset update as a distinct stable boundary row,2026-09-24T21:30:00Z,,,
ESP-037,esp,Analyze a captured ESP evidence bundle,"As an admin I want to reduce a captured folder, manifest.json, ZIP or CAB into the cockpit so that I can diagnose a device I cannot touch.","analyze_esp_evidence reduces the path off the UI thread into an EspDiagnosticsSnapshot; a non-UUID request id fails with 'ESP diagnostics request ID must be a UUID', a missing path with 'captured evidence source was not found: <path>', an unsupported path with 'unsupported captured evidence source: <path>' and extraction failure with 'captured archive extraction failed: <message>'; a directory or archive with no manifest falls back to the legacy known JSON basenames, manifest identity and family drive nested intake, and repeated paths are de-duplicated before parsing.",Toolbar > Import evidence folder / Import captured evidence; IPC analyze_esp_evidence,src-tauri/src/esp/bundle.rs;src-tauri/src/commands/esp_diagnostics.rs;src/workspaces/esp-diagnostics/index.ts,all,full,Extends ESP-001 with the typed error surface and legacy fallback.,pass,story,none,,rust_test: bundle_manifest_identity_and_family_drive_nested_sparse_intake,2026-09-24T21:30:00Z,,,
ESP-038,esp,Report manifest and intake problems as coverage gaps,As an admin I want an incomplete bundle to say what was missing so that a thin analysis is explainable.,"A missing manifest.json is recorded as bundle.manifest missing with legacy resolution, a manifest that exists but fails to parse is recorded as bundle.manifest parseFailed (never an implicit legacy scan), artifacts the manifest marks as not collected, unsafe root-relative paths and types outside the allowlist each become coverage entries with a detail, and reaching MAX_BUNDLE_TOTAL_RECORDS stops intake with a limit coverage entry that still reports pending EVTX as not inspected.",Imported bundle evidence 'Source coverage' family and header 'Local coverage',src-tauri/src/esp/bundle.rs,all,full,Coverage reconciliation prefers an available entry over a missing one for the same artifact.,pass,story,none,,rust_test: bundle_manifest_reports_missing_and_malformed_artifacts_without_fallback,2026-09-24T21:30:00Z,,,
ESP-039,esp,"Extract ZIP/CAB evidence under bounded, path-safe rules",As a security-conscious admin I want archive extraction to refuse hostile or oversized archives so that importing third-party evidence cannot escape the temp directory.,"Traversal, absolute, drive, UNC, mixed-separator, device-name, duplicate and symlink/other non-file members are rejected, only allowlisted evidence extensions are extracted, entry count over 512, per-file over 256 MiB, total over 1 GiB and CAB decode amplification are refused with typed errors (including uninterruptible CAB pre-seek work), cancellation is responsive and reports 'captured archive extraction was cancelled', and every extracted file is deleted with its unique temporary directory on success, failure or panic.",Import captured evidence with a .zip or .cab,src-tauri/src/esp/archive.rs,all,full,Registry .reg exports inside an archive are parsed as text; no live hive is ever opened.,pass,story,none,,rust_test: archive_rejects_absolute_parent_drive_unc_and_mixed_separator_escapes,2026-09-24T21:30:00Z,,,
ESP-040,esp,Derive severity and confidence findings that always cite evidence,"As an analyst I want each finding to state its severity, confidence and a citation so that I can trust and verify it.","The rules produce failed-blocking-app (blocker/high, including when blocking is unknown but not when explicitly false), stalled workload (error/high), ESP timeout (blocker/high), failed registration or Offline Domain Join (error/high, including ODJ connectivity and timeout states), unprocessed policy and certificate (warning/high), ambiguous installer (warning/medium), local-vs-Graph terminal conflict (warning/high), malformed source (warning/high) and successful completion (info/high); a rule with neither an evidence reference nor a coverage-gap id emits nothing, so no finding is ever unpinned and installation failures are not misreported as join failures.",Action center findings; snapshot.findings,crates/cmtraceopen-parser/src/esp/rules.rs,all,full,Findings are re-derived when a Graph overlay is attached via attach_graph_overlay.,pass,story,none,,rust_test: findings_failed_blocking_app_and_stalled_install_are_evidence_backed,2026-09-24T21:30:00Z,,,
ESP-041,esp,Report non-elevated evidence loss as a finding,As a non-elevated admin I want a finding that names the protected sources I lost so that I know what a relaunch would recover.,"When snapshot.elevation.isElevated is false, every permissionDenied coverage entry plus every restrictedSources id becomes the warning finding non-elevated-coverage-loss ('Non-elevated access is hiding diagnostic evidence', high confidence) whose coverage-gap ids name those sources and whose check says to review the gaps then relaunch as administrator; no such finding is emitted when elevated or when nothing was denied.",Action center findings on a non-elevated session,crates/cmtraceopen-parser/src/esp/rules.rs,all,full,Complements the elevation banner (ESP-005) from the evidence side.,pass,story,none,,rust_test: findings_coverage_ambiguity_and_malformed_source_are_never_unpinned,2026-09-24T21:30:00Z,,,
ESP-042,esp,"Confirm success only with complete, covered evidence",As an admin I want a positive finding only when everything truly finished so that a green summary cannot hide a gap.,"The info finding 'ESP completed successfully' is emitted only when the snapshot phase is completed, every latest session is completed with a non-empty declared workload list, each declared workload is present in that session in a successful terminal status, and every supporting source artifact resolves to available coverage (all matching entries available); unrelated optional coverage gaps do not block it, while a missing workload, a duplicate from a non-latest session, or non-available coverage does.",Action center findings after a completed ESP,crates/cmtraceopen-parser/src/esp/rules.rs,all,full,The rule requires at least one evidence reference and a non-empty supporting source set.,pass,story,none,,rust_test: findings_completed_session_emits_only_evidence_backed_info,2026-09-24T21:30:00Z,,,
ESP-043,esp,"Order, count, and empty-state the Action Center findings",As an analyst I want the worst findings first with counts so that I start in the right place.,"Findings render sorted by severity (blocker > error > warning > info) then confidence (high > medium > low) then finding id, each with a severity icon and colour, '<Severity> - <Confidence> confidence', the finding id, a title and summary with workload GUID identifiers replaced by Graph names, an optional 'Recommended read-only checks' list, and per-item evidence links plus 'Coverage gap - <id>' links; the header shows '<blockers+errors> primary - <total> total' with a red accent when any blocker/error exists, and with no findings it shows 'No actionable findings in the current evidence window.' and offers no remediation controls.",ESP workspace > Action center,src/workspaces/esp-diagnostics/ActionCenter.tsx;src/workspaces/esp-diagnostics/esp-graph-names.ts,all,full,"Extends ESP-006 with the ordering, the primary counting rule and the empty state.",pass,story,none,,"component_test: shows severity, confidence, recommended checks, provenance, and no remediation controls",2026-09-24T21:30:00Z,,,
ESP-044,esp,Navigate from a finding to canonical evidence or a coverage placeholder,As an analyst I want a finding's citation to open the exact evidence item so that I can verify the claim in one click.,"Clicking an evidence link or a coverage-gap link dispatches esp-evidence-navigation; EvidenceSections opens the owning family, switches to the page holding the target, scrolls it to centre and focuses it, resolving duplicate evidence ids to one canonical item (raw provenance ranked first) and a gap with no coverage record to the synthetic 'coverage-<id>' placeholder ('Referenced gap'); an id that resolves to nothing is ignored without changing the view.",Action center > evidence link or 'Coverage gap - <id>' link; workload and MSIEXEC evidence links,src/workspaces/esp-diagnostics/EvidenceSections.tsx;src/workspaces/esp-diagnostics/evidence-navigation.ts;src/workspaces/esp-diagnostics/esp-view-model.ts,all,full,Extends ESP-006/ESP-013 with canonical-target selection and focus behaviour.,pass,story,none,,component_test: navigates duplicate evidence references to one canonical raw target,2026-09-24T21:30:00Z,,,
ESP-045,esp,Show each evidence family's source state and unresolved references,As an admin I want every evidence family labelled with what the collector actually got so that absence is never read as success.,"All fourteen families (Identity and profile, OOBE flags, ESP configuration, Enrollment and sessions, Apps, Scripts, Policies, Certificates, Join and registration, Delivery Optimization, Hardware, NodeCache, Source coverage, Raw provenance) carry a state badge and note: 'Available' with 'N normalized records available.', 'Partial coverage' with '<n> normalized records available; partial source coverage: <family> - <detail>' when records coexist with a non-available source, 'No records' with 'No <noun> records were observed in the collected sources.', or the source status name with its detail; a finding referencing a gap with no coverage record adds a 'Referenced coverage gap' item and a partial section note counting gaps and reference-only evidence (evidence referenced but with no raw or normalized record).",ESP workspace > ESP evidence family summaries and bodies,src/workspaces/esp-diagnostics/esp-view-model.ts;src/workspaces/esp-diagnostics/EvidenceSections.tsx,all,full,"Extends ESP-013 with the exact per-state wording, partial-source phrasing and orphan-gap/reference-only placeholders.",pass,story,none,,"component_test: explains source-aware absence for empty, missing, and permission-denied sections",2026-09-24T21:30:00Z,,,
ESP-046,esp,"Surface retention, identity-limit, and unmeasured coverage explicitly",As an analyst I want capped collection declared in coverage so that conclusions drawn from retained evidence are qualified.,"When the reducer discards evidence it appends a coverage entry with status parseFailed and a detail naming the caps ('Retained evidence is capped at 25000 records and 33554432 serialized bytes; N older or oversized records ... were discarded. Derived conclusions use retained evidence only.'), and when bounded identity tracking rejects records it appends one counting source-limit, identity-limit and occurrence-overflow rejections against the 25000-source and 262144-identity maxima; the header 'Local coverage' metric reads 'N / M sources' or 'Not measured' when no coverage was collected.",ESP workspace > header 'Local coverage' metric; ESP evidence 'Source coverage' family,crates/cmtraceopen-parser/src/esp/reducer.rs;src/workspaces/esp-diagnostics/EspWorkspaceHeader.tsx,all,full,Extends ESP-014 with the coverage-metric unknown path and the reducer-generated gap records.,pass,story,none,,rust_test: reducer_retention_bounds_serialized_bytes_and_preserves_rare_profile_state,2026-09-24T21:30:00Z,,,
ESP-047,esp,Page through high-volume evidence families,As an admin I want large evidence families paged so that a huge raw record set does not freeze the cockpit.,"A family with more than 80 items shows 'Showing X-Y of Z records' with 'Previous records'/'Next records' buttons disabled at the ends, only the 80-item window is rendered, and a page index beyond the (possibly shrunken) item count clamps to the last page instead of showing an empty body.",ESP evidence family body > Previous records / Next records,src/workspaces/esp-diagnostics/EvidenceSections.tsx,all,full,Extends ESP-013 with the paging control.,pass,story,none,,component_test: bounds high-volume activity and raw-evidence DOM across live snapshot updates,2026-09-24T21:30:00Z,,,
ESP-048,esp,Reveal sensitive values without ever revealing restricted ones,As an admin I want to unmask sensitive evidence deliberately while restricted values stay sealed so that a screenshot cannot leak the most sensitive data.,"Sensitive fields render as 'Sensitive value - masked' until 'Reveal sensitive values' is pressed (the button then reads 'Mask sensitive values' and is aria-pressed); restricted values always render 'Restricted value - reveal unavailable' in both states and their copy stays unavailable, non-restricted fields render in monospace with the sensitivity colour, and the panel prints the disclosure policy 'Sensitive values are masked by default. Reveal applies only to this view and never reveals restricted values. Copy remains unavailable for restricted values.'.",ESP evidence header > Reveal sensitive values / Mask sensitive values,src/workspaces/esp-diagnostics/EvidenceSections.tsx;src/workspaces/esp-diagnostics/esp-view-model.ts,all,full,Extends ESP-013 with the two distinct masked strings and the toggle semantics.,pass,story,none,,component_test: keeps sensitive values masked by default and never reveals restricted values,2026-09-24T21:30:00Z,,,
ESP-049,esp,Lazily mount evidence bodies and label Graph names additively,"As an admin I want the evidence panel cheap until I open it and I want Graph names beside raw ids, not instead of them.","A family's item bodies are not mounted until its disclosure is opened ('Collapsible source detail - read-only' header) while the summary always shows the family name, description, state and item count; an item keeps 'Raw ID - <rawIdentifier>' visible and an available Graph name is added as a separate 'Microsoft Graph - <name>' line, so the raw identifier is never replaced by a friendly name.",ESP workspace > ESP evidence family summary toggle,src/workspaces/esp-diagnostics/EvidenceSections.tsx;src/workspaces/esp-diagnostics/esp-graph-names.ts,all,full,"Extends ESP-013/ESP-010; Graph names are only ever additive in evidence, workloads and findings.",pass,story,none,,component_test: does not mount evidence item bodies until their disclosure is opened,2026-09-24T21:30:00Z,,,
ESP-050,esp,Show Graph enrichment availability and control refresh/cancel,"As an admin I want to know whether Graph enrichment is off, unavailable or unconnected so that I never wait on a query that cannot run.","The panel header reads 'Optional - existing WAM connection - read-only' and one of 'Graph enrichment is off' (Graph disabled), 'Graph unavailable on this platform', 'GraphNotConnected' with 'Connect in Settings -> Graph API, then return here and refresh explicitly. This workspace never opens Windows sign-in or queues a request behind it.', 'Ready for explicit refresh', 'Graph query in progress', 'Enrichment complete', 'Partial enrichment', 'Graph query failed' (with the error text) or 'Graph query cancelled'; 'Refresh Graph data' is disabled unless connected and not loading, 'Cancel Graph query' appears only while loading, and a synchronous control failure (Cancel or device selection) is contained in a role=alert line under the state copy instead of breaking the panel.",ESP workspace > Microsoft Graph enrichment panel,src/workspaces/esp-diagnostics/GraphEnrichmentPanel.tsx;src/workspaces/esp-diagnostics/use-esp-session-updates.ts,all (live fetch windows),full,Extends ESP-010 with the exact state copy and the control-level error containment.,pass,story,none,,component_test: keeps disabled and connecting states local-only and requires an explicit refresh after connection,2026-09-24T21:30:00Z,,,
ESP-051,esp,"Show independent Graph section status, scope, and error detail",As an admin I want each Graph section to fail on its own terms so that one denial does not blank the rest of the enrichment.,"Each section card (Managed device, Autopilot identity, Deployment profile, Intended deployment profile, Profile assignments, Autopilot events, Enrollment Status Page configuration, Applications, Policies, Scripts) shows the requested scope or 'No additional scope requested', the API version ('Beta' badge for beta, the version for v1, 'Not requested' for notRequested), and a status label/icon/colour for Available / Not found / Permission denied / Failed / Skipped / Cancelled / 'Unknown - <status>'; on error it shows '<code> - <message>' plus ' - Blocked by <section>' and ' - Retry after <N> seconds' when present, and assignment lines render 'Declared targeting - <Intent> - <targetKind> - <targetId|target unavailable>' with the filter id when set.",ESP workspace > Microsoft Graph enrichment section cards,src/workspaces/esp-diagnostics/GraphEnrichmentPanel.tsx,all (live fetch windows),full,Extends ESP-010.,pass,story,none,,"component_test: shows independent partial, denied, offline, throttled, cancelled, and beta section states",2026-09-24T21:30:00Z,,,
ESP-052,esp,Require explicit device selection when Graph matching is ambiguous,As an admin I want to pick the right managed device when the match is ambiguous so that enrichment cannot silently describe the wrong device.,"With candidates but no selection the Managed device card shows 'Selection is required before dependent queries can continue' and one button per candidate labelled 'Select Graph device <managedDeviceId>' with 'Use device' (disabled while disconnected or loading); choosing one re-queries Graph with that managedDeviceId through the coordinator request, and the selected match then displays the device name, its id, and 'Match basis - <basis> - <Confidence> confidence'; a notFound match shows 'No managed device match' and a rejected explicit selection never falls back to local identity.",ESP workspace > Microsoft Graph enrichment > Managed device card,src/workspaces/esp-diagnostics/GraphEnrichmentPanel.tsx;src/workspaces/esp-diagnostics/use-esp-session-updates.ts,all (live fetch windows),full,Extends ESP-010; the explicit selection is normalized to a GUID before it enters the request.,pass,story,none,,component_test: requires explicit selection for ambiguous managed-device candidates,2026-09-24T21:30:00Z,,,
ESP-053,esp,Reject invalid Graph overlays and keep local evidence authoritative,As an admin I want a failed or unexpected Graph response to leave my local evidence untouched so that enrichment can never corrupt a diagnosis.,"An overlay failing isEspGraphOverlay, one whose requestId differs from the issued request, or a transport failure leaves local findings, workloads and raw ids intact while setting graphPhase error and showing 'Graph enrichment failed. Local evidence remains available; check the Graph connection and retry.'; a replayed capture never triggers a fetch, disabling Graph or losing the connection clears the overlay via setGraphUnavailable('graphDisabled'|'graphNotConnected'), and an identity change while a request is in flight invalidates it so the late overlay is discarded and the next local run restarts enrichment.",ESP workspace > Graph enrichment error alert; Graph pill in header/status bar,src/workspaces/esp-diagnostics/use-esp-session-updates.ts;src/workspaces/esp-diagnostics/esp-diagnostics-store.ts;src/workspaces/esp-diagnostics/EspDiagnosticsWorkspace.tsx,all (live fetch windows),full,"Extends ESP-010 with the malformed-data, mismatched-request, identity-change and offline-clearing paths.",pass,story,none,,component_test: keeps local IDs and evidence visible after a remote query error,2026-09-24T21:30:00Z,,,
ESP-054,esp,"Orchestrate ESP Graph reads with dependency skips, isolated denials, and bounded requests",As an Intune engineer I want Graph reads that degrade per section and stop on demand so that enrichment never stalls a live session.,"With no selected device every dependent section becomes skipped with blockedBy 'deviceMatch'; a permission denial or malformed success fails only its own section with a sanitized error while sibling sections keep their data; cancellation marks the affected section and its dependents Cancelled (the device section cancels all dependents); beta is used only to fill fields v1 lacks (a beta enrollment failure keeps the v1 configuration); referenced-object and page caps mark sections partial; the IPC layer refuses a fetch when Graph is not connected ('GraphNotConnected'), rejects invalid/duplicate/over-limit request ids ('InvalidGraphRequestId', 'GraphRequestAlreadyActive', 'GraphRequestLimitReached'), bounds concurrent operations to 32 with a 120-second overall deadline, cancels only the exact owned request id (equivalently-spelled UUIDs share one owner), and returns typed PlatformUnsupported 'GraphEspDiagnostics' for fetch and cancel off Windows.",IPC graph_fetch_esp_diagnostics / graph_cancel_esp_diagnostics,src-tauri/src/graph_api/esp.rs;src-tauri/src/commands/graph_api.rs;src-tauri/src/graph_api.rs,windows (unsupported error off Windows),full,Extends ESP-010 from the backend side; no interactive sign-in is ever opened by this path.,pass,story,none,,rust_test: esp_orchestration_tests::orchestration_ambiguous_weak_device_match_skips_all_dependent_sections,2026-09-24T21:30:00Z,,,
ESP-055,esp,Export a redacted ESP session capture,As an admin I want to hand a session to support as a single file so that they can replay it without device access.,"'Export session' is disabled until a snapshot exists, asks for a destination defaulting to esp-session-<timestamp>.json with the 'ESP session capture' filter, and calls export_esp_session with the displayed snapshot plus capturedAtUtc; the backend builds an EspSessionCapture (the frontend never serializes a snapshot) and writes it to a sibling '<dest>.<pid>.<nanos>.tmp' file renamed into place, removing the temp on failure so an existing capture is never truncated; serialize/write failures surface as 'the ESP session capture could not be serialized: <message>' / 'the ESP session capture could not be written: <message>' and the workspace reports 'Could not export the ESP session: <message>'.",ESP workspace > Export session; IPC export_esp_session,src/workspaces/esp-diagnostics/EspDiagnosticsWorkspace.tsx;src-tauri/src/commands/esp_diagnostics.rs;crates/cmtraceopen-parser/src/esp/export.rs,all,full,Extends ESP-002; the atomic temp-write/rename path has no automated test (static review only).,pass,story,none,,component_test: never writes a cleartext session through the generic file writer,2026-09-24T21:30:00Z,,,
ESP-056,esp,Validate a session capture file before opening it,As a support engineer I want clear rejections for unreadable captures so that a schema drift is obvious.,"Opening a .json runs parseEspSessionCapture: a capture envelope's snapshot is revalidated with the same wire guard as live updates; a version above 1 is rejected with 'This capture is version <N>, newer than this build understands (1). Update CMTrace Open to open it.', a malformed snapshot with ""This capture's snapshot is malformed or from an incompatible schema."", invalid JSON with 'That file is not valid JSON.', anything else with 'That file is not an ESP session capture or diagnostics snapshot.', and an unreadable file with 'Could not read <path>: <error>'; a bare snapshot without an envelope loads as a replay, and a .json that fails capture parsing is retried as a bundle by the importer.",ESP workspace > Open session; Import captured evidence with a .json,src/workspaces/esp-diagnostics/esp-session-capture.ts;src/workspaces/esp-diagnostics/EspDiagnosticsWorkspace.tsx;src/workspaces/esp-diagnostics/esp-wire-validation.ts,all,full,Extends ESP-002 with the four rejection messages and the bare-snapshot acceptance.,pass,story,none,,component_test: rejects non-JSON input,2026-09-24T21:30:00Z,,,
ESP-057,esp,Render a replayed capture as captured and inert,As a support engineer I want a replayed session clearly marked as captured and unable to touch my machine so that I cannot confuse it with a live device.,"loadReplaySession marks the session as a replay, drives the Graph pill straight from the captured overlay (ready; partial when any section or app intent state is not available/notFound/skipped; disabled with reason graphDisabled when the capture carries no overlay), and clears unread and boundary-marker state; the current-task block labels the source 'Captured' rather than 'Live', the 'Force past ESP' actions are absent because the write actions only target a live local session, and the captured snapshot stays fully browsable and exportable.",ESP workspace after Open session / importing a session capture,src/workspaces/esp-diagnostics/esp-diagnostics-store.ts;src/workspaces/esp-diagnostics/EspDiagnosticsWorkspace.tsx;src/workspaces/esp-diagnostics/EspNowStatus.tsx,all,full,Extends ESP-002 with the replay rendering contract.,pass,story,none,,component_test: loadReplaySession marks the session inert and drives the Graph pill from the overlay,2026-09-24T21:30:00Z,,,
ESP-058,esp,"Gate the Force past ESP action by platform, replay, and elevation",As an elevated Windows admin I want the write action to appear only when it applies so that I cannot run it against a capture or an unsupported platform.,"The Actions panel renders only for a Windows, non-replayed session with at least one failed Win32 app in the latest session (the 'Actions' nav pill appears and disappears with it) and is absent when there are none; while not elevated it shows 'Run CMTrace Open as administrator to use these actions (writing to HKLM requires elevation).' and 'Force past ESP' is disabled; each row shows the app name (display name, else Graph name, else raw identifier) with the enforcement-error or exit-code hex, falling back to 'Failed'.",ESP workspace > Actions panel ('Force ESP past a failed app'),src/workspaces/esp-diagnostics/EspActions.tsx;src/workspaces/esp-diagnostics/EspDiagnosticsWorkspace.tsx;src/workspaces/esp-diagnostics/esp-current-task.ts,windows,full,"Extends ESP-007 with the elevation message, the hidden-state rules and the row labelling.",pass,story,none,,component_test: renders nothing when there are no failed apps,2026-09-24T21:30:00Z,,,
ESP-059,esp,Confirm and force a failed app past the ESP,As an elevated admin I want an explicit confirmation and an undo before I change this device's registry so that I can unblock ESP safely.,"'Force past ESP' opens 'Force ESP past this app?' naming 'this device's' registry and the app, listing that it sets InstallationState to Installed (3), clears the recorded error and backs up first, and warning that the app is not installed by this; confirming calls esp_flip_app_installed and the row then shows 'Forced to Installed. Click Try again on the ESP; the app is still not installed.' with a 'Restore' button (spinner while pending) that calls esp_restore_app_state with the returned backup and clears the outcome; a flip or restore failure prints the error text in the row, and the confirmation dialog yields ownership to any app modal in front of it and releases it on unmount.",ESP workspace > Actions > Force past ESP > 'Force past ESP' in the dialog; row 'Restore',src/workspaces/esp-diagnostics/EspActions.tsx;src/lib/commands.ts;src-tauri/src/esp/remediation.rs,windows,full,"Extends ESP-007 with the dialog content, the success copy and the modal-ownership handoff.",pass,story,none,,component_test: flips a failed app after confirmation and then offers restore,2026-09-24T21:30:00Z,,,
ESP-060,esp,Refuse unsafe app identifiers and unsupported platforms for ESP remediation,As a security reviewer I want the registry write to validate its target so that a crafted identifier cannot escape the Sidecar key.,"The flip and restore paths validate the app id as 1-256 characters of ASCII alphanumerics, '_' or '-' only, otherwise failing with 'Refusing to write an unexpected app identifier: ""<id>""' (rejecting ', /, .., spaces, dotted segments and brace-wrapped GUIDs); off Windows they then return ""Forcing an app's ESP state is only available on Windows."" / ""Restoring an app's ESP state is only available on Windows.""; the flip returns appId, installationState 3 and a backup holding the previous InstallationState and ErrorHresult as Option (None meaning the value must be deleted on restore), and a missing or unelevated key yields 'Could not open the app's ESP tracking key (run elevated): <error>'.",IPC esp_flip_app_installed / esp_restore_app_state,src-tauri/src/esp/remediation.rs;src-tauri/src/commands/esp_diagnostics.rs,windows,full,The only device-mutating path in the ESP lane; a decorated id such as Win32App_<guid>_1 is accepted.,pass,story,none,,rust_test: esp::remediation::tests::rejects_separators_traversal_and_stray_characters,2026-09-24T21:30:00Z,,,
ESP-061,esp,Redact classified fields and their literals on export,As a privacy-conscious admin I want exported captures to be scrubbed by construction so that sharing a session cannot leak local identifiers.,"redacted_export_projection masks every classified field to '[redacted]', scrubs each masked value's literal (and case variants) out of every free-text field - narrative strings, coverage details, workload display names and statuses, registration messages and named data, activity titles/details, profile names, installer reasons and command lines, referenced log paths and provenance - and pseudonymizes SIDs consistently so a SID keeps a stable identity across the export; the caller's snapshot is untouched, the returned snapshot is reassembled field by field so a new field cannot ride out unexamined, and EspSessionCapture has no Deserialize or field-wise constructor so an unprojected capture cannot be assembled.",IPC export_esp_session -> crates/cmtraceopen-parser EspSessionCapture::from_snapshot,crates/cmtraceopen-parser/src/esp/redaction.rs;crates/cmtraceopen-parser/src/esp/export.rs,all,full,"Envelope carries kind 'esp-session-capture', version 1, capturedAtUtc, app version/commit and redacted: true (always written, never inferred).",pass,story,none,,rust_test: the_exported_session_carries_no_planted_identifier,2026-09-24T21:30:00Z,,,
ESP-062,esp,Scrub exact literals without mangling readable evidence,As a support engineer I want redaction to be precise so that the shared capture still reads as real evidence.,"Scrubbing combines shaped rules (emails, SIDs, MAC addresses, IPv4 and IPv6 including '::'-compressed, bracketed and IPv4-mapped forms, user-profile paths under Users/Documents and Settings, Bearer/Digest/Basic and unknown-scheme Authorization values, Azure Storage sig/skoid/SharedAccessSignature/AccountKey values) with literal values of at least 6 bytes taken from the fields being masked, so a degenerate firmware serial such as '0' or 'N/A' does not scrub unrelated narrative, a literal never removes a substring of a longer identifier, C++-style '::' tokens are not mistaken for addresses, and text exceeding 256 KiB is replaced by '[redacted: oversized text omitted]'.",Export projection; reused as redact_text by other evidence modules,crates/cmtraceopen-parser/src/esp/redaction.rs,all,full,The rule table is crate-internal (pub(crate) redact_text) so sibling evidence modules cannot drift from it.,pass,story,none,,rust_test: a_degenerate_firmware_serial_does_not_scrub_unrelated_narrative,2026-09-24T21:30:00Z,,,
ESP-063,esp,Omit credential-bearing raw records and never retain hardware hashes,As a privacy-conscious admin I want credential-bearing or hardware-hash evidence dropped rather than masked so that a capture cannot carry a secret at all.,"On export, raw records whose source is graph, whose labels are secret-like (password/passwd/pwd/secret/clientSecret/apiKey/token/authorization/...token/hardwareHash/deviceHardwareData/rawGraphBody/graphResponseBody) or whose text matches a credential pattern (JSON secret members, Authorization headers, digest challenges, SAS parameters) are removed entirely; surviving sensitive/restricted or NodeCache-backed values are replaced with '[redacted]' and their record ids and provenance are redacted; independently, the reducer drops hardware-hash material (registry key/value names or JSON document type/pointer) at ingest so it never appears in raw evidence; and the MSIEXEC panel masks password/token/secret/api_key/authorization arguments and 'Bearer <token>' as '[REDACTED]' before display.",Export projection; ESP evidence raw provenance; MSIEXEC 'What MSIEXEC is doing now' command line,crates/cmtraceopen-parser/src/esp/redaction.rs;crates/cmtraceopen-parser/src/esp/reducer.rs;src/workspaces/esp-diagnostics/MsiexecStatus.tsx,all,full,Covers both the export boundary and the UI-level display redaction; delivery-optimization transfer/content/app ids are also masked on export.,pass,story,none,,rust_test: reducer_drops_hardware_hash_material_hidden_in_generic_registry_value_data,2026-09-24T21:30:00Z,,,
ESP-064,esp,Redact secrets from installer and agent command lines,As an admin I want command lines safe to read and export so that troubleshooting never exposes credentials.,"Command lines are sanitized before storage: named secrets (password/passwd/pwd/secret/client_secret/api_key/token and related variants), Authorization headers (Bearer, Digest, Basic and unknown schemes, including one-layer escaped JSON), query-string secrets, JSON-embedded secret values, hardware-identity fields and standalone digest challenges are replaced, while safe sibling arguments, MSI log switch paths (/l*v <path>) and benign authentication narratives are preserved; ambiguous, unterminated or wider-quote secret shapes fail closed (over-redacted rather than leaked), and the MSIEXEC row shows the sanitized value or 'Command line unavailable' when none exists.",Live process evidence; MSIEXEC status row command line; ESP evidence 'Raw provenance',src-tauri/src/esp/process.rs;src-tauri/src/esp/event_logs.rs;src/workspaces/esp-diagnostics/MsiexecStatus.tsx,all (live sampling windows),full,Also applied to event-log command lines via contains_sensitive_identity_text/sanitize_command_line.,pass,story,none,,rust_test: command_line_sanitizer_redacts_complete_escaped_json_secrets_with_escaped_quotes,2026-09-24T21:30:00Z,,,
ESP-065,esp,Show what the device is doing right now,As an admin I want a live 'now' readout so that I can see which workload is being processed without reading the table.,"The Action Center's live block derives the current task from the latest session's workloads: a running workload shows '<STATUS> <name>' plus ' +N more' when several run (the most recently started or updated wins), a completed phase shows 'COMPLETE - Enrollment complete', a failure shows 'FAILED - <app>', queued-only shows 'WAITING - Next of N queued workloads' or 'Waiting for next workload', and no workloads shows 'IDLE - Awaiting workload telemetry' (or 'No active workload' when workloads exist but none are active); the progress bar renders done/running/failed segments with '<done> / <total> complete' plus running/failed/queued counts, the pill reads 'Live' with a pulsing dot or 'Captured', and the aria-label announces 'Current task: <label>. <primary>. <done> of <total> workloads complete.'.",ESP workspace > Action center top block,src/workspaces/esp-diagnostics/EspNowStatus.tsx;src/workspaces/esp-diagnostics/esp-current-task.ts,all,full,Extends ESP-006 with every headline state and the count/progress semantics.,pass,story,none,,component_test: shows the actively installing workload as the live current task,2026-09-24T21:30:00Z,,,
ESP-066,esp,Show the effective workload status and per-row details,As an admin I want the worst known state of a workload visible with the raw wire values so that a nested failure cannot hide behind a friendly outer status.,"A workload whose status.detail is more severe than its outer status displays the detail status as the effective state with that state's glyph and colour plus 'Outer - <display>' and 'Detail - <display>' lines, 'Raw - <raw>' and 'Detail raw - <raw>', and the scope/blocking text ('Blocking', 'Non-blocking' or 'Blocking unknown'); 'View full values' lazily reveals the workload id, session id, first-observed raw timestamp and linked evidence ids.",ESP workspace > Tracked workloads table rows,src/workspaces/esp-diagnostics/EspWorkloadTable.tsx,all,full,Extends ESP-009 with the nested-status severity rule and the per-row detail disclosure.,pass,story,none,,component_test: uses nested status detail for visual severity and shows both wire statuses,2026-09-24T21:30:00Z,,,
ESP-067,esp,Report a failure with no identified stage,As an admin I want an unidentified failure stage stated as unknown so that the phase view cannot imply a stage the evidence does not support.,"When the snapshot phase is failed but no latest session names devicePreparation/deviceSetup/accountSetup, every step renders 'Unknown' with '?' and the footer reads 'Failure observed - Failing stage not identified in the collected evidence.' instead of guessing; the two step models stay distinct - 'Classic ESP phases' (Device preparation / Device setup / Account setup) with 'Classic ESP evaluates device and account setup as separate blocking phases.', and 'Device Preparation phases' (Agent bootstrap / Policy + scripts / Applications + certificates / Completion) with 'Device Preparation tracks agent, scripts, applications, and certificates under its own timeout and skip rules.' - and notStarted keeps every step Pending in both.",ESP workspace > ESP phase progress,src/workspaces/esp-diagnostics/EspPhaseProgress.tsx,all,full,Extends ESP-011 with the unknown-stage failure path and the footer copy.,pass,story,none,,component_test: does not invent a failing stage when the snapshot only reports failure,2026-09-24T21:30:00Z,,,
ESP-068,esp,Acquire registry and event-log evidence within fixed bounds,As a support engineer I want native evidence reads bounded and their failures typed so that collection stays quick and gaps are explained.,"Registry reads use read-only access with the 64-bit view from the fixed ESP roots, enforce depth 8, 4096 keys, 16384 values, 64 KiB per value and 16 MiB total under a 3-second budget with at most 256 uninstall-name lookups, retain hive/key/value provenance, exclude hardware-hash keys/values and NodeCache hardware payloads before any evidence exists, and distinguish missing from permission-denied per root while keeping descendant failures when the root is available; event acquisition queries only the two ESP channels for the 14 required event ids before applying a 2000-record-per-channel cap, keeps ordered named properties and record ids, and yields identical output regardless of provider ordering.","Live session acquisition pass; ESP evidence families 'Hardware', 'NodeCache', 'Join and registration'",src-tauri/src/esp/registry.rs;src-tauri/src/esp/event_logs.rs;src-tauri/src/esp/system.rs,windows (logic testable all with injected providers),full,"Required event ids: 72, 100, 101, 107, 109, 110, 111, 304, 306, 1905, 1906, 1920, 1922, 1924.",pass,story,none,,rust_test: registry_uses_read_only_64_bit_access_for_every_fixed_root,2026-09-24T21:30:00Z,,,
ESP-069,esp,Sample installer processes within an allowlist,As an admin I want process sampling restricted and identity-safe so that the MSIEXEC correlation is trustworthy.,"Sampling queries only the fixed allowlist (IntuneManagementExtension.exe, AgentExecutor.exe, msiexec.exe, winget.exe) plus at most 32 de-duplicated registry-derived installer names, and a dynamically derived name is accepted only with trusted Intune ancestry so generic interpreters are never promoted; process identity is pid plus start time so PID reuse cannot merge samples, the parent chain binds to the instance that existed when the child started and is bounded to depth 16, a timed-out batch keeps bounded partial observations without treating untrusted snapshots as partial, and the live provider is explicitly unsupported off Windows.",Live session process sampling; MSIEXEC status and evidence 'Raw provenance',src-tauri/src/esp/process.rs;src-tauri/src/esp/live_session.rs,windows (limits testable all),full,Correlation itself lives in the parser crate (EspInstallerCorrelation) and is surfaced by ESP-008.,pass,story,none,,rust_test: esp::process::tests::process_sampling_uses_fixed_and_local_evidence_allowlists_only,2026-09-24T21:30:00Z,,,
EVTX-001,event-log,Open EVTX and diagnostic sources,As an admin I open one or more event-log sources without losing provenance or unread coverage.,"The Full-edition Event Log Viewer opens selected EVTX files, recursive folders, wildcard/archive/VSS selections, known sources, File-menu paths, and drag-dropped paths through one bounded manifest contract. Supported diagnostic ZIPs contribute EVTX and bounded text records; unsupported registry/binary members remain visible as hashed inventory. Source identity, archive-member outcomes, child traversal failures, and aggregate limits survive into the workspace. Every zero-entry manifest reports bounded diagnostics, including plural file selection, wildcard/archive/VSS paths, folders, and known sources while prior data remains visible.",SourcePicker Open .evtx files / Open folder recursively; File > Open / Open Folder / Known Sources; drag-drop,src/workspaces/event-log/SourcePicker.tsx; src/workspaces/event-log/EventLogWorkspace.tsx; src/workspaces/event-log/evtx-store.ts; src/workspaces/event-log/open-event-log-source.ts; src/workspaces/event-log/index.ts; src-tauri/src/event_log/parser.rs; src-tauri/src/event_log/archive.rs,all,full,"Focused frontend and portable Rust regressions cover every source route, recursive manifests, empty plural and special-source manifests, archive/member provenance, partial coverage, bounded diagnostics, and persistent loaded-state errors. Native file dialogs plus elevated Windows archived-log/VSS access remain platform acceptance; this lane does not claim a real Windows source run.",partial,retest,coverage,"The shipped cross-platform parse and diagnostic-ZIP paths have automated evidence, but native dialogs and Windows-only archived-log/VSS behavior were not exercised on this macOS lane.",focused_test+source_review,2026-08-23T05:12:20Z,partial,2026-09-24T21:30:00Z,"The repaired source-open coordinator shares one generation and empty-manifest validator across direct, plural, folder, wildcard/archive/VSS, known, drag-drop, and channel-enumeration paths; stale completions are ignored while current failures remain visible."
EVTX-002,event-log,Browse and operate live Event Log channels,As a Windows admin I query local or remote Event Log services and keep incomplete reads visible.,"Windows-only This computer and Remote computer entry points enumerate channels with the current Windows session, then auto-query available Application, System, Security, and Setup channels one channel at a time through streamed batches. ChannelPicker can load selected channels, refresh loaded channels, start/stop subscription-or-polling live tail, and request an elevated confirmed clear. Query, stream, stop, clear, access, and remote-session failures remain coverage gaps instead of empty success.",SourcePicker This computer / Remote computer; ChannelPicker Load / Refresh / Start live tail / Clear,src/workspaces/event-log/SourcePicker.tsx; src/workspaces/event-log/ChannelPicker.tsx; src/workspaces/event-log/evtx-store.ts; src-tauri/src/event_log/commands.rs; src-tauri/src/event_log/live.rs,windows live,full,"Frontend contract tests cover remote target state, per-channel stream reconciliation, tail ownership, failed stops, and clear confirmation. The actual wevtapi local/remote query, subscription, polling, credential, elevation, and clear behavior is Windows-only and has not run on this macOS lane.",partial,retest,coverage,"Portable and mocked contracts pass, but no exact-head native Windows live-channel run was recorded.",focused_test+source_review,2026-08-23T03:22:38Z,partial,2026-09-24T21:30:00Z,"Recovered remote-session, streamed-query, live-tail, and stop behavior is retained. Exact-head tests additionally serialize same-channel clear requests, reject stale channel enumeration, preserve coverage on clear failure, and restore focus after confirm, cancel, success, or error."
EVTX-003,event-log,Channel tree,As a user I pick which channels appear.,"ChannelPicker separates Windows Logs from Applications and Services Logs, renders nested provider paths, and shows selected/loaded event counts. Select all and Deselect all operate on the full channel set; text filtering switches to a flat matching list. Every folder disclosure must expose its label and expanded state, and every channel checkbox must have an accessible name.",ChannelPicker,src/workspaces/event-log/ChannelPicker.tsx; src/workspaces/event-log/EventLogWorkspace.test.tsx,all,full,"Component regressions cover Windows Logs / Applications and Services grouping and select controls, including labelled folder disclosure state and the optional folder-channel checkbox. Population from a real Windows service remains part of EVTX-002.",pass,retest,none,No confirmed defect in the cross-platform channel-tree interaction and accessibility contract.,focused_test+source_review,2026-08-23T01:15:40Z,pass,2026-09-24T21:30:00Z,Added accessible names and aria-expanded state to FolderRow controls with a focused nested-provider regression. Evidence: EventLogWorkspace.test.tsx.
EVTX-004,event-log,"Layered filter, group, sort, columns, timezone",As a user I narrow the event list without the list and export disagreeing.,"Before-load criteria cover level, Event ID selectors/ranges, time window, and selected channels; live queries push only exact server equivalents while every source applies the same authoritative visible-record predicate. On-load search and quick filters support one string, any/all words, any/all strings, Event IDs, all/visible-column scope, show/hide, case sensitivity, and accessible highlights. After-load grouping nests Level/Provider/Channel/Event ID/Day in operator-selected order. Sort, column show/reset/reorder, mapped columns, and local/UTC display share that result. The semantic grid exposes one marker cell plus one named cell per visible data column with matching dynamic column counts/indexes; grouped rows span the same full width.",EvtxFilterBar; EvtxTimeline; Export,src/workspaces/event-log/EvtxFilterBar.tsx; src/workspaces/event-log/evtx-filter.ts; src/workspaces/event-log/evtx-store.ts; src/workspaces/event-log/EvtxTimeline.tsx; src/workspaces/event-log/EvtxTimelineRow.tsx,all,full,"Focused tests cover selector grammar, quick-filter modes/scopes/actions, shared list/export selection, file-window aging, grouping, highlighting, dynamic semantic grid ownership, and live refresh snapshots. Native Windows service evaluation of pushed criteria is tracked separately by EVTX-009.",pass,retest,none,No confirmed defect in the cross-platform layered-filter and presentation contract.,focused_test+source_review,2026-08-23T05:12:20Z,pass,2026-09-24T21:30:00Z,Valid Event ID selectors and eligible selected levels are pushed for live queries when their XPath meaning is exact. The recovered seven-cell default grid and grouped-row span now expose matching ARIA counts/indexes.
EVTX-005,event-log,Saved filters,As a user I reuse a named layered filter.,"Saved > Save current uses an inline name field and persists the current before-load levels/Event IDs/time/channels, on-load search/quick-filter criteria, and after-load grouping in cmtraceopen-evtx-saved-filters schema 2. Applying a saved filter restores those layers, records recent use, and refetches loaded live channels when before-load criteria change. Obsolete persisted/export schemas are rejected rather than migrated.",EvtxFilterBar Saved,src/workspaces/event-log/EvtxFilterBar.tsx; src/workspaces/event-log/evtx-filter-store.ts; src/workspaces/event-log/evtx-saved-filters.ts,all,full,"The save/apply surface is shipped and persistence/rehydration is validated. Helper APIs for filter-file import/export, favorites, tags, removal, and ordering exist without a current management UI, so they are not claimed as user actions.",pass,retest,none,No confirmed defect in the shipped save-and-apply story.,focused_test+source_review,2026-08-23T01:08:07Z,pass,2026-09-24T21:30:00Z,Documented the full layered schema and the no-backward-compatibility boundary. Evidence: evtx-filter-store.test.ts; evtx-saved-filters.test.ts; EvtxFilterBar source.
EVTX-006,event-log,Export visible events,As a user I export the ordered visible record set through a safe file boundary.,"Export recomputes the same visible-record predicate and sort used by the grid, then offers CSV, TSV, JSON, Event XML, HTML, and Raw Event XML. The backend applies the common redaction/formula-safety projection, rejects a destination that would overwrite a loaded source, validates XML-bearing output, writes through an owner-only staged file, and atomically replaces the destination. The UI reports the exported count/KB or a bounded failure.",EvtxFilterBar Export,src/workspaces/event-log/EvtxFilterBar.tsx; src/workspaces/event-log/evtx-export.ts; src-tauri/src/event_log/commands.rs; src-tauri/src/event_log/export.rs; src-tauri/src/event_log/writer.rs,all,full,"Frontend regressions prove visible-set/clock selection and the six formats; Rust tests cover redaction, mapped columns, malformed/oversized XML, source overwrite rejection, owner-only staging, and atomic replacement. The native save dialog and installed-app filesystem behavior were not exercised here.",partial,retest,coverage,"The shipped selection and writer contracts have automated evidence, but native save-dialog and installed-app destination behavior remain acceptance gaps.",focused_test+source_review,2026-08-23T01:08:07Z,partial,2026-09-24T21:30:00Z,Replaced the stale four-format claim and distinguished exact row selection/order from the deliberate safe export projection. Evidence: EventLogWorkspace.test.tsx; evtx-export tests; event_log::export and event_log::writer tests.
EVTX-007,event-log,Event detail raw evidence and markers,As a user I inspect and annotate a selected event without losing producer identity.,"Selecting a grid row opens a resizable detail pane with Event ID/time/level, rendered message, Event Data, provider/channel/computer/source/record identity, task/opcode/PID/TID/keywords/SID, explicit correlation identities, optional mapped fields, and Show/Hide Raw XML. Addressable records expose Tag and Bookmark controls in the row and detail pane; keyboard T/B actions and persisted markers use source plus producer EventRecordID rather than array position. Missing or conflicting producer identity disables marker mutation.",Click/Enter/Space a row in EvtxTimeline; row/detail Tag and Bookmark; T/B shortcuts,src/workspaces/event-log/EvtxDetailPane.tsx; src/workspaces/event-log/EvtxTimeline.tsx; src/workspaces/event-log/EvtxTimelineRow.tsx; src/workspaces/event-log/evtx-marker-adapter.ts; src/stores/marker-store.ts,all,full,"Component, identity-adapter, and persistence regressions cover detail fields, raw XML, stable identity, reorder/refetch behavior, keyboard actions, inaccessible states, per-file write ordering, I/O failure recovery, pre-load mutation intent, and teardown flushing. This lane does not claim an installed-app marker-file round trip.",partial,retest,coverage,"The shipped UI, identity, and durable ordering contracts are automated; native persisted marker-file acceptance was not re-observed on the consolidated branch.",focused_test+source_review,2026-08-23T03:22:38Z,partial,2026-09-24T21:30:00Z,"Marker persistence now serializes each file centrally, preserves pre-load edits/removals/clear intent, retains dirty retry state after read or write failures, and flushes debounced edits when the view unmounts. Evidence: marker-store, evtx-marker, LogListView, and Event Viewer component tests."
EVTX-008,event-log,Coverage and provenance banner,As a user I know what was not read or only inventoried.,"A non-dismissible live status region merges legacy source messages, structured parse gaps, and live-tail gaps without duplicates. It also exposes bounded archive-member provenance including member kind, parsed/unsupported/malformed/duplicate/limit outcome, and optional SHA-256. Coverage gaps display at most 256 entries and archive-member metadata at most 4096 entries with separate omitted counts; the operator may collapse details but cannot dismiss the coverage state while the source remains loaded.",Auto when coverage or archive-member provenance is nonempty,src/workspaces/event-log/EvtxCoverageBanner.tsx; src/workspaces/event-log/evtx-coverage.ts; src/workspaces/event-log/evtx-store.ts; src-tauri/src/event_log/archive.rs,all,full,"Component and decoder tests cover deduplication, structured gap formatting, archive-member decisions, collision-free keys, the 256/4096 display bounds, separate omitted summaries, and live-region behavior. Native gap producers remain bounded by their source stories EVTX-001/EVTX-002.",pass,retest,none,No confirmed defect in the coverage/provenance presentation contract.,focused_test+source_review,2026-08-23T05:12:20Z,pass,2026-09-24T21:30:00Z,"Expanded the stale mergeCoverageGaps-only claim to the recovered structured, tail, and archive provenance contract while retaining independent omission summaries beyond each display bound."
EVTX-009,event-log,Event Viewer server query filters,As an administrator I want exact live predicates applied before records reach the list without silently changing local semantics.,"For live channels the store sends time-window predicates, valid Event ID singles/ranges in include mode, and selected levels when the set excludes Information. Information retains provider-defined raw levels 6-254, so any selection containing it stays local rather than issuing an incomplete XPath. Invalid Event ID input requests zero records and remains visibly invalid locally. Search, quick filters, hide mode, case sensitivity, visible-column scope, grouping, and provider text remain local because no exact shipped server equivalent exists. Before-load changes refetch loaded live channels and live-tail startup receives the same supported filter.",Event Viewer live channels; Event Viewer filter bar,src/workspaces/event-log/evtx-store.ts; src/workspaces/event-log/evtx-filter.ts; crates/cmtraceopen-parser/src/event_query/mod.rs; src-tauri/src/event_log/commands.rs; src-tauri/src/event_log/live.rs,windows live,full,"Frontend IPC regressions prove valid ID ranges, level pushdown, rapid refresh snapshots, and preservation of on-load state. Portable Rust tests prove bounded XPath/query-list compilation. Actual Event Log service evaluation is Windows-only; no provider filter control is shipped.",partial,retest,coverage,"Exact pushdown is implemented for time, valid Event IDs, and eligible level sets, but the consolidated branch lacks an exact-head native Windows wevtapi acceptance run.",focused_test+source_review,2026-08-23T01:08:07Z,partial,2026-09-24T21:30:00Z,Corrected the stale time-only claim and documented why Information and non-exact predicates remain local. Evidence: evtx-store-coverage.test.ts; evtx-filter.test.ts; event_query tests; event_log::live Windows-only service tests remain unexecuted here.
EVTX-010,event-log,Event Viewer map and provider enrichment,As an administrator I want provider metadata and event maps to enrich details without hiding raw evidence.,"Full-edition packages include a manifest-validated curated provider database set for MDM, Autopilot, ESP, AAD, ConfigMgr client, AppX, and Windows Update. Startup loads it only when declared files, hashes, provider counts/names, and source builds validate completely; matching records can render provider descriptions while retaining Event Data and Raw XML. Provider-version rows are cached as shared ordered metadata and concurrent cold lookups reuse the same allocation. EvtxECmd map loading and provider capture/import/export commands also exist and atomically replace validated registries, but there is no current frontend management action for those commands.",Automatic Full-edition startup enrichment; no map/provider management UI,src-tauri/src/lib.rs; src-tauri/tauri.conf.json; src-tauri/resources/provider-db/provider-manifest.json; src-tauri/src/event_log/provider_db.rs; src-tauri/src/event_log/parser.rs; src-tauri/src/event_log/maps.rs; src-tauri/src/event_log/commands.rs; crates/cmtraceopen-parser/src/eventmap,all,full,"Checked-in package tests validate curated artifact provenance, package resource mapping, ordered shared provider rows, concurrent cold-cache allocation reuse, rendered descriptions, import/export, map behavior, bounded capture enumeration, unavailable-channel coverage, and publication gating. Automatic provider enrichment is shipped; interactive map loading and provider capture/import/export remain backend-only. Installed-bundle startup and native Windows capture were not exercised on this macOS lane.",partial,retest,coverage,"Provider enrichment is a shipped automatic path, but map/provider management has no UI and installed-package/native-capture acceptance remains outstanding.",focused_test+source_review,2026-08-23T05:12:20Z,partial,2026-09-24T21:30:00Z,Provider capture remains bounded and publication stays all-or-nothing. Provider lookup now caches shared ordered metadata and rechecks after lock contention; deterministic concurrency coverage brings the provider module to 39/39.
EVTX-011,event-log,Register the Event Log Viewer (Preview) workspace,As an analyst I want event-log analysis in its own workspace so EVTX work is separate from text-log viewing.,"The registry exposes workspace id ""event-log"", label ""Event Log Viewer (Preview)"", statusLabel ""Event Log (Preview)"", platforms ""all"", sidebar disabled, and a lazily imported EventLogWorkspace. fileFilters are ""EVTX Files"" (evtx) and ""All Files""; actionLabels are ""Open EVTX file..."", ""Open EVTX folder..."", ""Open event log source..."". onOpenSource makes the workspace visible then calls openEventLogSource; only the ""drag-drop.path-open"" trigger rethrows so the caller sees it.",Workspace switcher; File > Open using the event-log workspace fileFilters,src/workspaces/event-log/index.ts; src/workspaces/event-log/open-event-log-source.ts; src/workspaces/registry.ts,all (live channel paths Windows only),full,"Every evtx_* command is registered behind #[cfg(feature = ""event-log"")] in src-tauri/src/lib.rs, so Lite builds have no event-log workspace.",pass,story,none,,component_test: leaves EVTX selection to the Event Log workspace,2026-09-24T21:30:00Z,,,
EVTX-012,event-log,Preview badge on the event filter bar,As an analyst I want the event grid labelled as a preview so I calibrate trust in it.,"EvtxFilterBar renders a ghost Badge reading ""Preview"" as the first control of the bar, before the live time-window dropdown, the timezone toggle and the level buttons.",Event Log Viewer > filter bar (first control),src/workspaces/event-log/EvtxFilterBar.tsx; src/workspaces/event-log/EventLogWorkspace.tsx,all,full,,pass,story,none,,component_test: shows a Preview badge in the filter bar with events loaded,2026-09-24T21:30:00Z,,,
EVTX-013,event-log,Empty source picker with the three open actions,As an admin I want a clear starting point for opening event logs.,"With no records, channels or gaps loaded (and no load in flight) the workspace renders SourcePicker: heading ""Event Log Viewer"", the text ""Open .evtx files to parse Windows Event Log data, or browse live event log channels on this computer."", buttons ""Open .evtx files..."", ""Open folder recursively..."", and - only when the running platform is Windows - ""This computer"". While a load is in flight the button row is replaced by a Spinner labelled ""Loading..."".",Event Log Viewer empty state,src/workspaces/event-log/SourcePicker.tsx; src/workspaces/event-log/EventLogWorkspace.tsx,"all (""This computer"" Windows only)",full,,pass,story,none,,component_test: announces a source error while the empty picker remains visible,2026-09-24T21:30:00Z,,,
EVTX-014,event-log,One open operation at a time in the source picker,As an admin I want a second click not to start a competing dialog or scan.,"beginOpening sets isOpening and returns false when an operation is already running, so the file, folder, enumerate and remote buttons are disabled (disabled={isOpening}) until finishOpening runs in the operation's finally block; a failure thrown by the dialog or the enumeration is caught into the picker's own localError alert without leaving the buttons disabled.","SourcePicker > ""Open .evtx files..."", ""Open folder recursively..."", ""This computer"", ""Remote computer""",src/workspaces/event-log/SourcePicker.tsx,all,full,,pass,story,none,,e2e_browser: stories/timeline-events.spec.ts :: [EVTX-014] the picker runs one open operation at a time,2026-09-24T21:30:00Z,,,
EVTX-015,event-log,Open one or more .evtx files,As an admin I want to select several EVTX files at once and have them parsed together.,"""Open .evtx files..."" opens a multi-select dialog filtered to ""Event Log Files"" (*.evtx) and ""All Files""; the selected paths are handed to openEventLogSources as file selections, whose manifest is then parsed by parseManifest. Cancelling the dialog (null selection) or selecting nothing changes no state.","SourcePicker > ""Open .evtx files...""; File > Open File with the event-log workspace active",src/workspaces/event-log/SourcePicker.tsx; src/workspaces/event-log/open-event-log-source.ts; src/workspaces/event-log/evtx-store.ts,all,full,,pass,story,none,,component_test: parses a single evtx file,2026-09-24T21:30:00Z,,,
EVTX-016,event-log,Open a folder recursively with empty-folder diagnostics,"As an admin I want a folder open to find EVTX files anywhere beneath it, and to be told why it found none.","""Open folder recursively..."" (and a folder source from the menu or drag-drop) expands the folder through evtx_expand_sources into a manifest and parses it. A zero-entry expansion throws ""No .evtx files were found in that folder. Choose a folder that contains Windows Event Log files."" (or ""...for that known source."" for a known source) followed by up to three bounded ""<path>: <reason>"" diagnostics and ""; N more"" when there are more, and the message is recorded as loadError.","SourcePicker > ""Open folder recursively...""; File > Open Folder; drag-and-drop a folder",src/workspaces/event-log/SourcePicker.tsx; src/workspaces/event-log/open-event-log-source.ts; src-tauri/src/event_log/parser.rs,all,full,,pass,story,none,,component_test: rejects a folder with no evtx files,2026-09-24T21:30:00Z,,,
EVTX-017,event-log,"Known-source, wildcard, archive and VSS selections",As an admin I want catalogue paths and archive/VSS selections to open the same way as folders.,"A known source with pathKind ""file"" is parsed directly with parseFiles; a wildcard, archive or VSS selection is expanded to a manifest and parsed, and the resulting records keep the backend's archive/VSS source identity even when the caller reported a generic file kind.",File > Open (known sources); a wildcard/archive/VSS path handed to onOpenSource,src/workspaces/event-log/open-event-log-source.ts; src-tauri/src/event_log/commands.rs; src-tauri/src/event_log/parser.rs,all,full,,pass,story,none,,component_test: keeps backend archive and VSS kinds when the picker reports a generic file,2026-09-24T21:30:00Z,,,
EVTX-018,event-log,A newer source open supersedes an older one,As an admin I do not want a slow earlier folder scan to replace what I just opened.,"Every open increments loadGeneration through supersedePendingLoad; when an expansion resolves, a parse resolves or fails, the code checks isCurrentSourceOpen and discards anything from an older generation, including its error, so a stale failure never replaces the current load error and stale records never publish.","Any of the open paths used twice in quick succession (file, folder, remote, known source)",src/workspaces/event-log/open-event-log-source.ts; src/workspaces/event-log/evtx-store.ts,all,full,,pass,story,none,,component_test: does not commit an older parse while a newer source is still expanding,2026-09-24T21:30:00Z,,,
EVTX-019,event-log,Manifest coverage survives a failed manifest parse,As an admin I want to know what the expansion found even when parsing the manifest fails.,"When evtx_parse_manifest rejects, parseManifest keeps sourceManifest, sets loadError to the message, publishes sourceCoverageMessages(manifest.coverage) as the coverage gaps, resets coverageDetails to empty and restores the previous timeWindow, then rethrows so the caller still fails.",Event Log Viewer after a folder that produced no usable EVTX entries,src/workspaces/event-log/evtx-store.ts; src/workspaces/event-log/evtx-coverage.ts,all,full,,pass,story,none,,component_test: uses manifest coverage to explain why a folder produced no usable EVTX entries,2026-09-24T21:30:00Z,,,
EVTX-020,event-log,Workspace loading states and alert rows,As an analyst I want to see that a load is running and why something failed.,"While loading with no records yet the workspace shows a Spinner labelled ""Loading event logs...""; otherwise an indeterminate ProgressBar appears while loading, and role=""alert"" rows render loadError, ""Operational diagnosis could not be built: <message>"" and ""Unified timeline could not be built: <message>"". A later source error stays visible while previously loaded events remain on screen.",Event Log Viewer (top of the workspace),src/workspaces/event-log/EventLogWorkspace.tsx,all,full,,pass,story,none,,component_test: keeps a later source load error visible while prior events remain loaded,2026-09-24T21:30:00Z,,,
EVTX-021,event-log,Resizable event detail pane,As an analyst I want to size the detail pane so long messages are readable.,"Selecting a record renders a 4px row-resize handle and the detail pane at the stored height (default 300px); dragging the handle sets the height clamped to at least 100px and at most 70% of the window height, restores the cursor/selection styles on mouse-up, and clearing the selection removes both the handle and the pane.",Event grid > click a row > drag the divider above the detail pane,src/workspaces/event-log/EventLogWorkspace.tsx,all,full,,pass,story,none,,"component_test: keeps row, virtualizer, pickers, filter, and detail metrics aligned at persisted limits",2026-09-24T21:30:00Z,,,
EVTX-022,event-log,Enumerate a remote computer with the current Windows sign-in,As a Windows admin I want to read event logs from another machine without storing credentials.,"On Windows the picker shows an Input labelled ""Remote computer name"", the explanation ""Uses your current Windows sign-in. Usernames, passwords, and tokens are not stored."" and a ""Remote computer"" button disabled while the field is empty. The store trims leading separators and rejects an empty or control-character target with ""Enter a valid remote computer name."" (the backend additionally rejects separators with ""remote machine name must be a hostname or UNC computer name""); an accepted target enumerates through evtx_enumerate_remote_channels and queries with evtx_query_remote_channels.","""Remote computer name"" field + ""Remote computer"" button",src/workspaces/event-log/SourcePicker.tsx; src/workspaces/event-log/evtx-store.ts; src-tauri/src/event_log/live.rs; src-tauri/src/event_log/commands.rs,windows,full,"evtx_enumerate_remote_channels and the Windows-only live paths are #[cfg(target_os = ""windows"")]; non-Windows returns ""Live event log queries are only available on Windows.""",pass,story,none,,component_test: offers remote computer selection without username or password inputs,2026-09-24T21:30:00Z,,,
EVTX-023,event-log,Bounded coverage-gap list in the source picker,As an admin I want the picker to stay readable when a source reports hundreds of gaps.,"The picker lists at most 256 coverage gaps and then prints ""<N> additional coverage gaps omitted by display limit.""; the list lives in a role=""status"" aria-live=""polite"" region so gaps added asynchronously are announced, and a remote query failure with classified coverage shows both.",SourcePicker coverage-gap region,src/workspaces/event-log/SourcePicker.tsx,all,full,,pass,story,none,,component_test: renders every coverage gap when the list exactly reaches the display limit,2026-09-24T21:30:00Z,,,
EVTX-024,event-log,Automatic load of the four core channels,As a Windows admin I want the common channels populated without asking.,"Enumerating local (or remote) channels selects the channels the service reports as able to hold events among Application, System, Security and Setup, then queries them one request per channel through a pool of four, merging each channel's records as they land rather than after the last one. One automatic load runs per scope: a remount with the same scope joins the running load, while a differently scoped or already-superseded load starts its own and its writes are rejected as stale.","""This computer"" / ""Remote computer"" (or the first workspace mount)",src/workspaces/event-log/evtx-store.ts; src-tauri/src/event_log/commands.rs,windows,full,"MAX_CONCURRENT_CHANNEL_QUERIES = 4; evtx_query_channels validates at most 256 channels, non-empty names <=32767 chars and request ids <=128 chars.",pass,story,none,,component_test: acquires exactly the core channels the eligibility contract admits,2026-09-24T21:30:00Z,,,
EVTX-025,event-log,Automatic load is bounded and says so,As an admin I want a fast first view that admits when a channel holds more.,"Automatic queries ask for the newest 2,000 events per channel (AUTO_LOAD_MAX_EVENTS) and refresh uses the same bound; the explicit Load passes no bound so the whole channel stays reachable. A channel that came back at the bound reports ""<context>: newest 2000 events shown (the channel may hold more)"" as a coverage gap, and a channel that returned fewer does not.","Automatic load after ""This computer""; ChannelPicker > ""Load N"" for the unbounded read",src/workspaces/event-log/evtx-store.ts,windows,full,,pass,story,none,,component_test: asks for the newest two thousand events per channel on the automatic load,2026-09-24T21:30:00Z,,,
EVTX-026,event-log,Live load progress and elapsed time,As an admin I want to see which channel is being read and how long it has taken.,"The backend emits ""evtx-query-progress"" carrying requestId, channel and fetched count; the store applies it only while the request id is current, setting loadingChannel and loadingProgress, and records loadElapsedMs (from loadStartTime) when the load settles so the status bar can report the read time.",Event Log Viewer while a live load runs (status bar reads loadElapsedMs),src/workspaces/event-log/evtx-store.ts; src-tauri/src/event_log/commands.rs,windows,full,loadingChannel/loadingProgress are store state; no in-slice component renders them (the status bar consumes loadElapsedMs).,pass,story,none,,e2e_browser: stories/timeline-events.spec.ts :: [EVTX-026] a settled load records its elapsed time for the status bar,2026-09-24T21:30:00Z,,,
EVTX-027,event-log,"Streamed batches, missing sequences and terminal grace",As an admin I want events to appear during a long read and to be told if a batch never arrived.,"The store listens for ""evtx-record-batch"" (requestId, channel, sequence, records) and ""evtx-record-stream-complete"" (sequenceCount, totalRecords). Batches for a superseded request or an unregistered channel are ignored, a repeated sequence is ignored, a sequence gap becomes ""<context>: N batches of events were not received"", newly received records are published to the visible list in a doubling prefix so a long channel shows rows before it finishes, and the stream waits a 25 ms terminal grace before the consumer may drain and acknowledge it.",Event Log Viewer while reading live channels,src/workspaces/event-log/evtx-store.ts; src-tauri/src/event_log/commands.rs,windows,full,,pass,story,none,,component_test: reports a dropped sequence and rejects stale source-generation batches,2026-09-24T21:30:00Z,,,
EVTX-028,event-log,Report events that never reached the view,As an admin I want a shortfall between what the reader sent and what I can see to be stated.,"After reconciliation the store compares the merged (deduplicated) record count against the reader's expected count from the reply totalRecords or the terminal message and, when fewer arrived, adds ""<context>: X of Y events did not reach the view""; records delivered on both the stream and the reply leg are discounted so a transport duplicate is not reported as a loss.",Coverage banner after a live channel read,src/workspaces/event-log/evtx-store.ts,windows,full,,partial,story,coverage,src/workspaces/event-log/evtx-store-coverage.test.ts,component_test: src/workspaces/event-log/evtx-store-coverage.test.ts (+93 tests passed),2026-09-24T21:30:00Z,,,
EVTX-029,event-log,One failing channel does not lose the others,As an admin I want a refused channel recorded without discarding the channels that worked.,"Channels are queried one request per channel, so a rejection records ""<context>: not read (<message>)"" as a coverage gap and captures the first one in loadError, while every other channel's records are still merged and published; a later clean retry of that channel clears its gap, and a channel that produced records but also reported a gap is still marked loaded only when it was not cancelled or short-delivered.","ChannelPicker > ""Load N"" / ""Refresh"" with one unreadable channel",src/workspaces/event-log/evtx-store.ts; src-tauri/src/event_log/commands.rs,windows,full,,pass,story,none,,component_test: clears a failed channel gap after a clean retry,2026-09-24T21:30:00Z,,,
EVTX-030,event-log,Stop a running channel load and keep what arrived,As an admin I want to stop a slow channel read without losing the events already fetched.,"While a live load is in flight ChannelPicker shows ""Stop load"" (title ""Stop the running channel load and keep what has arrived so far""); pressing it calls cancelActiveLoad, which invokes evtx_cancel_channel_query for the active request id (a no-op when nothing is loading, and a failed cancel is logged rather than turned into a failed load). The backend stops the read between batches, returns the records already fetched plus a ""cancelled"" coverage gap reading ""operator stopped the load after N events were fetched (the channel may hold more)""; the partial records stay visible and the channel is not marked loaded, so ""Load N"" returns.","ChannelPicker > ""Stop load""",src/workspaces/event-log/ChannelPicker.tsx; src/workspaces/event-log/evtx-store.ts; src-tauri/src/event_log/commands.rs; src-tauri/src/event_log/live.rs,windows,full,,pass,story,none,,component_test: shows Stop instead of Load while a load is in flight,2026-09-24T21:30:00Z,,,
EVTX-031,event-log,Load the selected channels and refresh the loaded ones,As an admin I want one control to fetch my selection and another to re-read what is loaded.,"The live header shows ""Load N"" where N counts selected channels that are not loaded, and a ""Refresh"" button (title ""Reload all loaded channels""). Load queries only the unloaded selected channels and does nothing when there are none; Refresh clears the records, loaded marks, manifest, gaps and structured coverage for the channels it is about to re-read before querying them with the same filter and 2,000-event bound.","ChannelPicker header > ""Load N"", ""Refresh""",src/workspaces/event-log/ChannelPicker.tsx; src/workspaces/event-log/evtx-store.ts,windows,full,,pass,story,none,,component_test: a refresh drops gaps from the records it replaced,2026-09-24T21:30:00Z,,,
EVTX-032,event-log,Start and stop a live tail with a reported mode,As an admin I want new events to keep arriving and to know how they are delivered.,"With loaded channels ChannelPicker offers ""Start live tail"" / ""Stop live tail"" and, while active, a label ""Live tail mode: <mode>"" showing the aggregated mode (subscription, polling, mixed or unsupported). Starting uses a fresh request id, clears prior tail gaps and re-accepts sequence 0; incoming ""evtx-tail-batch"" events append records and report a batch that was never received (or that the backend reported as a gap) as ""<channel>: live tail batch N was not received"". Stopping reports the final sequence gaps, keeps a channel whose stop failed in the tail set for retry, and a non-Windows build answers mode ""unsupported"" with ""Live event log tails are only available on Windows.""","ChannelPicker > ""Start live tail"" / ""Stop live tail""",src/workspaces/event-log/ChannelPicker.tsx; src/workspaces/event-log/evtx-store.ts; src-tauri/src/event_log/commands.rs; src-tauri/src/event_log/live.rs,windows (non-Windows IPC answers unsupported),full,"start_channel_tail prefers an EvtSubscribe subscription and falls back to polling; remote targets use their own session and set the source label ""Remote: <machine>"".",pass,story,none,,component_test: exposes subscription and polling transitions and stops both channels,2026-09-24T21:30:00Z,,,
EVTX-033,event-log,"Confirmed, elevation-gated channel clear",As a Windows admin I want to clear a channel deliberately and be told when it is refused.,"Selecting a loaded channel in ""Select channel to clear…"" and pressing ""Clear"" opens a dialog titled ""Clear event channel?"" whose body states the events in that channel are permanently removed, that the action ""requires an already elevated application and cannot be undone"", with ""Cancel"" and ""Clear channel"" actions. Confirming sets the channel clearing status ""Clearing <channel>…"", calls evtx_clear_channel with confirmed=true (false returns status cancelled), then removes that channel's records, loaded mark, gaps, structured coverage and tail gaps on success; a denied (""clearing an event channel requires the application to run elevated""), unavailable, unsupported, cancelled or already-empty outcome is shown as an alert without reopening the dialog, a tail stopped for the clear is restarted when the clear does not succeed, and focus returns to the channel filter or the alert.","ChannelPicker > ""Select channel to clear…"" + ""Clear"" > confirmation dialog",src/workspaces/event-log/ChannelPicker.tsx; src/workspaces/event-log/evtx-store.ts; src-tauri/src/event_log/commands.rs; src-tauri/src/event_log/live.rs,windows,full,"The backend repeats the confirmation guard and the elevation check; non-Windows answers EvtxClearStatus::Unsupported with ""Clearing event channels is only available on Windows.""",pass,story,none,,component_test: does not invoke a clear when confirmation is cancelled,2026-09-24T21:30:00Z,,,
EVTX-034,event-log,"Channel tree, filtering and select-all controls","As a user I want the channel list grouped the way the Event Viewer groups it, and searchable.","ChannelPicker renders a ""Windows Logs"" folder whose children are Application, Security, System, Setup, ForwardedEvents in that order, and an ""Applications and Services Logs"" folder built by splitting each channel name on ""/"" and ""-"" with single-child chains collapsed into hyphenated names and folder rows showing descendant counts. Disclosure buttons are labelled ""Expand <label>""/""Collapse <label>"" with aria-expanded, channel checkboxes have accessible names, a loaded channel shows ""(<eventCount>)"" when non-zero, typing in ""Filter channels..."" switches to a flat matching list showing ""No channels match filter"" when nothing matches, and ""Select all""/""Deselect all"" act on the whole set.","ChannelPicker sidebar; ""Filter channels...""; ""Select all""/""Deselect all""",src/workspaces/event-log/ChannelPicker.tsx,windows,full,,pass,story,none,,component_test: shows the Windows Logs / Applications tree with select controls,2026-09-24T21:30:00Z,,,
EVTX-035,event-log,Switched-off channels are listed but not selected,As an admin I want a disabled channel shown as such instead of silently dropped.,"A channel whose enabledState is ""disabled"" renders a ""disabled"" marker and a disabled checkbox, is excluded from Select all and from toggleChannel, and is excluded from the automatic core-channel load, so it never produces a coverage-gap line about the machine's configuration. A channel with no state field, or state ""unknown"", stays selectable and acquirable because a failed probe must not hide a channel that may be readable.","ChannelPicker channel rows; ""Select all""",src/workspaces/event-log/ChannelPicker.tsx; src/workspaces/event-log/evtx-store.ts; src-tauri/src/event_log/models.rs,windows,full,"ChannelEnabledState defaults to Unknown on the wire; an omitted state is written back as ""unknown"", never ""enabled"".",pass,story,none,,component_test: lists a switched-off channel and marks it as such,2026-09-24T21:30:00Z,,,
EVTX-036,event-log,Resize the channel sidebar,As a user I want to widen the channel list to read long provider paths.,"A 4px col-resize handle to the right of the channel tree drags the sidebar between 200px and 500px (default 300px), setting the col-resize cursor and disabling text selection while dragging and restoring both on mouse-up.",ChannelPicker right edge (drag handle),src/workspaces/event-log/ChannelPicker.tsx,windows,full,,pass,story,none,,e2e_browser: stories/timeline-events.spec.ts :: [EVTX-036] the sidebar drag handle clamps between 200px and 500px,2026-09-24T21:30:00Z,,,
EVTX-037,event-log,"Column chooser, reset and reorder",As an analyst I want to choose and order the event columns.,"The ""Columns"" multiselect (title ""Choose which columns the list shows."") is labelled ""<N> shown"" and toggles each offered column off/on; ""Reset columns"" (title ""Restore the default columns, order and widths"") restores the defaults; a separate ""Reorder"" dropdown (title ""Pick a column, then use the arrows to move it."") selects a column and the buttons labelled ""Move the selected column earlier""/""later"" move it one position, disabled when the selection is at that end.","Filter bar > ""Columns"", ""Reset columns"", ""Reorder"", ↑/↓",src/workspaces/event-log/EvtxFilterBar.tsx; src/workspaces/event-log/evtx-columns.ts; src/workspaces/event-log/evtx-store.ts,all,full,,pass,story,none,,component_test: appends a newly shown column,2026-09-24T21:30:00Z,,,
EVTX-038,event-log,Column configuration survives builds and discovers map columns,As an analyst I want stored column choices to keep working and to see map columns only when they carry data.,"sanitizeColumnConfig drops ids this build does not know, deduplicates the order, ignores width overrides below 24px, and falls back to the defaults when the stored order would hide every column; a stored ""mapped:<Property>"" id is kept even when no map produced it (it renders empty for events the map did not match), and the chooser offers map columns discovered from the loaded records only, after the fixed columns.","Filter bar > ""Columns"" (offered list); column order after a reload",src/workspaces/event-log/evtx-columns.ts; src/workspaces/event-log/EvtxFilterBar.tsx,all,full,,pass,story,none,,component_test: falls back to defaults when every column is hidden,2026-09-24T21:30:00Z,,,
EVTX-039,event-log,Level toggles that can never filter everything out,As an analyst I want to switch severities on and off without ending up with nothing.,"Five buttons labelled Crit, Err, Warn, Info and Verb toggle their level with aria-pressed, aria-label ""Toggle <Level> events"" and the level's colour while active. Removing the last remaining level restores all five rather than matching nothing, and any level change issues a before-load refresh so loaded live channels are re-read with the new predicate.",Filter bar level buttons,src/workspaces/event-log/EvtxFilterBar.tsx; src/workspaces/event-log/evtx-store.ts,all,full,,pass,story,none,,component_test: gives level filters descriptive state to keyboard and screen-reader users,2026-09-24T21:30:00Z,,,
EVTX-040,event-log,Event ID filter with inline validation,As an analyst I want to filter by event IDs and be told when what I typed is wrong.,"The ""Event IDs"" input (placeholder ""Event IDs (comma sep.)"") accepts decimal ids and inclusive ranges separated by commas or whitespace up to 4294967295 and publishes them as before-load selectors. An invalid token marks the whole filter invalid, outlines the input in red, sets aria-invalid and shows a role=""alert"" reading ""Invalid Event IDs"" with the help ""Use decimal Event IDs or ranges from 0 to 4294967295.""; an invalid live filter requests zero events from the service and matches nothing locally.","Filter bar > ""Event IDs""",src/workspaces/event-log/EvtxFilterBar.tsx; src/workspaces/event-log/evtx-filter.ts; src/workspaces/event-log/evtx-store.ts,all,full,,pass,story,none,,component_test: identifies invalid ordinary and quick Event ID filters,2026-09-24T21:30:00Z,,,
EVTX-041,event-log,Time window snapshot and timezone toggle,As an analyst I want to bound the live query and know which clock I am reading.,"In live mode a dropdown (disabled while loading) offers Last hour, Last 24 hours, Last 7 days, Last 30 days and All time; a relative window is displayed as ""Last 24 hours · as of <local timestamp>"" with a title saying it is a coherent frozen snapshot advanced by refreshing the selected channels, while All time shows just its label. A separate button shows ""UTC"" or the machine's offset as ""UTC+hh:mm""/""UTC-hh:mm"" and toggles the whole workspace between local and UTC, which is the same zone used for grouping (Day) and event times.",Filter bar > time window dropdown and the UTC/local button,src/workspaces/event-log/EvtxFilterBar.tsx; src/workspaces/event-log/evtx-time.ts; src/workspaces/event-log/types.ts; src/workspaces/event-log/evtx-store.ts,all (time-window dropdown live mode only),full,"The time window is pushed to the service as an XPath ""last N"" predicate; All time sends no time predicate.",pass,story,none,,component_test: labels a relative live window with the passed snapshot time,2026-09-24T21:30:00Z,,,
EVTX-042,event-log,Search text within the loaded events,As an analyst I want a quick text search over messages and providers.,"The ""Search..."" input filters case-insensitively on the record message or provider name only (never a partial column set) and is evaluated locally on the loaded records, so it does not change what the service is asked for.","Filter bar > ""Search...""",src/workspaces/event-log/EvtxFilterBar.tsx; src/workspaces/event-log/evtx-filter.ts,all,full,,pass,story,none,,component_test: applies the ordinary provider search used by the timeline and export,2026-09-24T21:30:00Z,,,
EVTX-043,event-log,"Quick filter grammars, scope, action and highlighting",As an analyst I want the six quick-filter grammars with a chosen scope and show/hide behaviour.,"The quick-filter input works with the ""Quick filter matching grammar"" dropdown (One string, Any words, Any strings, All words, All strings, Event IDs), the ""column scope"" dropdown (All columns, Visible columns), the ""show or hide behavior"" dropdown (Show matches, Hide matches) and the ""Case"" and ""Highlight"" checkboxes. Matching is a single substring, any keyword separated by whitespace, any/all strings separated by comma, semicolon, CR or newline, or Event ID selectors; All columns also searches Event Data values, Visible columns only the shown columns; Hide matches removes the matches; an invalid Event IDs query matches nothing for either action (so Show matches shows nothing and Hide matches hides nothing); and Highlight wraps only the substrings the same regular expression matched in <mark> elements without changing visibility. The Event IDs placeholder becomes ""Quick IDs (e.g. 4624-4626)"" and an invalid value shows ""Invalid quick Event IDs"".","Filter bar > quick filter input + grammar/scope/action dropdowns, ""Case"", ""Highlight""",src/workspaces/event-log/EvtxFilterBar.tsx; src/workspaces/event-log/evtx-filter.ts; src/workspaces/event-log/EvtxTimelineRow.tsx; src/workspaces/event-log/evtx-marker-adapter.ts,all,full,,pass,story,none,,component_test: matches one string as a single substring,2026-09-24T21:30:00Z,,,
EVTX-044,event-log,Nested grouping with keyboard expand/collapse,As an analyst I want to group events by several fields and fold the groups.,"The ""Group by"" multiselect (title ""Group the list. Selecting several nests them in the order chosen."") offers Level, Provider, Channel, Event ID and Day, appending fields in the order chosen so the nesting is the operator's; changing the field list discards all collapse keys so unrelated groups cannot share a collapsed state. The list then renders group header rows showing the label and ""(count)"" at their nesting depth, the grid becomes a treegrid, and Left/Right collapse or expand the focused group while Enter/Space toggles it.","Filter bar > ""Group by""; group header rows",src/workspaces/event-log/EvtxFilterBar.tsx; src/workspaces/event-log/evtx-filter.ts; src/workspaces/event-log/EvtxTimeline.tsx; src/workspaces/event-log/evtx-store.ts,all,full,,pass,story,none,,component_test: nests groups in the order given and counts every descendant,2026-09-24T21:30:00Z,,,
EVTX-045,event-log,Sort field and direction control,As an analyst I want to sort the grid and see which way it will go next.,"The ""Sort:"" dropdown chooses Time, Event ID, Level, Provider or Channel and a direction button shows ↑ or ↓ with aria-label and title ""Change sort direction to descending""/""ascending"" naming the action it will perform; the chosen sort is the order the export writes.","Filter bar > ""Sort:"" dropdown and the arrow button",src/workspaces/event-log/EvtxFilterBar.tsx; src/workspaces/event-log/EvtxTimeline.tsx; src/workspaces/event-log/evtx-filter.ts,all,full,,pass,story,none,,component_test: names the sort-direction action that the button will perform,2026-09-24T21:30:00Z,,,
EVTX-046,event-log,Export the visible events with progress and cancel,"As an analyst I want to export exactly what I am looking at, and to stop a long export.","The ""Export"" dropdown (title ""Export the events currently shown, using the same filters as the list"") offers CSV, TSV, JSON, Event XML, HTML and Raw Event XML. Choosing one recomputes the same visible-record predicate and sort the grid uses, opens a save dialog defaulting to events.<extension>, and reports ""Nothing to export"" without opening it when the selection is empty. The control is disabled while an export runs and a single-export guard means a second request made while the dialog or session is open is ignored. Progress reads ""Exporting <received> of <expected> events..."", a ""Cancel export"" button aborts into ""Export cancelled"", completion reads ""Exported <records> events (<bytes> bytes)"" and any other failure reads ""Export failed: <message>"".","Filter bar > ""Export"" dropdown; ""Cancel export""",src/workspaces/event-log/EvtxFilterBar.tsx; src/workspaces/event-log/evtx-export.ts; src/workspaces/event-log/event-export-session.ts,all,full,,pass,story,none,,"component_test: offers CSV, TSV, JSON, and Event XML export of visible events",2026-09-24T21:30:00Z,,,
EVTX-047,event-log,Chunked export transport with a strict acknowledgement contract,As a user I want very large exports to stream without an IPC size ceiling or silent truncation.,"Records are projected to canonical NDJSON and emitted as base64 envelopes bounded to 4 MiB decoded and 1,000 completed records, splitting mid-record when a single event is larger and accounting for exact UTF-8 byte widths; rawXml and eventData are omitted only for csv, tsv and html. Each append must return a status matching the session id, the next sequence, the received record and byte counts and the expected record count, finalization must report exactly the expected record count, and any failed assertion throws instead of writing a short file. An abort - including one that races a successful finalize - always surfaces as ""Export cancelled"", and an unfinished session is closed in the finally block.","Filter bar > ""Export"" (transport); evtx_create_export_session / evtx_append_export_chunk / evtx_finalize_export_session / evtx_close_export_session",src/workspaces/event-log/evtx-export.ts; src/workspaces/event-log/event-export-session.ts; src-tauri/src/event_log/export_session.rs; src-tauri/src/event_log/writer.rs,all,full,"The backend spools received envelopes to an anonymous delete-on-close file (16 concurrent sessions, 1-hour idle TTL) and only the existing redacting writer publishes the named destination, which is rejected if it resolves to an opened source or the manifest.",pass,story,none,,component_test: splits thousands of records into bounded row envelopes without changing order,2026-09-24T21:30:00Z,,,
EVTX-048,event-log,Save the current layered filter under a name,As an analyst I want to keep the criteria I just built and recall them later.,"The ""Saved"" dropdown lists ""Save current..."" followed by the saved filters ordered favourites first, then most recently used, then by name, with favourites prefixed ""★"". ""Save current..."" reveals an inline ""Name this filter"" input where Enter saves the current before-load levels/Event IDs/time window/channels, on-load search and quick filter, and after-load grouping, Escape or blur dismisses it, and the status line reads 'Saved ""<name>""' or ""That name cannot be used"" when the name is blank. Selecting a saved filter restores all three layers, marks it used, and refetches loaded live channels because the before-load criteria changed.","Filter bar > ""Saved"" > ""Save current..."" / a saved entry",src/workspaces/event-log/EvtxFilterBar.tsx; src/workspaces/event-log/evtx-filter-store.ts; src/workspaces/event-log/evtx-saved-filters.ts,all,full,"An in-app input is used instead of window.prompt, because Tauri's macOS WKWebView does not implement prompt and the action silently did nothing there.",pass,story,none,,component_test: orders favorites first,2026-09-24T21:30:00Z,,,
EVTX-049,event-log,Saved filter library persistence and store actions,As an analyst I want my filter library to survive restarts without stale or foreign data being trusted.,"The library persists under the localStorage key cmtraceopen-evtx-saved-filters at schema 2. save refuses a whitespace-only name (returns null), updates a same-named filter in place while keeping its id and favourite flag, and stamps lastUsed; remove deletes by id; toggleFavorite flips the flag; importFilters merges by lower-cased name, replacing a same-named filter while keeping the existing id. On rehydration, data written by schema 1 or an unknown/absent version yields an empty library, a malformed current-version envelope is discarded and the storage key removed, and entries that no longer validate are dropped rather than repaired.",evtx-filter-store (useSavedFilterStore.save/remove/toggleFavorite/importFilters/ordered),src/workspaces/event-log/evtx-filter-store.ts; src/workspaces/event-log/evtx-saved-filters.ts,all,full,"remove, toggleFavorite and importFilters have no current frontend action; they are caller-surface behaviours covered by tests.",pass,story,none,,component_test: clears malformed current-schema storage after rehydration fails,2026-09-24T21:30:00Z,,,
EVTX-050,event-log,Saved filter export and import file contract,As an analyst I want to move a filter library between machines without a bad file taking the good entries with it.,"buildFilterExport writes {""schema"":2,""filters"":[...]} as indented JSON. parseFilterExport returns no filters for malformed JSON, skips individually invalid entries while counting them in `skipped`, and sets unsupportedSchema when the file carries a missing, non-numeric, older or newer schema (importing nothing rather than silently reinterpreting criteria); a non-finite lastUsed such as 1e309 is rejected while a finite one is kept.",evtx-saved-filters (buildFilterExport / parseFilterExport),src/workspaces/event-log/evtx-saved-filters.ts,all,full,No frontend control calls buildFilterExport or parseFilterExport today; the module is the tested shared contract for import/export.,pass,story,none,,component_test: refuses an export written by a newer or older schema,2026-09-24T21:30:00Z,,,
EVTX-051,event-log,"Coverage banner summary, collapse and archive provenance",As a user I want one honest summary of what is missing and what was only inventoried.,"A non-dismissible role=""status"" aria-live=""polite"" region merges legacy gap strings, structured coverage and live-tail gaps without duplicates and summarises them as ""1 gap in this view"" or ""<N> gaps in this view"" (or ""<N> archive member(s) in this view"" when there are no gaps but provenance exists). A ""Show""/""Hide"" button with aria-expanded collapses only the detail; the detail lists at most 100 gaps followed by ""<coverage gaps: N omitted by display limit>"", and an ""Archive member provenance (N)"" disclosure lists up to 4,096 members as ""<path>: <kind> <outcome> (sha256:<hash>)"" plus an ""<archive member metadata: N omitted by display limit>"" line.",Event Log Viewer > coverage banner above the timeline strip,src/workspaces/event-log/EvtxCoverageBanner.tsx; src/workspaces/event-log/evtx-coverage.ts,all,full,,pass,story,none,,"component_test: renders every archive member decision, including duplicate paths",2026-09-24T21:30:00Z,,,
EVTX-052,event-log,Coverage accumulates across channels and is replaced on refresh,As a user I do not want a gap to repeat on every refresh or to outlive the records it described.,"mergeCoverageGaps appends new gaps in arrival order while de-duplicating identical lines so re-querying a channel does not repeat its gap; a channel load adds to what is already reported; a refresh replaces the gaps and structured details of the channels it re-read (and records a failure rather than presenting the cleared view as complete); clearing a channel removes its gaps and details; and reset() clears gaps, structured coverage, archive members, the time window and the zone together.","Coverage banner after multi-channel loads, refreshes and clears",src/workspaces/event-log/evtx-store.ts; src/workspaces/event-log/evtx-coverage.ts,all,full,,pass,story,none,,component_test: does not repeat a gap when the same channel is queried again,2026-09-24T21:30:00Z,,,
EVTX-053,event-log,Reject an event-log reply this build cannot read,As a user I want a malformed backend reply to fail loudly rather than look like an empty log.,"assertParseResultShape throws ""the event log reader returned a reply this build cannot read"" when records or channels are not arrays, and names the field and index (for example ""the event log reader returned an invalid coverageGaps at index 2"") for a malformed optional array. It validates every coverage gap kind, chunkId/eventRecordId (accepting an out-of-safe-range id only when the exact decimal eventRecordIdText matches), provider-message context (provider, stage openPublisherMetadata/formatMessage, non-negative error code, only on kind ""provider""), archive member kind/outcome and 64-hex sha256, and rejects a non-safe-integer or negative totalRecords; an absent optional array means ""nothing reported"", while an absent totalRecords stays null rather than becoming zero.","Every parse/query reply boundary (evtx_parse_files, evtx_parse_manifest, evtx_query_channels)",src/workspaces/event-log/evtx-coverage.ts; src/workspaces/event-log/evtx-store.ts,all,full,,pass,story,none,,component_test: rejects malformed errorMessages entries with their field and index,2026-09-24T21:30:00Z,,,
EVTX-054,event-log,Bound the coverage handed to operational diagnosis,"As an analyst I want the diagnosis to see the complete coverage picture, or an explicit statement that it was capped.","mergeDiagnosisCoverageGaps converts structured parser gaps, typed manifest coverage, legacy banner strings (classified into non-healthy kinds such as accessDenied, empty, invalidPattern, unsupported, limitReached, missing) and live-tail gaps into one deduplicated list, dropping a legacy line whose formatted equivalent is already present. Above 256 entries it keeps the first 255 and appends a single ""frontend-diagnosis"" limitReached gap naming how many were omitted and stating that the backend also caps its diagnosis input.",Event Log Viewer > diagnosis build (evtx_diagnose_analysis_session),src/workspaces/event-log/evtx-coverage.ts; src/workspaces/event-log/EventLogWorkspace.tsx,all,full,,pass,story,none,,component_test: makes the frontend bound explicit instead of silently dropping gaps,2026-09-24T21:30:00Z,,,
EVTX-055,event-log,Virtualized event grid with keyboard navigation,As an analyst I want a large channel to stay responsive and navigable without a mouse.,"The event list virtualizes rows (group headers included) and re-measures on font-size or row-shape changes, keeping a 100,000-record view addressable with a bounded DOM window and preserving TanStack's keyed cache when a clock tick leaves row identities unchanged. It exposes role grid (treegrid when grouping), aria-rowcount, aria-colcount, the label ""Event log timeline - N records"" and a roving tabindex, where ArrowUp/ArrowDown/Home/End move the active row, select the focused record and scroll it into view. With no records it shows ""No event log records loaded."", when everything is filtered out ""No records match the current filters."", and a record that leaves the rendered rows (filtered or collapsed into a group) clears the selection.",Event grid; ↑/↓/Home/End keys,src/workspaces/event-log/EvtxTimeline.tsx,all,full,,pass,story,none,,"component_test: keeps a 100,000-record view addressable with a bounded DOM window",2026-09-24T21:30:00Z,,,
EVTX-056,event-log,Row visual precedence and screen-reader description,As an analyst I want the row's state to be obvious visually and to a screen reader.,"resolveEvtxRowVisualState applies selected, then marker, then severity, then quick-filter match, then default, driving the row background, the 4px left border colour (marker colour wins over level colour), and the level badge (CRIT, ERR, WARN, INFO, VERB rendered in the level's colour). The row exposes data-evtx-visual-state and an aria-description joining ""Selected"", ""Tagged <category>"", ""Bookmarked"", ""Quick-filter match"" and ""Markers unavailable: EventRecordID is missing"" as applicable. Each data cell carries aria-label ""<Column>: <value>"" (or ""Empty"") and its title, and a matched row shows a ""Match"" label when highlighting is on.",Event grid rows,src/workspaces/event-log/EvtxTimelineRow.tsx,all,full,,pass,story,none,,"component_test: applies selected, marker, severity, match, and default precedence deterministically",2026-09-24T21:30:00Z,,,
EVTX-057,event-log,Tag and bookmark an event,As an analyst I want to tag or bookmark an event and have it survive re-sorting and refetching.,"Tag and Bookmark buttons exist in the row (compact) and the detail pane, writing through the marker store under the file key ""event-log:<sourceLabel>"" with identity built from origin kind, source label, channel and the lossless producer EventRecordID, so markers follow the event across sorting and refetching. Tagging a bookmarked event converts it to the active tag category (falling back to ""bug"" when the active category is bookmark); bookmarking creates the ""Bookmark"" category (#8b5cf6) and converts an existing tag; both are disabled with the title ""EventRecordID unavailable; tagging is disabled"" when the record has no usable, non-zero, well-formed ID. In the row, Enter/Space toggles selection and the bare T/B keys (no Ctrl/Alt/Shift/Meta) tag or bookmark the focused row.",Event grid row Tag/Bookmark buttons; T and B keys; detail pane Tag/Bookmark buttons,src/workspaces/event-log/evtx-marker-adapter.ts; src/workspaces/event-log/EvtxTimelineRow.tsx; src/workspaces/event-log/EvtxDetailPane.tsx,all,full,,pass,story,none,,component_test: keeps a marker attached when source records are reordered,2026-09-24T21:30:00Z,,,
EVTX-058,event-log,"Event detail: message, correlation identity, event data, mapped fields and raw XML",As an analyst I want every piece of a selected event's evidence in one pane.,"With a record selected the pane (region labelled ""Event log details"") shows ""Event <eventId>"", the timestamp, the level and the marker controls; the rendered message in a scrollable monospace block; a ""Correlation identity"" block listing only the present values among Activity ID, Related activity ID, Session ID, Device ID, User ID and Process start; an ""Event Data"" two-column table of name/value rows; a metadata row with Provider, Channel, Computer, Record ID (lossless text when present), Source, plus Task, Opcode, PID, TID, Keywords and User SID only when the provider wrote them; a ""Mapped fields"" list whose unresolved values render in warning colour with the tooltip ""The map references a field this event did not carry; the unresolved placeholder is shown as-is""; and a ""Show Raw XML""/""Hide Raw XML"" button revealing the provider XML in a pre block. With no selection it shows ""Select a record to view details.""",Event grid > click a row,src/workspaces/event-log/EvtxDetailPane.tsx; src/workspaces/event-log/types.ts,all,full,,pass,story,none,,component_test: renders the event user identifier separately from the security identifier,2026-09-24T21:30:00Z,,,
EVTX-059,event-log,Operational diagnosis summary panel,"As an analyst I want an operational verdict with evidence and next checks, and an honest coverage readout.","A Card labelled ""Operational diagnosis"" renders only when a summary exists, showing an outcome badge (confirmedFailure -> ""Issues detected"", contradictoryEvidence -> ""Conflicting evidence"", symptomsOnly -> ""Potential issues detected"", insufficientEvidence and noFindings -> ""No issues detected""), the headline, and ""<N> actionable finding(s), <N> source coverage gap(s)"". ""Show diagnosis details"" opens a named, focusable region containing actionable findings (class, severity and confidence badges, title, summary, ""Evidence: ..."", ""Next: ..."" checks), ""Source coverage"" rows reading ""Coverage: <source> (<state>): <detail> (<n> occurrence(s))"" with identical gaps grouped, ""Correlations"" rows ""Correlation: <status> (<basis>) <left> -> <right|candidate ids|no direct match>"", and ""Error-token event details"" rows per family with their error tokens (showing the hex form, description and ""(unresolved)"" when not found). Each section renders at most 100 rows and then ""<N> <singular> omitted."" computed from the backend's authoritative counts.","Event Log Viewer > Operational diagnosis card > ""Show diagnosis details""",src/workspaces/event-log/EventDiagnosisPanel.tsx; src/workspaces/event-log/types.ts,all,full,,pass,story,none,,component_test: starts collapsed with an actionable-finding and source-coverage overview,2026-09-24T21:30:00Z,,,
EVTX-060,event-log,Build one bounded analysis session and page its timeline,As an analyst I want the unified timeline and the diagnosis to be built from all my evidence without a giant single call.,"Whenever the visible records, the scoped text-log entries or the merged coverage gaps change (debounced by 75 ms) and nothing is being loaded, the workspace builds exactly one analysis session: create, append the records then the text entries in chunks bounded to 1,000 rows and 8 MiB (oversized values replaced by a byte-bounded digest with the original byte count retained), finalize, then fetch the first 1,000-item page and the diagnosis in parallel and publish the session status. A build superseded by newer input or unmounted is cancelled with EventLogAnalysisCancelled and its session closed, and a failure shows ""Operational diagnosis could not be built: <message>"" plus ""Unified timeline could not be built: <message>"" instead of a partial panel. Paging throws ""The event-log analysis session is not ready."" and ""The event-log analysis session changed while paging."" when the session is missing or its revision moved.",Event Log Viewer (automatic); evtx_create_analysis_session / evtx_append_analysis_chunk / evtx_finalize_analysis_session / evtx_query_analysis_timeline / evtx_diagnose_analysis_session / evtx_close_analysis_session,src/workspaces/event-log/EventLogWorkspace.tsx; src/workspaces/event-log/event-analysis-session.ts; src-tauri/src/event_log/analysis_session.rs,all,full,,pass,story,none,,"component_test: creates, appends, and finalizes a backend-owned session",2026-09-24T21:30:00Z,,,
EVTX-061,event-log,Backend limits of the analysis session,As a maintainer I want the analysis session to refuse work beyond its own bounds instead of degrading silently.,"The session registry accepts at most 16 concurrent sessions (a further create returns ""event-log analysis session capacity of 16 is in use; close an existing analysis session and retry""), prunes sessions idle past one hour, and validates session ids of at most 128 characters. Appends reject more than 1,000 rows or more than an 8 MiB envelope, timeline pages must ask for between 1 and 1,000 items and are truncated to 8 MiB with a 100-item / 512 KiB preview for unplaced entries, correlation edges and coverage gaps, and diagnosis input is capped at 25,000 event records, archive text records, text entries and timeline edges.","IPC: evtx_create_analysis_session, evtx_append_analysis_chunk, evtx_query_analysis_timeline, evtx_diagnose_analysis_session, evtx_close_analysis_session",src-tauri/src/event_log/analysis_session.rs; src-tauri/src/event_log/commands.rs,all,full,,pass,story,none,,rust_test: src-tauri/src/event_log/analysis_session.rs #[test]s,2026-09-24T21:30:00Z,,,
EVTX-062,event-log,Unified timeline counts and dropped-item notice,As an analyst I want the merge summarised with its correlation strength and its unplaced items.,"Above the rows the view shows ""<N> log lines"" and ""<N> events"" from the session status; a marigold ""<N> timeline item(s) could not be placed: no timestamp"" appears only when the unplaced count is non-zero (with the tooltip explaining no sequence is invented); when correlation details are paged it shows ""correlations <N>""; otherwise it shows ""exact <N>"" (unique explicit identity matches within one normalized machine), ""candidate <N>"" in a muted colour (secondary identity only, not a causal relationship) and ""ambiguous <N>"" in marigold (contradictory or duplicate exact candidates remain unresolved) for the paged-in edges, plus ""coverage gaps <N>"" when any exist.",Event Log Viewer > unified timeline strip above the event grid,src/workspaces/event-log/UnifiedTimelineView.tsx; src/workspaces/event-log/unified-timeline.ts,all,full,,pass,story,none,,"component_test: shows exact, candidate, ambiguous, and coverage states",2026-09-24T21:30:00Z,,,
EVTX-063,event-log,Correlation details with evidence and coverage reasons,As an analyst I want to see why two pieces of evidence were linked and where the link is only a candidate.,"""Show correlation details"" opens a focusable region labelled ""Correlation details"" listing each edge as ""<strength> · <confidence> · <key kind>: <value>"", then ""from: <fromId> -> <toId or 'unresolved'>"", its ""candidate IDs"", up to 100 evidence lines ""<field>: <value> (<originId>)"" and ""coverage reason: <reason> (<source>)"" when the edge carries a gap (ambiguous edges get a marigold left border). It also lists coverage gaps as ""coverage: <reason> (<source>)"", each section reporting ""Showing the first N of M ...; K omitted."" when the preview is truncated.","Event Log Viewer > ""Show correlation details""",src/workspaces/event-log/UnifiedTimelineView.tsx; src/workspaces/event-log/unified-timeline.ts,all,full,,pass,story,none,,component_test: bounds coverage-gap details and gives duplicate gaps collision-free keys,2026-09-24T21:30:00Z,,,
EVTX-064,event-log,Empty and unplaced states of the unified timeline,As an analyst I want to know when the timeline is still building or could not place evidence.,"With no placeable items the view shows ""Building the unified timeline..."" while the build is pending; ""Nothing to place on the timeline yet. Load a log file and an event source to correlate them."" when nothing was unplaced; and otherwise the dropped summary plus a role=""list"" labelled ""Unplaced timeline entries"" listing up to 100 entries, each labelled ""UNPLACED EVT"" or ""UNPLACED LOG"" with the origin label, the ""<machine> · <source>"" context and ""No timestamp"", followed by ""Showing the first N of M unplaced entries; K omitted. Use the source details above to investigate the missing timestamps."" When rows do exist, the same entries appear in a marigold strip under the list as ""Unplaced event: no timestamp · <context>"" / ""Unplaced log: ..."".",Event Log Viewer > unified timeline (no placeable items); strip under the rows,src/workspaces/event-log/UnifiedTimelineView.tsx; src/workspaces/event-log/unified-timeline.ts,all,full,,pass,story,none,,component_test: renders actionable details when every entry is unplaced,2026-09-24T21:30:00Z,,,
EVTX-065,event-log,Unified timeline rows with source badges,As an analyst I want each merged line to say which side of the merge it came from.,"Each row shows an ""EVT"" (titled ""Windows event"") or ""LOG"" (titled ""Text log line"") badge, the timestamp formatted in the workspace's local/UTC mode, the origin label (file name plus ""[component]"" for a log, channel leaf plus ""(<eventId>)"" for an event), the ""<machine> · <source>"" context and the message, with the full provenance available as a title on the label, context and message cells; severity is carried by the 4px left border colour. A row whose page has not arrived yet renders ""Loading timeline row…"" in place.",Event Log Viewer > unified timeline rows,src/workspaces/event-log/UnifiedTimelineView.tsx; src/workspaces/event-log/unified-timeline.ts; src/workspaces/event-log/evtx-time.ts,all,full,,pass,story,none,,"component_test: virtualizes a 100,000-item backend timeline from a bounded first page",2026-09-24T21:30:00Z,,,
EVTX-066,event-log,"Timeline page cache, eviction and bounded retry",As an analyst I want to scroll a huge timeline without unbounded memory or a silent blank page.,"Pages are 1,000 items and are cached around the viewport with a +/-1 page radius, always keeping the visible segment and dropping non-visible segments once the retained bytes would exceed 24 MiB (byte sizes are the backend's authoritative serializedBytes). One page request runs at a time and a response whose sessionId or revision no longer matches the session is rejected rather than inserted; a page's offset and nextOffset must match the request. A failed visible page is retried automatically at most twice with 100 ms × 2^(n-1) backoff and then shown as ""A timeline page could not be loaded: <message>"" with a ""Retry timeline page"" button that resets the attempt count.","Event Log Viewer > unified timeline (scrolling far); ""Retry timeline page""",src/workspaces/event-log/UnifiedTimelineView.tsx,all,full,"EVENT_LOG_TIMELINE_PAGE_SIZE = 1000, EVENT_LOG_TIMELINE_CACHE_RADIUS = 1, EVENT_LOG_TIMELINE_CACHE_BYTE_LIMIT = 24 MiB, EVENT_LOG_TIMELINE_AUTOMATIC_RETRY_LIMIT = 2.",pass,story,none,,component_test: evicts distant pages while scanning and reloads an evicted page,2026-09-24T21:30:00Z,,,
EVTX-067,event-log,Unified timeline wire contract and origin helpers,As a maintainer I want the frontend to reject a timeline the backend did not promise and to describe origins consistently.,"assertUnifiedTimelineShape strictly decodes items, unplaced items, edges and coverage gaps, rejecting an unknown severity, correlation key kind, strength, confidence or unplaced reason, requiring coverage.gap when coverage.state is ""gap"" and forbidding it when ""covered"", and rejecting a non-numeric timestampMs. originLabel gives the log file name (with ""[component]"") or the channel leaf plus ""(eventId)""; originContext gives ""<machine or 'machine unknown'> · <source>""; originDetail gives the full path/line and source/machine/bundle/record provenance for a log and channel/provider/event/record plus process, activity, session, device, user, process start and stable identity for an event, showing ""missing"" for a zero record id and ""unavailable (see stable identity)"" when the numeric id cannot be shown exactly. unplacedSummary returns null when nothing was dropped and otherwise ""<n> log line(s) and <n> event(s) could not be placed: no timestamp"", timelineCounts counts events, logs and unplaced, and scopeLogEntries keeps every entry in a merged tab while filtering to the active source otherwise (case-insensitive paths on Windows, a root scope keeping aggregate entries).",Every analysis-session reply boundary; tab/source scoping of text-log entries,src/workspaces/event-log/unified-timeline.ts; src/workspaces/event-log/EventLogWorkspace.tsx,all,full,,pass,story,none,,component_test: does not present a missing EventRecordID as record zero,2026-09-24T21:30:00Z,,,
EVTX-068,event-log,Correlation is exact only within one machine identity,"As an analyst I want a correlation claimed as exact to actually be one, and anything weaker labelled as such.","correlate_timeline/correlate_origins emit exact edges only for keys whose observations agree within one normalized machine identity - ActivityID, related ActivityID, provider+channel+EventRecordID (case-folded for Windows-shaped sources, case-preserving for POSIX paths), or processId paired with processStartTime as a single key - with directional evidence for a related-activity match. Observation-only or timestamp-only agreement produces candidate edges, contradictory or duplicate exact candidates produce ambiguous edges carrying their candidateIds, and a malformed process start or an unknown machine produces a coverage gap instead of a match. Identity and relation budgets cap the output with explicit omitted-gap reasons rather than emitting a partial exact group.","Event Log Workspace analysis session diagnosis/timeline build (correlate_timeline, correlate_origins)",crates/cmtraceopen-parser/src/unified_timeline/mod.rs; src-tauri/src/event_log/timeline.rs,all,full,,pass,story,none,,rust_test: unified_timeline::tests::exact_activity_identity_requires_same_machine,2026-09-24T21:30:00Z,,,
EVTX-069,event-log,Place events on the timeline and bound oversized evidence,As an analyst I want event levels and missing timestamps treated honestly when events join the timeline.,"from_event maps Critical/Error/Warning/Verbose/Information to the timeline severities and returns an unplaced item with reason missingTimestamp when the record carries no parseable timestamp (the origin is still reported so the item can be investigated). Messages longer than 8 KiB and identity/provenance text longer than 256 B are compacted to a truncated form carrying ""...[<bytes> bytes; digest=<hash>]"", an item serializing beyond 128 KiB is bounded the same way, and each such projection records a coverage gap under its own source (timeline-item-projection, timeline-message-projection, timeline-correlation-projection). Equal timestamps order by a canonical cross-source identity key so appending live records reconciles into the same order.",Event Log Workspace analysis session build; unified timeline rows,src-tauri/src/event_log/timeline.rs; crates/cmtraceopen-parser/src/unified_timeline/mod.rs,all,full,,pass,story,none,,rust_test: unified_timeline::tests::an_entry_without_a_timestamp_is_reported_rather_than_placed,2026-09-24T21:30:00Z,,,
TL-001,timeline,Build multi-source timeline,As an analyst I merge logs into swimlanes.,"Empty: Drop log files / File > New Timeline from Folder. Empty Timeline clears. Drop unions paths. The Timeline picker accepts .log/.cmtlog; .evtx belongs to the Full-edition Event Log Viewer and is not advertised here. File > Open / Open Folder while Timeline is active call timelineWorkspace.onOpenSource -> openTimelineSource -> buildTimelineFromSources, unioning existing sources. An IME log folder also adds the folder path so extract_ime_events can run. An empty folder is a no-op. Source failures returned inside a successful bundle remain visible above the timeline.",File New Timeline submenu; drop,src/components/timeline/TimelineWorkspace.tsx; src-tauri/src/menu.rs; src/workspaces/timeline/open-timeline-source.ts; src/workspaces/timeline/index.ts,all,both,"Log Explorer Merge into Timeline is a merged tab, not this workspace. The Full-edition Event Log Viewer is the shipped EVTX route.",pass,retest,none,No confirmed defect remains in the focused picker and source-error regressions.,focused_test,2026-08-22T22:28:38Z,pass,2026-09-24T21:30:00Z,Removed EVTX from Timeline's advertised filter and made bundle source errors persistent. Tests: timeline/index.test.ts; TimelineWorkspace.test.tsx; open-timeline-source.test.ts.
TL-002,timeline,"Solo/mute lanes, brush, incidents, list","As a user I isolate a source, zoom a window, and jump to incidents.","Lane chip click solos; Shift-click mutes. Brush filters entries. Incident chips set brush to incident±2s. Detail: summary, confidence, Copy anchor GUID. Combined LogListView under lanes.",LaneLegend; BrushOverlay; IncidentChipBar,src/components/timeline/LaneLegend.tsx; BrushOverlay.tsx; IncidentChipBar.tsx; IncidentDetailPanel.tsx,all,both,timeline-store solo/mute/brush/incident.,pass,retest,none,No confirmed defect in current verification.,existing_test,2026-08-18T19:17:47Z,pass,2026-09-24T21:30:00Z,No confirmed defect or remediation required; current behavior retained.
TL-003,timeline,Unified and unplaced Event Viewer evidence,As an analyst I want mixed text-log and EVTX evidence to show what correlated and what could not be placed.,"The Event Log Workspace builds a backend-owned unified timeline from current EVTX records plus the active scoped text-log entries and renders it above the event grid. The coordinator serializes builds and rejects stale completions. The view labels event/log origins and source/machine provenance, shows exact/candidate/ambiguous correlation and coverage states, and reports bounded unplaced records with reasons/counts. Event-list filters project the cached timeline to visible EVTX records without rebuilding it; operational diagnosis receives the complete current timeline rather than the visible subset.",Event Log Workspace unified timeline above EvtxTimeline,src/workspaces/event-log/EventLogWorkspace.tsx; src/workspaces/event-log/UnifiedTimelineView.tsx; src/workspaces/event-log/unified-timeline.ts; src/workspaces/event-log/evtx-store.ts; crates/cmtraceopen-parser/src/unified_timeline/mod.rs; src-tauri/src/event_log/timeline.rs; src-tauri/src/event_log/commands.rs,all,full,"Component, integration, decoder, filter-projection, and Rust timeline tests cover UI wiring, origin identity, bundle provenance, unplaced summaries, correlation states, serialized debounce, stale-result rejection, and projection without rebuild. Unix source case and literal backslashes remain distinct while Windows-shaped sources case-fold. A real Tauri mixed-source investigation was not exercised on this lane.",partial,retest,coverage,The UI and producer-consumer provenance paths are shipped; exact-head installed-app mixed-source acceptance remains outstanding.,focused_test+source_review,2026-08-23T05:12:20Z,partial,2026-09-24T21:30:00Z,"Unified the collector bundle identifier and parser contract, preserved Unix path identity, retained Windows case-insensitive correlation, serialized timeline builds, rejected stale completions, and kept cached projection separate from diagnosis."
TL-004,timeline,Timeline empty drop zone,As an analyst I want a clear way to start a timeline by dropping logs.,"area=timeline; With no bundle the Timeline workspace renders a dashed drop target reading ""Drop log files here"" and ""Or use File → New Timeline from Folder…"", plus an alert with the last load error; dropping files appends the paths that carry a filesystem path through openTimelineFiles, and a drop with no usable paths does nothing. Once a bundle exists the same drop target behaviour applies to the whole workspace layout.",Timeline workspace empty state (drop files); File > New Timeline from Folder…,src/components/timeline/TimelineWorkspace.tsx; src/workspaces/timeline/open-timeline-source.ts,all,both,TL-001 covers the source-opening flow coarsely; this row is the drop zone's own empty state.,pass,story,none,,e2e_browser: stories/timeline-events.spec.ts :: [TL-004] the empty timeline is a drop target that reports the last load error,2026-09-24T21:30:00Z,,,
TL-005,timeline,Timeline source load errors stay visible,As an analyst I want a failed source reported without losing the timeline I already built.,"area=timeline; When a bundle exists and either the store loadError or the bundle's errors array is non-empty, the workspace renders a red band containing the load error and, for bundle errors, ""<N> timeline source(s) could not be loaded"" with each ""<path>: <message>"" in a list, while the lanes, chips and list below stay visible.",Timeline workspace (band above the lane legend),src/components/timeline/TimelineWorkspace.tsx; src/workspaces/timeline/open-timeline-source.ts; src/stores/timeline-store.ts,all,both,"Extends TL-001, which mentions bundle errors in passing.",pass,story,none,,component_test: tracks and clears source-open errors,2026-09-24T21:30:00Z,,,
TL-006,timeline,Solo and mute a lane from the legend,As an analyst I want to isolate or silence one source's lane.,"area=timeline; Each source renders a chip with its colour swatch, display name and entry count. A plain click solos that lane (clicking the soloed lane clears the solo) and a Shift-click mutes it; the tooltip reads ""Click: solo this lane. Shift-click: mute this lane."". Muted chips are dimmed and excluded from the lanes, buckets and entry query, and a solo restricts both to that source.",Timeline workspace > lane legend chips,src/components/timeline/LaneLegend.tsx; src/stores/timeline-store.ts; src/components/timeline/hooks/useTimelineEntries.ts,all,both,Extends TL-002 (which states the click behaviour without the mute/visibility consequences).,pass,story,none,,component_test: solo toggle sets and clears soloSourceIdx,2026-09-24T21:30:00Z,,,
TL-007,timeline,Draw swim lanes with severity and density,As an analyst I want to see where each source is busy and where it errored.,"area=timeline; SwimLaneCanvas paints one lane per visible source at the measured container width (device-pixel-ratio aware), drawing each bucket at its time proportion with the source colour, or the error fill when the bucket has errors, or the warning fill when it has warnings and no errors, with opacity scaled from 0.35 to 0.95 by bucket density (totalCount/20). Hovering a bucket reports ""<totalCount> rows · <errorCount> errors"" in the corner readout and leaving the canvas clears it; buckets are re-queried by query_lane_buckets_cmd for the current width and brush range.",Timeline workspace > lane area (hover),src/components/timeline/SwimLaneCanvas.tsx; src/components/timeline/TimelineWorkspace.tsx; src/components/timeline/hooks/useLaneBuckets.ts,all,both,,pass,retest,none,,e2e/stories/timeline-events.spec.ts :: [TL-007] hovering a bucket reports its row and error counts,2026-09-24T21:30:00Z,pass,2026-09-24T21:30:00Z,Defect fixed and re-verified: e2e/stories/timeline-events.spec.ts :: [TL-007] hovering a bucket reports its row and error counts
TL-008,timeline,Time ruler under the lanes,As an analyst I want clock landmarks along the lane area.,"area=timeline; TimelineRuler draws an SVG as wide as the lane area with between 4 and 12 ticks (one per ~120px of width) spanning the bundle's time range, each with a tick mark and an HH:MM:SS label centred on the tick.",Timeline workspace > ruler above the lanes,src/components/timeline/TimelineRuler.tsx; src/components/timeline/TimelineWorkspace.tsx,all,both,,pass,story,none,,e2e_browser: stories/timeline-events.spec.ts :: [TL-008] the ruler spans the lane area with HH:MM:SS ticks,2026-09-24T21:30:00Z,,,
TL-009,timeline,Brush a time window on the timeline,As an analyst I want to drag a window and have the list and lanes follow it.,"area=timeline; Dragging on the timeline draws a translucent dashed band and, on release, sets brushRange to the dragged time span; a drag shorter than 3px clears the range instead; the stored range is redrawn as the band on later renders. Setting or clearing the range invalidates the bucket and entry caches so the lane buckets and log list re-query with rangeMs, and a selected incident sets the brush to the incident span padded by two seconds.",Timeline workspace > drag on the lane area,src/components/timeline/BrushOverlay.tsx; src/stores/timeline-store.ts; src/components/timeline/hooks/useTimelineEntries.ts,all,both,"Extends TL-002 (brush filters entries) with the drag threshold, cache invalidation and incident padding.",pass,story,none,,"component_test: brushRange defaults to null, can be set and cleared",2026-09-24T21:30:00Z,,,
TL-010,timeline,Incident chips with confidence colouring,As an analyst I want to jump to a detected incident from a chip.,"area=timeline; With a bundle loaded, IncidentChipBar renders one chip per incident reading ""#<id> · <summary>"" with a dot coloured red when confidence >= 0.8, yellow when >= 0.6 and neutral otherwise; clicking the chip selects the incident and clicking the selected chip clears the selection. With a bundle but no incidents it shows ""No incidents detected — adjust signal settings in the gear menu."", and with no bundle it renders nothing.",Timeline workspace > incident chip bar,src/components/timeline/IncidentChipBar.tsx; src/stores/timeline-store.ts,all,both,"The suggested ""gear menu"" for signal settings does not exist in the UI (update_timeline_tunables_cmd has no caller).",pass,story,none,,e2e_browser: stories/timeline-events.spec.ts :: [TL-010] the chip bar distinguishes no incidents from no bundle,2026-09-24T21:30:00Z,,,
TL-011,timeline,Incident detail panel with anchor GUID and signals,"As an analyst I want the evidence behind an incident, and the GUID to share.","area=timeline; Selecting an incident fetches query_incident_details_cmd and renders an aside with ""Incident #<id>"", a ""Close"" button that clears the selection, the summary, ""<start time>–<end time> · confidence <n>%"", a ""Sources"" list of per-source signal counts, an ""Anchor GUID"" section showing the GUID in a code element with a ""Copy"" button that writes it to the clipboard through the clipboard plugin, and a ""Signals (N)"" list where each entry shows ""<time> · <sourceName> · <kind>"" (with ""· (correlated)"" when the signal carries a correlation id) above its preview line. No panel renders when no incident is selected or the query fails.",Timeline workspace > incident chip > detail panel,src/components/timeline/IncidentDetailPanel.tsx; src/components/timeline/hooks/useIncidentDetail.ts; src-tauri/src/timeline/query.rs,all,both,,pass,story,none,,e2e_browser: stories/timeline-events.spec.ts :: [TL-011] a failed detail query leaves no panel behind,2026-09-24T21:30:00Z,,,
TL-012,timeline,Append or replace timeline sources without interleaving,"As an analyst I want adding files to add to the timeline, and New Timeline to start clean.","area=timeline; openTimelineSource appends: it takes the file path, or a folder's non-directory children - plus the folder path itself when AgentExecutor.log or IntuneManagementExtension.log is present - and rebuilds the timeline from the deduplicated union with the existing bundle's sources. An empty path list is a no-op. replaceTimelineSource clears the current bundle first and builds from the new selection only. All opens run through one serialised queue that records any failure via setLoadError, and a build that finishes after a newer open started does not publish its bundle.",File > Open / drag-drop with the Timeline workspace active,src/workspaces/timeline/open-timeline-source.ts; src/components/timeline/hooks/useTimelineBundle.ts; src/stores/timeline-store.ts,all,both,"Extends TL-001 with the queue, the empty-replacement and stale-build rules.",pass,story,none,,component_test: serializes overlapping opens so later files are not lost,2026-09-24T21:30:00Z,,,
TL-013,timeline,New Timeline menu actions,As an analyst I want menu-driven folder timelines and a way to start over.,"area=timeline; File > New Timeline from Folder… opens a directory picker, makes the Timeline workspace visible and calls replaceTimelineSource for the chosen folder. File > New Timeline > Empty Timeline clears the bundle (setBundle(null)) and shows the Timeline workspace; a build that was already running when the empty timeline was requested does not restore a bundle afterwards.","File > New Timeline > ""New Timeline from Folder…""; File > New Timeline > ""Empty Timeline""",src/hooks/use-app-menu.ts; src-tauri/src/menu.rs; src/workspaces/timeline/open-timeline-source.ts; src/stores/timeline-store.ts,all,both,"Extends TL-001 (menu ids file.new_timeline_from_folder, file.new_empty_timeline).",pass,story,none,,component_test: does not restore a build completed after New Timeline Empty,2026-09-24T21:30:00Z,,,
TL-014,timeline,Timeline store state transitions and cache bounds,As an analyst I want switching timelines or filters never to leave stale lane or row data.,"area=timeline; setBundle (including setBundle(null) and reset) initialises laneVisibility with one true entry per source and clears the incident selection, brush range, solo and both caches, and increments timelineGeneration so a build started under the old generation cannot publish. Setting or clearing the brush range, muting a lane, changing the solo and selecting an incident all invalidate the bucket and entry caches; putBuckets keeps at most 32 keys and putEntries at most 128, evicting the oldest; replaceIncidents swaps the incident list on the existing bundle in place.","Timeline workspace > lane chips, brush, incident chips; New/Empty Timeline",src/stores/timeline-store.ts; src/workspaces/timeline/open-timeline-source.ts,all,both,,pass,story,none,,component_test: sets bundle and initializes laneVisibility from sources,2026-09-24T21:30:00Z,,,
TL-015,timeline,"Timeline backend queries: entries, buckets, incident detail","As an analyst I want paged rows, lane buckets and incident evidence for the current window.","area=timeline; build_timeline_cmd indexes the requested sources and stores the timeline plus its per-source parser runtimes under the bundle id. query_timeline_entries_cmd returns at most the requested number of entries (the UI asks for 1000) within an optional inclusive [lo, hi] range and optional source set, sorted by timestamp then (source index, entry index), re-materialising each log line from its recorded byte offset (64 KiB per line) and dropping an entry whose file can no longer be read; query_lane_buckets_cmd returns per-lane buckets with total/error/warn counts (defaulting to the bundle's span); query_incident_details_cmd returns the incident with its signals and per-source counts, and notFound when the timeline or incident id is unknown.","IPC: build_timeline_cmd, query_timeline_entries_cmd, query_lane_buckets_cmd, query_incident_details_cmd",src-tauri/src/commands/timeline.rs; src-tauri/src/timeline/query.rs; src-tauri/src/timeline/store.rs,all,both,Full log text is not retained in memory; rows are re-materialised from file offsets on demand.,pass,story,none,,rust_test: timeline::store::tests::total_entries_sums_across_sources,2026-09-24T21:30:00Z,,,
TL-016,timeline,Timeline build validation and per-source failures,As an analyst I want an empty or oversized timeline refused and unreadable sources reported.,"area=timeline; build_timeline returns TimelineError::NoSources for an empty request; as soon as the running total exceeds the 5,000,000-entry limit it returns TimelineError::TooLarge { estimated, limit }; a source that cannot be read is recorded as a SourceError { path, message } on the bundle and the remaining sources still contribute; each source gets a colour from the eight-entry palette by index and a display name defaulting to the file name; a directory is treated as an IntuneEvents source only when it yields IME events; and the bundle carries the discovered [min, max] time range and total entry count.",IPC: build_timeline_cmd,src-tauri/src/timeline/builder.rs; src-tauri/src/timeline/models.rs; src-tauri/src/commands/timeline.rs,all,both,"DEFAULT_ENTRY_LIMIT = 5_000_000; classify_folder accepts .log/.cmtlog/.txt and the setupact/setupapi log names, and adds an IME folder when AgentExecutor.log or IntuneManagementExtension.log is present.",pass,story,none,,rust_test: timeline::builder::tests_classify::classifies_plain_log_directory,2026-09-24T21:30:00Z,,,
TL-017,timeline,Incident detection from signals and tunables,As an analyst I want incidents derived from cross-source failure signals with a defensible confidence.,"area=timeline; Signals are emitted only for the enabled kinds: severity-error log lines, lines flagged as carrying an error code, and Intune events whose status is failed and which have a start time. Clusters group signals within overlapWindowMs (default 5000) and are bounded by maxIncidentSpanMs (default 60000); a cluster qualifies only when it spans at least minSourceCount (default 2) distinct sources. Confidence scores 0 / 0.5 / 0.75 / 0.85 for 1 / 2 / 3 / 4+ sources plus up to 0.24 for GUID matches and 0.10 for density, capped at 1.0. A failed Intune event supplies the anchor event reference and, when its normalized GUID is not in deniedGuids, the anchor GUID, which stamps ""(correlated)"" onto other signals whose materialized message contains the same GUID. The summary is ""<event kind> failed: <display name>"" for an anchor, otherwise ""<N> signals across <M> sources"".",Timeline build (automatic); TimelineTunables.overlapWindowMs / minSourceCount / maxIncidentSpanMs / enabledSignalKinds,src-tauri/src/timeline/incidents.rs; src-tauri/src/timeline/models.rs; src/types/timeline.ts,all,both,,pass,story,none,,rust_test: src-tauri/src/timeline/incidents.rs #[test]s (tests_emit/tests_cluster/tests_qualify/tests_detect),2026-09-24T21:30:00Z,,,
TL-018,timeline,Update incident tunables in place,As an analyst I want to re-detect incidents with different thresholds without rebuilding the timeline.,"area=timeline; update_timeline_tunables_cmd re-runs the cached raw signals with the supplied TimelineTunables (enabled signal kinds, overlap window, minimum source count, maximum incident span) against the existing timeline's IME events and denied GUIDs, stores the new incidents on the timeline and returns them; an unknown timeline id returns notFound { id }. No frontend action calls this command, so the ""gear menu"" the empty incident chip bar refers to is not implemented.",IPC: update_timeline_tunables_cmd,src-tauri/src/commands/timeline.rs; src-tauri/src/timeline/incidents.rs,all,both,static-only: the redetect path is exercised only through incidents.rs unit tests for redetect_from_signals; the command itself has no test and no UI caller,pass,story,none,,e2e_browser: stories/timeline-events.spec.ts :: [TL-018] no front-end action reaches update_timeline_tunables_cmd,2026-09-24T21:30:00Z,,,
SCCM-001,sccm,Discover ConfigMgr roles,As a Windows admin I detect installed client/site roles before capturing files.,"Discover / Refresh discovery. Ready strip: Collector Supported/Unavailable, ConfigMgr version, Observed roles with Registry/Service/CIM basis. Issue rail for unsupported, access denied, discovery failed. No host paths or identifiers shown.",SccmWorkspace header,src/workspaces/sccm/SccmWorkspace.tsx,windows,full,"Discover roles, no host paths (RTL).",partial,retest,coverage,Native platform behavior is unavailable on this macOS host; automated coverage is contract/component-level.,existing_test,2026-08-18T19:17:47Z,partial,2026-09-24T21:30:00Z,No confirmed defect or remediation required; current behavior retained.
SCCM-002,sccm,Capture diagnostic bundle,As an admin I retain allow-listed sources for observed roles.,"Capture diagnostic bundle enabled only if discovery.supported && roles.length>0. Receipt: artifact count, retained bytes, captured time, Reveal bundle.",Header + receipt,src/workspaces/sccm/SccmWorkspace.tsx,windows,full,Capture receipt + reveal (RTL).,partial,retest,coverage,Native platform behavior is unavailable on this macOS host; automated coverage is contract/component-level.,existing_test,2026-08-18T19:17:47Z,partial,2026-09-24T21:30:00Z,No confirmed defect or remediation required; current behavior retained.
SCCM-003,sccm,Authorize bounded advanced capture,"As an admin I optionally capture OSD/PXE, cert/PKI, reporting, cloud, or BGB from an operator-chosen root.",Choose candidate root (path not stored) -> confirm maxBytes/maxFiles -> authorizeSccmAdvancedCapture -> confirm Capture this bounded source now. Unmount/cancel clears capability. Blocked cards disabled.,Advanced sources panel,src/workspaces/sccm/SccmWorkspace.tsx,windows,full,Advanced authorize/capture/cancel (RTL).,partial,retest,coverage,Native platform behavior is unavailable on this macOS host; automated coverage is contract/component-level.,existing_test,2026-08-18T19:17:47Z,partial,2026-09-24T21:30:00Z,No confirmed defect or remediation required; current behavior retained.
SCCM-004,sccm,SCCM coverage ledger,"As an admin I treat missing/denied/capped sources as coverage, not health.","Columns Source, Role, Rotation, State, Retained. States: Captured, Absent, Access denied, Capped, Skipped, Unsupported, Parse failed. Empty: No allow-listed SCCM sources were observed.",Source coverage panel,src/workspaces/sccm/SccmWorkspace.tsx,windows,full,Coverage ledger states (RTL).,partial,retest,coverage,Native platform behavior is unavailable on this macOS host; automated coverage is contract/component-level.,existing_test,2026-08-18T19:17:47Z,partial,2026-09-24T21:30:00Z,No confirmed defect or remediation required; current behavior retained.
SCCM-005,sccm,SCCM Diagnostics workspace availability follows the build feature,As a Windows admin I want the SCCM Diagnostics workspace offered only when the SCCM collector is compiled in so that I am not shown tools that cannot run.,"The registry exposes sccmWorkspace with id ""sccm"", label ""SCCM Diagnostics"", statusLabel ""SCCM diagnostics workspace"", platforms [""windows""], liveAcquisition true and a lazily imported SccmWorkspace component; sidebar/tabStrip/findBar/detailsPane/infoPane/footerBar/multiFileDrop/fontSizing/knownSources are all false. get_available_workspaces pushes ""sccm"" only when cargo feature sccm-diagnostics is enabled, so the Lite build never lists the workspace.","Workspace switcher entry ""SCCM Diagnostics""; IPC command get_available_workspaces",src/workspaces/sccm/index.ts; src/workspaces/registry.ts; src/workspaces/sccm/types.ts; src-tauri/src/commands/app_config.rs,windows,full,"cargo feature sccm-diagnostics is part of full and absent from lite; the five SCCM IPC commands are #[cfg(feature = ""sccm-diagnostics"")] in src-tauri/src/lib.rs.",pass,story,none,,rust_test: commands::app_config::tests::sccm_workspace_availability_matches_the_build_feature,2026-09-24T21:30:00Z,,,
SCCM-006,sccm,Read-only discovery idle panel states the no-write contract,As a Windows admin I want an explicit pre-capture statement that discovery is read-only so that I know nothing is written before I ask.,"Before any discovery the workspace shows the ""01"" idle panel titled ""Read-only environment discovery"" saying discovery ""reads allow-listed system facts and does not create a bundle"", plus the badges NO INPUT PATHS, NO HOST IDENTIFIERS and NO WRITES. The only action is the primary ""Discover environment"" button; no capture button exists until a discovery payload arrives.","""Discover environment"" button; aria-label ""Discover SCCM environment""",src/workspaces/sccm/SccmWorkspace.tsx; src/workspaces/sccm/sccm-workspace.css,windows,full,extends SCCM-001,pass,story,none,,component_test: starts with a read-only environment discovery action,2026-09-24T21:30:00Z,,,
SCCM-007,sccm,Environment strip and discovery issue rail render the discovered state,"As a Windows admin I want the discovered environment reduced to collector support, ConfigMgr version, observed roles and explicit issues so that ""not installed"" is distinguishable from ""could not read"".","After discovery the ""Discovered environment"" strip shows Collector = Supported/Unavailable, ConfigMgr = the version string or ""Not reported"", and Observed roles chips (Client, Site Server, Management Point, Distribution Point, Software Update Point, WSUS, Provider, Admin Service, PXE Distribution Point, Certificate Registration Point, Reporting Services Point, CMG Connection Point, Service Connection Point, Client Notification Server, Unclassified candidate) each with basis Registry/Service/CIM, or ""No SCCM roles observed"". Issues render in the ""Discovery issues"" rail as ""Unsupported platform"", ""Registry access denied"", ""CIM access denied"" or ""Discovery failed"" with the affected role when present.","aria-label ""Discovered environment""; aria-label ""Discovery issues""",src/workspaces/sccm/SccmWorkspace.tsx; src/workspaces/sccm/types.ts,windows,full,extends SCCM-001; ROLE_LABELS/BASIS_LABELS/ISSUE_LABELS are the label source and SccmDiscoveryIssueCode has exactly those four codes.,pass,story,none,,e2e_browser: stories/timeline-events.spec.ts :: [SCCM-007] the environment strip and issue rail render the discovered state,2026-09-24T21:30:00Z,,,
SCCM-008,sccm,Supported host with no SCCM roles blocks capture,As a Windows admin I want capture refused with an explanation when discovery finds no ConfigMgr roles so that I do not produce an empty bundle.,"When discovery returns supported true with an empty roles list the workspace renders the ""No SCCM roles detected"" panel (""This host is supported, but discovery found no Configuration Manager roles to collect."") and disables ""Capture diagnostic bundle"" because canCapture requires discovery.supported && discovery.roles.length > 0. The zustand beginCapture action also refuses the capturing transition in that state.","""Capture diagnostic bundle"" (disabled); store action beginCapture",src/workspaces/sccm/SccmWorkspace.tsx; src/workspaces/sccm/sccm-store.ts,windows,full,extends SCCM-001 and SCCM-002,pass,story,none,,component_test: keeps capture unavailable when discovery finds no SCCM roles,2026-09-24T21:30:00Z,,,
SCCM-009,sccm,Native failure banner preserves the last discovery,As a Windows admin I want a failed native call stated plainly while my earlier discovery stays on screen so that I can retry without losing context.,"Any rejected SCCM IPC call sets a store error and the workspace renders a role=""alert"" banner ""Native operation failed"" with the message, falling back to ""SCCM environment discovery failed."", ""SCCM diagnostic capture failed."" or ""Advanced SCCM capture failed."" when the error carries no message; the previous discovery, ledger and capture receipt remain visible and phase returns to ready. While phase is discovering, capturing, authorizing or capturingAdvanced every button is disabled and the acting button shows a Spinner with label ""Discovering environment"", ""Capturing bundle"", ""Authorizing"" or ""Capturing"".","""Discover environment"" / ""Refresh discovery"" / ""Capture diagnostic bundle""; role=alert banner ""Native operation failed""",src/workspaces/sccm/SccmWorkspace.tsx; src/workspaces/sccm/sccm-store.ts,windows,full,"extends SCCM-001/002/003; store fail() keeps discovery, clears any pending capability and resets phase to ready/idle.",pass,story,none,,component_test: keeps the previous discovery visible when capture fails,2026-09-24T21:30:00Z,,,
SCCM-010,sccm,Capture receipt reports what was retained and reveals the bundle,As a Windows admin I want a receipt for a finished capture with a way to open the bundle folder so that I can hand the evidence on.,"A completed capture renders the ""Capture result"" section with ""Bundle retained"" -> ""N artifacts"" (singular ""1 artifact""), ""Payload"" -> formatBytes(retainedBytes) (""0 B"", ""512 B"", ""1.5 KiB"", ""2.0 MiB""), ""Captured"" -> the capturedAtUtc timestamp formatted with locale dateStyle/timeStyle medium (raw string when unparsable) and a ""Reveal bundle"" button that calls reveal_in_file_manager with capture.bundleRoot; a reveal failure raises the banner message ""The captured bundle could not be revealed."".","""Reveal bundle"" button; IPC command reveal_in_file_manager",src/workspaces/sccm/SccmWorkspace.tsx; src/lib/commands.ts,windows,full,extends SCCM-002; the reveal-failure branch has no component test.,pass,story,none,,component_test: reports retained counts and reveals a successful capture,2026-09-24T21:30:00Z,,,
SCCM-011,sccm,Advanced bounded-source cards show provenance and hard limits,As a Windows admin I want each optional advanced source shown with its provenance and limits before I pick a directory so that I know exactly what would be read.,"The ""02 / ADVANCED SOURCES"" panel ""Bounded role capture"" lists each advancedSources option as a card labelled with the human card name (""OSD / PXE"", ""Certificate enrollment / PKI"", ""Reporting services"", ""Cloud service connection"", ""Client notification / BGB"") plus the technical source id, a provenance line (""Observed role/path - bounded capture"", ""Operator-declared candidate root - role not observed; capture only"" or ""Unavailable on this host""), the limits line ""{maxBytes} total / source"", ""{maxFiles} files"", ""current + LO_"", and a ""Choose candidate root"" button that is disabled for blocked options or while native work is in flight; the panel header counts ""N allow-listed"".","""Choose candidate root""; ""02 / ADVANCED SOURCES""; IPC command discover_sccm_environment (advancedSources)",src/workspaces/sccm/SccmWorkspace.tsx; src-tauri/src/sccm/collector/advanced_capture.rs,windows,full,extends SCCM-003; options mirror the six ADVANCED_SOURCE_CONTRACTS with maxBytes 4 MiB and maxFiles 2.,pass,story,none,,component_test: runs picker consent authorization and single-use advanced capture,2026-09-24T21:30:00Z,,,
SCCM-012,sccm,Two-step consent drives authorize then capture for one bounded source,As a Windows admin I want to choose an exact root and accept the size/file budget before any bounded advanced capture runs so that operator consent is explicit.,"Choosing a card opens the native directory picker open({directory:true,multiple:false}); a cancelled selection is a no-op. Confirming ""Retain at most <bytes> across <n> exact current/LO_ files?"" calls authorize_sccm_advanced_capture with cardId, cardVersion, sourceId, roleScope, pathClass, expectedSourceVersion and selectedRoot; on success the panel shows role=""status"" ""Single-use authorization ready"" and a second confirm ""Authorization is ready. Capture this bounded source now?"" runs capture_sccm_advanced_diagnostics with the capability handle and completes the capture receipt. The selected directory is never rendered, logged or stored in the workspace.","window.confirm ""Retain at most ... exact current/LO_ files?""; ""Single-use authorization ready""; IPC commands authorize_sccm_advanced_capture and capture_sccm_advanced_diagnostics",src/workspaces/sccm/SccmWorkspace.tsx; src/workspaces/sccm/sccm-store.ts,windows,full,extends SCCM-003; the path crosses the IPC boundary only inside the authorization request.,pass,story,none,,component_test: runs picker consent authorization and single-use advanced capture,2026-09-24T21:30:00Z,,,
SCCM-013,sccm,"Unused advanced capabilities are cancelled on decline, unmount or operation replacement",As a Windows admin I want an unused authorization dropped as soon as I decline or leave so that no single-use capability lingers.,"Declining the second confirm clears the capability and calls cancel_sccm_advanced_capture(capabilityHandle); unmounting the workspace or starting a replacement operation bumps the operation counter and cancels any not-yet-consumed capability, and the late result is discarded without overwriting the newer state.","window.confirm ""Authorization is ready. Capture this bounded source now?"" -> Cancel; component unmount; starting a second ""Choose candidate root"" operation",src/workspaces/sccm/SccmWorkspace.tsx; src/workspaces/sccm/sccm-store.ts,windows,full,extends SCCM-003; advancedOperationRef plus mountedRef gate every late continuation.,pass,story,none,,component_test: cancels a capability when final consent is declined,2026-09-24T21:30:00Z,,,
SCCM-014,sccm,Evidence ledger separates coverage state from detail code,"As a Windows admin I want the coverage ledger to distinguish state from the underlying detail so that ""Capped"" and ""Unsafe path rejected"" are not conflated.","The ""03 / SOURCE COVERAGE"" panel ""Evidence ledger"" shows an ""N rows"" count and a table with Source, Role, Rotation (Current, LO_, Numbered, Timestamped, Unknown), State (Captured, Absent, Access denied, Capped, Skipped, Unsupported, Parse failed with a per-state icon and an em dash for Absent/Skipped) and Retained bytes via formatBytes; when detailCode is present and its label differs from the state label it is shown beneath the state (Access denied, Byte limit exceeded, File limit exceeded, Malformed rotation, Read failed, Unsafe path rejected, Unsupported platform). With no rows the panel renders ""No allow-listed SCCM sources were observed for the detected roles.""","""03 / SOURCE COVERAGE""; ""Evidence ledger"" table",src/workspaces/sccm/SccmWorkspace.tsx; src/workspaces/sccm/types.ts; src/workspaces/sccm/sccm-workspace.css,windows,full,extends SCCM-004,pass,story,none,,component_test: renders discovered roles and every explicit source coverage state,2026-09-24T21:30:00Z,,,
SCCM-015,sccm,discover_sccm_environment is read-only and fails with a generic code,As a Windows admin I want discovery to touch nothing on disk and to fail with a plain code so that a failed probe cannot leak host detail.,"discover_sccm_environment returns the public SccmEnvironmentDiscovery (supported, configmgrVersion, sorted and deduped roles, empty sources, issues, advancedSources) without creating any file; PrivateSccmEnvironment fields (private_host, private_site_code, capture roots, advanced source facts) are never serialized. A provider failure becomes AppError::Analysis(""discoveryFailed"") and every collector error surfaces only as its code string: discoveryFailed, noRolesDetected, destinationUnavailable, captureFailed, manifestValidationFailed, advancedAuthorizationRejected, advancedCapabilityUnavailable.",IPC command discover_sccm_environment,src-tauri/src/commands/sccm.rs; src-tauri/src/sccm/collector/mod.rs; src-tauri/src/sccm/collector/discovery.rs,windows,full,"normalize_public_discovery sorts roles by role key and basis, dedups roles and issues, and sort_sources orders by role/sourceId/rotation/state.",pass,story,none,,rust_test: public_result_excludes_private_discovery_sentinels,2026-09-24T21:30:00Z,,,
SCCM-016,sccm,Capture writes a private UUID bundle and a parser-validated client manifest,As a Windows admin I want each capture to land in its own private bundle folder with a manifest the parser already accepts.,"capture_sccm_diagnostics resolves the app cache dir, creates <cache>/sccm with mode 0700 on unix, and writes into a fresh <cache>/sccm/<uuid> bundle containing sccm-manifest.json with provenance nativeClientCapture, provenanceProfile hmacSha256V1, maxFilesPerSource/maxBytesPerSource, fingerprint-derived artifactIds, per-source contentSha256 and fragmentComplete false when capped; the writer then re-opens the bundle with read_sccm_client_intake_bundle so a manifest the reader rejects is never reported as success.",IPC command capture_sccm_diagnostics,src-tauri/src/commands/sccm.rs; src-tauri/src/sccm/collector/engine.rs; src-tauri/src/sccm/collector/client_manifest.rs; src-tauri/src/sccm/manifest.rs,all (native collector; live discovery is Windows-only),full,extends SCCM-002; MAX_FRAGMENTS_PER_SOURCE 8 and MAX_BYTES_PER_SOURCE 16 MiB are recorded in the manifest envelope.,pass,story,none,,rust_test: client_manifest_contains_hashes_caps_and_opaque_provenance,2026-09-24T21:30:00Z,,,
SCCM-017,sccm,Capture refuses unsupported or role-less hosts before writing,As a Windows admin I want a capture attempt on a host with nothing to collect to fail before any directory is created.,"When the provider reports supported false or an empty role list, capture fails with noRolesDetected and neither <cache>/sccm nor a bundle directory exists afterwards, because the role check runs before destination preparation; the same check is repeated for an already-discovered environment.",IPC command capture_sccm_diagnostics,src-tauri/src/commands/sccm.rs; src-tauri/src/sccm/collector/engine.rs,all (native collector),full,SccmCollectorError::NoRolesDetected is the shared code for both the unsupported and empty-role cases.,pass,story,none,,rust_test: capture_rejects_zero_roles_without_creating_the_bundle,2026-09-24T21:30:00Z,,,
SCCM-018,sccm,"Advanced authorization is strict, bounded, single-use and expiring","As a Windows admin I want the advanced authorization endpoint to accept only exact contract fields and to hand out one short-lived, cancelable ticket.","SccmAdvancedCaptureAuthorizationRequest denies unknown fields; authorize_sccm_advanced_capture rejects a request that does not match cardId+cardVersion+sourceId+roleScope+pathClass, an expectedSourceVersion that differs from the discovered ConfigMgr version, a duplicate pending authorization for the same contract/root/provenance, and any new request once eight capabilities are pending. The issued handle is consumable once, cancelable, expires after five minutes, purges expired entries before each operation, and nothing is persisted across restarts.",IPC commands authorize_sccm_advanced_capture and cancel_sccm_advanced_capture,src-tauri/src/sccm/collector/advanced_capture.rs; src-tauri/src/commands/sccm.rs; src-tauri/src/state/app_state.rs,all (native collector),full,"ADVANCED_CAPABILITY_LIMIT 8, ADVANCED_CAPABILITY_TTL 300s; handles are capability/authorization sha256 v1 tokens.",pass,story,none,,rust_test: authorization_dto_rejects_unknown_or_free_form_fields,2026-09-24T21:30:00Z,,,
SCCM-019,sccm,Advanced capture roots must be real directories and not links,As a Windows admin I want a selected root that is a link or not a directory rejected before it is remembered.,"validate_selected_root rejects empty, untrimmed, NUL-bearing or glob-bearing selections and any path whose symlink_metadata shows a symlink, a reparse point or a non-directory, returning advancedAuthorizationRejected without storing a capability; the canonicalized path is what the authorization binds to and hashes into the handle.",IPC command authorize_sccm_advanced_capture,src-tauri/src/sccm/collector/advanced_capture.rs,all (reparse-point detection is Windows-specific),full,a hostile symlinked observed fact also falls back to operator-declared provenance rather than observed.,pass,story,none,,rust_test: symlink_roots_are_rejected_before_storage,2026-09-24T21:30:00Z,,,
SCCM-020,sccm,Non-Windows discovery reports an unsupported collector,As an analyst running on macOS or Linux I want discovery to say the collector is unsupported instead of guessing roles.,"On a non-Windows host discover_sccm_environment returns supported false with exactly one unsupportedPlatform issue and no roles or sources; roles are reported only from explicit facts and are never inferred from a default path, and the public result is deterministic for equal input.",IPC command discover_sccm_environment,src-tauri/src/sccm/collector/discovery.rs; src-tauri/src/sccm/collector/mod.rs,all (only the Windows branch performs the live probe),full,"discover_native is #[cfg(not(target_os = ""windows""))] returning the unsupported environment with SccmDiscoveryIssueCode::UnsupportedPlatform.",pass,story,none,,rust_test: discovery_roles_issues_and_order_are_deterministic,2026-09-24T21:30:00Z,,,
SCCM-021,sccm,Windows discovery uses registry roles and one fixed CIM service query,As a Windows admin I want role discovery based on documented registry keys plus one fixed service query so that nothing is guessed and no service path leaks.,"Discovery reads HKLM\SOFTWARE\Microsoft\CCM\Setup (Client role and ProductVersion), HKLM\SOFTWARE\Microsoft\SMS\Setup (Site Server, Site Code, Installation Directory->Logs) and HKLM\SOFTWARE\Microsoft\SMS\{MP,DP,SUP,WSUS,Providers,AdminService} for each role's Log Directory, recording registryAccessDenied when a hive is refused. It then runs one fixed PowerShell command ($ErrorActionPreference='Stop'; Get-CimInstance -Namespace 'root/cimv2' -ClassName Win32_Service -Filter ""Name='CcmExec' OR Name='SMS_EXECUTIVE' OR Name='SMS_ADMIN_SERVICE' OR Name='WSUSService'"" | Select-Object Name,PathName | ConvertTo-Json -Compress), mapping a nonzero exit to cimAccessDenied and a launch failure to discoveryFailed; the client capture root is derived from the CcmExec PathName (quotes and trailing arguments tolerated, wrappers/relative/UNC/wrong basename rejected) and serialized discovery never contains the service path.",IPC command discover_sccm_environment,src-tauri/src/sccm/collector/discovery.rs,windows,full,"role_for_cim_service maps only those four service names; role roots fall back from Log Directory to site install Logs to a default location, with origin recorded.",pass,story,none,,rust_test: sccm::collector::discovery::tests::fixed_cim_query_selects_only_exact_service_name_and_path,2026-09-24T21:30:00Z,,,
SCCM-022,sccm,BGB advanced source requires a matching Management Point role and configured root,As a Windows admin I want the Client notification / BGB source offered as observed only when a Management Point role and its configured log root both exist.,"assemble_native_environment clears any provider-supplied advanced facts and re-derives the single advanced-client-notification-bgb fact only from a Management Point role plus a ConfiguredRoleLogDirectory root; service-derived, site-install-fallback or symlinked roots never qualify and the card falls back to ""Operator-declared candidate root"". Sources flagged requires_pxe_fact (OSD / PXE) additionally require an explicitly enabled PXE fact to count as observed.","""Choose candidate root"" (Client notification / BGB and OSD / PXE cards)",src-tauri/src/sccm/collector/discovery.rs; src-tauri/src/sccm/collector/advanced_capture.rs,windows (live facts); all (contract logic),full,extends SCCM-003,pass,story,none,,rust_test: bgb_matching_management_point_fact_is_observed,2026-09-24T21:30:00Z,,,
SCCM-023,sccm,Capture reports caps and non-captured states for every expected source,"As a Windows admin I want a per-source coverage row even when nothing could be retained so that missing evidence is coverage, not health.","Enumeration emits a row for every expected allow-listed source: missing files become Absent, a symlink or reparse-point entry becomes Skipped with unsafePath, an unparsable rotation filename becomes Unsupported with malformedRotation, an unreadable file becomes AccessDenied or ParseFailed with accessDenied/readFailed, and exceeding MAX_FRAGMENTS_PER_SOURCE (8) or MAX_BYTES_PER_SOURCE (16 MiB) yields Capped with fileLimitExceeded/byteLimitExceeded while retainedBytes is the exact copied prefix. The same basename under two roots stays two distinct rows, an uncatalogued file such as Mtrmgr.log is never admitted, and copy uses a no-follow open with canonical-path containment plus exclusive create and a per-artifact sha256.",IPC command capture_sccm_diagnostics (evidence ledger rows),src-tauri/src/sccm/collector/engine.rs; src-tauri/src/sccm/collector/client_manifest.rs; src-tauri/src/sccm/collector/server_manifest.rs,all (native collector),full,extends SCCM-004: these rows are what the workspace ledger renders. Root enumeration failures are recorded against every expected source with coverage scope RootEnumeration.,pass,story,none,,rust_test: derived_client_root_emits_absent_rows_for_all_required_sources,2026-09-24T21:30:00Z,,,
SCCM-024,sccm,Task Sequence provenance is sealed only for physical smsts rotations,As an analyst I want smsts.log provenance expressed as an opaque path class plus relocation ordinal so that task-sequence capture is traceable without exporting machine paths.,"A physical smsts.log row (current or lo_) carries taskSequenceProvenance with version 1, pathClass client, the closed token synthetic:smsts-path:client, a relocation lineage hash and relocationOrdinal; the reader rejects missing, tampered or path-class-mismatched provenance, rejects provenance attached to non-task-sequence artifacts, and coverage-only markers carry none, while current and lo_ rotations share one relocation without colliding.",IPC command capture_sccm_diagnostics; read_sccm_client_intake_bundle,src-tauri/src/sccm/collector/client_manifest.rs; src-tauri/src/sccm/manifest.rs; crates/cmtraceopen-parser/src/sccm/client/intake.rs,all (native collector),full,"SCCM_TASK_SEQUENCE_PROVENANCE_VERSION 1; the evidence token is a reviewed closed value, never a raw path.",pass,story,none,,rust_test: captured_native_task_sequence_projects_sealed_explicit_provenance,2026-09-24T21:30:00Z,,,
SCCM-025,sccm,Server manifest redacts paths and is parser-validated before success,"As a site administrator I want server captures to record roles, handles and coverage with originalPath REDACTED so that a bundle can be shared without exposing machine paths.","For any non-client role, capture writes sccm-server-manifest.json with bundleRole ""server"", privacy.rawPaths ""redacted"", hashed captureHost/siteCode handles, per-artifact artifactId/sourceId/sourceKind/rotation lineage/capture state/limits/bytesCopied and originalPath ""REDACTED""; WSUS rows add an instance handle and a pinned sourceVersion, and coverage rows carry an opaque collectionDetail, skipReason or unsupportedReason depending on state. The JSON is fed back through normalize_server_bundle and a rejection fails the capture with manifestValidationFailed; a capped server file reopens as Capped with its limits preserved and no payload.",IPC command capture_sccm_diagnostics,src-tauri/src/sccm/collector/server_manifest.rs; src-tauri/src/sccm/collector/engine.rs,all (native collector),full,SCCM_SERVER_MANIFEST_FILE_NAME is sccm-server-manifest.json; the manifest is only written when at least one non-client role was observed.,pass,story,none,,rust_test: capture_writes_and_parser_validates_the_server_manifest,2026-09-24T21:30:00Z,,,
SCCM-026,sccm,Capture refuses to overwrite an existing bundle,As a Windows admin I want collection to refuse a bundle path that already exists instead of merging into it.,"prepare_private_bundle_root creates the bundle directory exclusively and preflight_destinations rejects any duplicate relative destination or one that already exists on disk with destinationUnavailable, so a second capture never writes into an existing tree and never follows a pre-planted link.",IPC command capture_sccm_diagnostics,src-tauri/src/sccm/collector/engine.rs; src-tauri/src/commands/sccm.rs,all (native collector),full,advanced capture uses the same exclusive bundle creation rule.,pass,story,none,,rust_test: capture_rejects_a_preexisting_bundle_without_overwrite,2026-09-24T21:30:00Z,,,
SCCM-027,sccm,Manifest reader binds reads to a verified private root handle,As a security reviewer I want bundle reads bound to a verified private directory handle so that a swapped or planted file cannot be read.,"verify_bundle_root opens the bundle root without following links, requires a real directory owned by the capture user (or root/LocalSystem/BuiltinAdministrators) with no group/other permission bits on unix and a DACL granting only restricted trustees on Windows, then resolves sccm-manifest.json and every evidence file component-by-component relative to that handle, rejecting symlinks, reparse points, non-regular files and multi-link entries; a missing final component surfaces as NotFound so the legacy fallback still runs. A non-private root, symlinked root, symlinked manifest or hard-linked evidence fails without disclosing the bundle path.",read_sccm_manifest_or_legacy; read_sccm_client_intake_bundle,src-tauri/src/sccm/private_fs.rs; src-tauri/src/sccm/manifest.rs,all (separate unix and Windows implementations),full,unix uses openat with O_NOFOLLOW/O_DIRECTORY per component and nlink==1; Windows uses NtCreateFile with FILE_OPEN_REPARSE_POINT relative to the held handle.,pass,story,none,,rust_test: reader_rejects_a_symlinked_bundle_root_without_following_it,2026-09-24T21:30:00Z,,,
SCCM-028,sccm,Manifest reader bounds decoding and enforces client physical caps,"As a maintainer I want the reader to bound a hostile manifest and to reject ambiguous ordering, duplicate identities or oversized physical claims before reading evidence.","The reader caps the manifest file at 4 MiB and the artifacts plus capture-gaps arrays at one shared 4096-entry ceiling, rejects duplicate artifact ids and non-canonical rotation order (current, lo_, numbered, timestamped, unknown), and enforces the client-owned physical budget (256 MiB per artifact, 1 GiB total) before any evidence file is opened. A missing manifest falls back to the legacy manifest.json, which is projected as coverage without inventing native capture gaps or content bindings and without echoing the bundle path in error messages.",read_sccm_manifest_or_legacy; read_sccm_client_intake_bundle,src-tauri/src/sccm/manifest.rs; src-tauri/src/sccm/contract.rs,all (native reader),full,"MAX_SCCM_MANIFEST_BYTES 4 MiB, MAX_SCCM_MANIFEST_ARTIFACTS 4096, MAX_SCCM_CLIENT_PHYSICAL_ARTIFACT_BYTES 256 MiB, MAX_SCCM_CLIENT_TOTAL_PHYSICAL_BYTES 1 GiB; legacy profile ccmtrace-full-diagnostics-v1.",pass,story,none,,rust_test: native_manifest_uses_one_shared_4096_entry_decode_ceiling,2026-09-24T21:30:00Z,,,
SCCM-029,sccm,"Client source discovery normalizer budgets, canonicalizes and rejects conflicts",As a maintainer I want a pure normalizer over already-observed client candidates so that capacity loss is reported as coverage instead of being hidden.,"discover_client_sources canonicalizes supported basename aliases into stable physical declarations, applies one global declaration budget (4096) plus a per-source found-fragment cap, and reports omitted observations as coverage issues (invalidProvenance, unsupported, declarationLimitExceeded) that never become capture declarations, including an exact-boundary case that must not manufacture a gap. Conflicting states for one canonical physical source return ConflictingObservation, and coverage issues keep collision-safe ids without carrying a raw root.",crate API discover_client_sources (SccmClientDiscoveryInput/SccmClientDiscoveryResult),src-tauri/src/sccm/discovery.rs,"all (pure normalizer, no OS access)",full,"MAX_SCCM_CLIENT_DISCOVERY_DECLARATIONS 4096, MAX_SCCM_CLIENT_DISCOVERY_OBSERVATIONS 4097, MAX_SCCM_CLIENT_DISCOVERY_COVERAGE_ISSUES equal to the observation bound; roots are opaque root-<sha256> handles.",pass,story,none,,rust_test: discovery_uses_one_global_declaration_budget_and_reports_capacity_coverage,2026-09-24T21:30:00Z,,,
SCCM-030,sccm,Six reviewed bounded advanced capture contracts with fixed limits,As a Windows admin I want the optional advanced sources limited to six reviewed contracts with fixed budgets so that nothing outside the allow-list can be captured.,"advanced_source_contracts() returns exactly six capture-only contracts: osd-pxe/smspxe.log, certificate-enrollment-pki/crp.log, reporting/srsrp.log, cloud-service-connection (CloudMgr.log and SMS_Cloud_ProxyConnector.log) and client-notification-bgb/BgbServer.log, each with card version 1.0.0, role scopes and path classes. A capture retains only the current and lo_ basenames, shares one 4 MiB / 2-file budget across them with current first, records an overflow rotation as Capped with byteLimitExceeded, and reports a missing pair as Absent for observed provenance or Unsupported for operator-declared.","""Choose candidate root""; crate API advanced_source_contracts",src-tauri/src/sccm/collector/advanced_capture.rs,all (native collector),full,"ADVANCED_CAPTURE_BYTE_LIMIT 4 MiB, ADVANCED_CAPTURE_FILE_LIMIT 2; extends SCCM-003.",pass,story,none,,rust_test: advanced_contract_is_exactly_the_six_capture_only_sources,2026-09-24T21:30:00Z,,,
SCCM-031,sccm,Advanced capture re-validates the opened handle before reading,"As a security reviewer I want a bounded capture to re-verify the exact file it opened so that a swapped, linked or escaped file is never copied.","copy_exact_source snapshots the file facts (volume, file id, length, write marker, link count, final path), reopens the path without following links and validate_opened_source rejects any mismatch in identity, length, change marker, link count, reparse flag or final path, including a path that escapes the approved root, as Unsafe before any byte is read and before a destination is created; an unsafe failure aborts the whole capture with advancedAuthorizationRejected while a missing file is skipped and a budget-exhausted file is recorded Capped.",IPC command capture_sccm_advanced_diagnostics,src-tauri/src/sccm/collector/advanced_capture.rs,all (Windows uses GetFinalPathNameByHandleW and the reparse attribute),full,a hard link to an external file is rejected without copying bytes; byte budget is consumed current-first.,pass,story,none,,rust_test: hard_link_to_an_external_source_is_rejected_without_copying_bytes,2026-09-24T21:30:00Z,,,
SCCM-032,sccm,Extract SCCM diagnostic signals with error-database enrichment,As an SCCM analyst I want HRESULT/GLE/exit/return/status tokens pulled out of log messages with their spans so that I can jump to the failing code.,"extract_signals recognizes only the declared forms (hr=0x........, HRESULT 0x........, [gle=0x........], exit code N, exitcode=N, return code N, status=N), returns kind/raw/numeric with end-exclusive UTF-16 start/end spans in message order, enriches known codes with errorDescription and errorCategory from the embedded error database, and keeps unknown or out-of-range values with null numeric/enrichment instead of dropping them; repeated tokens are preserved and serialization is deterministic camelCase.",crate API extract_signals,crates/cmtraceopen-parser/src/sccm/signals.rs,all,both,SccmSignalKind is HResult/Gle/ExitCode/ReturnCode/Status; the parser module is compiled into both editions and only surfaced by the full edition.,pass,story,none,,rust_test: signal_extractor_preserves_known_hresult_and_error_db_metadata,2026-09-24T21:30:00Z,,,
SCCM-033,sccm,Normalize captured CCM log text into addressable evidence records,As an analyst I want captured CCM logs turned into addressable evidence records so that every later claim can cite a line range.,"normalize_ccm_artifact scans the artifact by logical CCM record (not by physical line) and yields SccmEvidence entries carrying evidenceId, an artifact/entry reference with optional line_start/line_end, component, ccm_source_file, the redacted public message, a SccmTimestamp (original display, offset minutes, UTC millis, ordering state) and an optional execution-context handle; repeated runs over the same text produce byte-identical output and the source artifact is never mutated.",crate API normalize_ccm_artifact,crates/cmtraceopen-parser/src/sccm/ingest.rs; crates/cmtraceopen-parser/src/sccm/evidence.rs; crates/cmtraceopen-parser/src/sccm/models.rs,all,both,entry ids are derived from the shared parser::ccm logical-record scanner; ordering state is normalizedUtc/offsetMissing/offsetInvalid/timestampMissing.,pass,story,none,,rust_test: evidence_export_is_deterministic_redacted_and_non_mutating,2026-09-24T21:30:00Z,,,
SCCM-034,sccm,Redact identity and secrets from exported evidence messages,As a privacy owner I want exported messages stripped of credentials and identities so that bundles can leave the endpoint.,"The sccm-public-message-v1 projection prefixes every exported message with ""[sccm-public-message-v1] "" and replaces authorization/bearer values, client secrets, tokens, api/account keys, user names, UPNs, samAccountName/caller/query handles, DOMAIN\user identities, identities appearing inside \Users\ or \Profiles\ paths and e-mail addresses with ""[redacted:sccm-public-message-v1]""; approved structured tails (phase=, disposition=, requestId=, status=, result=, errorCode=, hresult=) survive, unterminated sensitive values are redacted to end of line, and ordinary diagnostic codes and relative paths are not falsely redacted.",crate API normalize_ccm_artifact (public message projection),crates/cmtraceopen-parser/src/sccm/evidence.rs,all,both,the projection is a parser-only public contract; it does not imply native collector validation.,pass,story,none,,rust_test: evidence_public_message_projection_redacts_sensitive_markers_and_preserves_safe_tokens,2026-09-24T21:30:00Z,,,
SCCM-035,sccm,Strict SCCM role and rotation wire values,As an integration owner I want illegal role and rotation encodings rejected at the wire so that a bad producer cannot smuggle free text into a public field.,"An unknown SccmRole serializes or deserializes only when the value is non-empty, trimmed and does not shadow a declared role name, otherwise the wire fails with InvalidRole; SccmRotation round-trips as a tagged object where current and loUnderscore carry no value, numbered must be a nonzero u32, timestamped must be exactly YYYYMMDD-HHMMSS for a real moment, extra fields are rejected, malformed shapes fail on both serialize and deserialize, and unknown rotation kinds are preserved with their original value.",crate types SccmRole and SccmRotation (SccmArtifact.rotation),crates/cmtraceopen-parser/src/sccm/models.rs; crates/cmtraceopen-parser/src/sccm/rotation.rs,all,both,SccmArtifact::missing produces a coverage-only marker in the current rotation; rotation canonicality is shared with the artifact-name classifier.,pass,story,none,,rust_test: serde_roles_are_string_backed_and_future_tolerant,2026-09-24T21:30:00Z,,,
SCCM-036,sccm,"Classify artifact basenames, rotations and families from the declared catalog","As an analyst I want each capture basename mapped to a role, family and rotation so that unrecognized sources stay explicitly unknown.","classify_artifact_name parses .log, .log.N, .log.YYYYMMDD-HHMMSS, .lo_ and unknown suffixes, returning the canonical basename, the SccmRotation and supported_for_diagnosis false for unrecognized suffixes or non-canonical numbers; known entries resolve to the declared role/family/logical name (clientMsi, reportingEvents and componentBasedServicing are marked as not using CCM records), and an unknown basename becomes SccmArtifactFamily::Unknown with a lower-camel logical name. declared_source_catalog() exposes the exact declared basename/logical-name/role/family tuples and the client source-membership table that also feeds location-services sharing.",crate APIs classify_artifact_name and declared_source_catalog,crates/cmtraceopen-parser/src/sccm/catalog.rs,all,both,"catalog coverage in the acceptance criteria; LocationServices.log is intentionally projected into client-location, client-content and client-location-services-shared.",pass,story,none,,rust_test: catalog_classifies_client_policy_without_changing_ccm_parser_kind,2026-09-24T21:30:00Z,,,
SCCM-037,sccm,Extract correlation keys with confidence and record extraction gaps,As a correlation consumer I want keys extracted only for validated profiles with explicit gaps otherwise so that a guess never becomes an exact identity.,"extract_keys returns SccmKeyExtractionResult with keys carrying kind, raw, normalized, confidence, extraction_profile_id, evidence reference and UTF-16 start/end, plus gaps for missingVersion, unvalidatedVersion, unvalidatedProfile, experimentalProfile and malformedCandidate; with no registered stable profile every documented key stays at Low confidence, out-of-bound raw or normalized values (over 256 characters) become malformedCandidate gaps instead of keys, and normalize_key canonicalizes GUIDs (braces, guid: prefix, case), upper-cases 3-character site codes and 8-character package ids, zero-strips decimal ids, prefixes KB and lower-cases server hosts.",crate APIs extract_keys and normalize_key,crates/cmtraceopen-parser/src/sccm/keys.rs; crates/cmtraceopen-parser/src/sccm/models.rs,all,both,registered stable profiles are the closed synthetic fixtures policy-client-5.00.test-v1 and sccm-hierarchy-5.00.test-stable-v1; a caller-forged Stable profile cannot mint exact keys.,pass,story,none,,rust_test: key_normalization_is_stable_across_case_and_brace_variants,2026-09-24T21:30:00Z,,,
SCCM-038,sccm,"Canonical findings enforce severity, confidence and citation gates",As an analyst I want every finding to carry citable proof with honest confidence so that a high-severity claim is never unsupported.,"SccmFindingBuilder rejects findings without class/phase/role/severity/confidence, without evidence (unless the class is insufficientEvidence with a coverage gap), with a confirmedFailure at High confidence that has neither observedFailure terminal evidence nor profiled-key corroboration, with likelyContributor at High confidence without terminal evidence, with injected unstable keys, with cited-but-undeclared references, with overlapping line spans for one artifact, with an insufficientEvidence class lacking a coverage gap or a next-artifact request, with more than 16 requests, or with oversized titles (512 chars), summaries (2048), ids (256) or request reasons; accepted findings are normalized by sorting and deduping every citation list.",crate API SccmFindingBuilder::build and SccmFinding::validate,crates/cmtraceopen-parser/src/sccm/findings.rs; crates/cmtraceopen-parser/src/sccm/models.rs,all,both,"SccmConfidence None/Low/Moderate/High; classes symptom, confirmedFailure, recovered, contradictoryEvidence, blockedOrDeferred, likelyContributor, insufficientEvidence.",pass,story,none,,rust_test: finding_confirmed_failure_requires_terminal_evidence,2026-09-24T21:30:00Z,,,
SCCM-039,sccm,Artifact request reasons cannot encode paths or unbounded scope,As a privacy reviewer I want follow-up artifact requests to name catalog artifacts only so that a request cannot become an exfiltration channel.,"validate_artifact_requests accepts a next-artifact request only when the logical id and role are declared, the reason is trimmed, bounded by 240 characters and names exact catalog artifacts: rooted paths, drive designators, environment paths, globs, unbounded dotted targets and passive or narrative collection language are rejected, while bounded references such as short catalog basenames and approved narrative suffixes are accepted, and the same rules apply on serialize and deserialize of a standalone request.",crate API SccmArtifactRequest (validate_artifact_requests),crates/cmtraceopen-parser/src/sccm/findings.rs; crates/cmtraceopen-parser/src/sccm/catalog.rs,all,both,"MAX_SCCM_ARTIFACT_REQUEST_REASON_CHARS 240, MAX_SCCM_NEXT_ARTIFACT_REQUESTS 16.",pass,story,none,,rust_test: finding_artifact_requests_reject_unbounded_reason_language_and_globs,2026-09-24T21:30:00Z,,,
SCCM-040,sccm,Cross-side correlation fails closed behind thirteen named guards,As an analyst I want client and server evidence linked only when every guard passes so that a time coincidence is never reported as causality.,"correlate_* returns a SccmCorrelationAnalysis whose every result lists all thirteen guard checks (conflictingExactKey, incompatibleTopology, invalidTimestampOffset, missingClientCounterpart, missingServerCounterpart, partialCapture, redactionBoundary, reorderedInput, rotationSplit, sameTimeNoKey, unknownExtractionProfile, unrelatedTerminalError, versionMismatch) as passed or triggered, an outcome (causalFinding, candidateOnly, counterpartRequested, coverageGap, incompatible, notCausal, profileGap), link strength, confidence and typed reason codes plus artifact requests for the missing side; only an exact corroborated identity with usable ordering and validated profiles reaches an exact link, unvalidated or mismatched profiles and partial or rotation-split coverage trigger their guards, and the source analyses are left byte-identical.","crate APIs correlate_policy_management_point, correlate_content_distribution_point, correlate_updates_software_update_point",crates/cmtraceopen-parser/src/sccm/correlation.rs; crates/cmtraceopen-parser/src/sccm/correlation_tests.rs,all,both,"SCCM_CORRELATION_SCHEMA_VERSION 1; input caps MAX_FACTS_PER_SIDE 128 and MAX_RESULTS 256, with inputCapExceeded surfacing as a partialCapture reason.",pass,story,none,,rust_test: public_module_and_pair_registry_are_production_exact,2026-09-24T21:30:00Z,,,
SCCM-041,sccm,Client intake assessment groups sources and reports coverage gaps,As an analyst I want a captured client bundle assessed into logical source groups with explicit coverage gaps so that an incomplete workflow is visible before any reduction.,"assess_client_intake validates the bundle against the declared logical source groups (client-app-enforce, client-app-intent, client-ccmsetup, client-compliance, client-content, client-evaluation, client-identity, client-inventory, client-location, client-location-services-shared, client-maintenance-window, client-metering, client-policy-agent, client-policy-state, client-reboot, client-task-sequence-smsts, client-updates and the supplemental client-windows-update-supplemental), accepts only client-role artifacts, caps the artifact count at 4096, lists unrecognized basenames under unsupportedArtifacts as Unsupported, keeps physical fragments separate from coverage-only capture gaps, and derives coverageGaps for absent or incomplete groups; unsafe ids/basenames/rotations/timestamps/versions/encodings, duplicate ids, colliding physical identities, missing Task Sequence provenance, missing or contradictory fragment completeness and malformed content bindings are rejected with a typed SccmClientIntakeError.",crate APIs assess_client_intake and declared_client_source_groups,crates/cmtraceopen-parser/src/sccm/client/intake.rs; crates/cmtraceopen-parser/src/sccm/catalog.rs; crates/cmtraceopen-parser/src/sccm/rotation.rs,all,both,MAX_SCCM_CLIENT_INTAKE_ARTIFACTS 4096 is shared with the native manifest envelope; a capped omitted rotation degrades group coverage without relabelling the current capture.,pass,story,none,,rust_test: intake_rejects_more_than_the_v1_artifact_limit_before_validation_indexes,2026-09-24T21:30:00Z,,,
SCCM-042,sccm,Client evidence admission seals bytes behind an integrity-bound capability,As a reducer author I want raw payload bytes turned into a sealed evidence capability so that a reducer cannot be handed caller-forged evidence.,"admit_client_evidence reassesses the canonical bundle, requires the supplied assessment to be the canonical projection (AssessmentMutation otherwise), rejects duplicate, missing, extra or unexpected payloads, verifies each payload's declared byte length and lowercase sha256 binding, decodes only the declared encoding and rejects mismatched BOMs or unsupported encodings, requires complete CCM framing, and enforces the v1 caps (4 MiB per payload, 16 MiB aggregate, 4096 logical records, 3 MiB retained evidence, 4 MiB + 2 MiB integrity-seal projections) as typed errors; the returned SccmClientAdmittedEvidence is not serializable, has no public constructor, binds each artifact to its admitted extraction profile and catalogued family, and verify_integrity recomputes the deterministic seal so a mutated capability fails closed.",crate APIs admit_client_evidence and SccmClientCapturedPayload::new,crates/cmtraceopen-parser/src/sccm/client/admission.rs; crates/cmtraceopen-parser/src/sccm/client/admission_tests.rs,all,both,"caller-constructed or forged profiles cannot cross this boundary, and recognized non-CCM supplements never enter raw CCM admission.",pass,story,none,,rust_test: public_bytes_only_facade_uses_intake_bound_content_authority,2026-09-24T21:30:00Z,,,
SCCM-043,sccm,Client policy reduction follows a seven-phase assignment chain,"As a ConfigMgr engineer I want policy processing reduced to a phase chain with a typed condition so that a stalled assignment is explained, not guessed.","analyze_client_policy accepts only the canonical intake bundle, assessment and payloads, admits them through the sealed boundary and reduces request, download, transferAuth, persist, schedule, evaluate and report observations into SccmPolicyTransaction rows with SccmPolicyState and SccmPolicyClassification (success, confirmedFailure, blockedOrDeferred, insufficientEvidence, contradictoryEvidence, lowConfidenceSymptom) plus a SccmPolicyCondition such as NoAssignment, StaleAssignment, TransferAuthenticationFailure, DownloadFailure, ProcessingFailure, SchedulerBlocked, EvaluationFailure, ReportingFailure, CoverageGap, UnknownProfile, MalformedKey, OrderingUnavailable, ConflictingEvidence or RotationSplit. An unrecognized version produces a synthetic-fixture-only (syntheticFixtureOnly) profile gap instead of exact keys, and the analysis always reports crossSourceCorrelationPerformed and timeOnlyCausalityAllowed false with per-transaction artifactRequests for missing evidence.",crate API analyze_client_policy,crates/cmtraceopen-parser/src/sccm/client/policy.rs; crates/cmtraceopen-parser/src/sccm/keys.rs,all,both,the only validated policy profile is the closed synthetic fixture policy-client-5.00.test-v1 (5.00.TEST.0000).,pass,story,none,,rust_test: every_policy_fixture_runs_through_production_with_exact_oracles,2026-09-24T21:30:00Z,,,
SCCM-044,sccm,Client deployment reduction follows an eight-phase transaction chain,As a ConfigMgr engineer I want application and content deployments reduced to per-assignment transactions so that a failed deployment names the phase that stopped.,"analyze_client_deployment reduces intent, requirements, locateContent, transfer, cache, enforce, detect and report observations into transactions keyed by assignment and CI with a SccmDeploymentState (notTargeted, insufficientEvidence, failed, detectionMismatch, succeeded), classification (notTargeted, insufficientEvidence, symptom, confirmedFailure, success), confidence and per-transaction keys (assignmentId, ciId and optional packageId/contentId/contentVersion/distributionPointHostHandle/requestId/bitsJobId/productCode/exitCode); captured-but-incomplete fragments are excluded from fact parsing and reported as coverage, and each transaction that needs server confirmation emits a clientContentRequest counterpart fact plus artifactRequests naming the missing logical source.",crate API analyze_client_deployment,crates/cmtraceopen-parser/src/sccm/client/deployment.rs; crates/cmtraceopen-parser/src/sccm/catalog.rs,all,both,the deployment profile is SCCM_EXPERIMENTAL_KEY_PROFILE_ID bound to the 5.00.9128. prefix; no distribution-point or site-server cause is ever stated.,pass,story,none,,rust_test: committed_corpus_freezes_the_exact_full_public_output,2026-09-24T21:30:00Z,,,
SCCM-045,sccm,Client software-update reduction follows eight update phases,As a patch engineer I want software-update processing reduced per update so that a deferral is not reported as a failure.,"analyze_client_updates reduces scan, evaluate, locateSup, download, maintenanceWindow, install, reboot and report observations into transactions carrying an SccmClientUpdateKey (updateId, ciId and optional contentId/updateJobId/clientHandle/siteCode/supHostHandle with confidence and extraction profile id), a state (succeeded, failed, blockedOrDeferred, incomplete, contradictory), a classification, a confidence and an explicit confidenceCeiling, coverage rows including captured/partial/absent/skipped/unsupported/parseFailed/capped/accessDenied, and next-artifact requests; a maintenance-window defer is blockedOrDeferred, and a missing SUP path is only reported when the source itself declares the gap, never inferred.",crate API analyze_client_updates,crates/cmtraceopen-parser/src/sccm/client/updates.rs,all,both,the analyzer consumes only sealed admitted evidence and never infers a server-side SUP cause.,pass,story,none,,rust_test: scan_failure_uses_sealed_exact_key_evidence_without_server_cause,2026-09-24T21:30:00Z,,,
SCCM-046,sccm,Client health reduction reports the hop chain and prohibited claims,As a support engineer I want client health reduced to an ordered hop chain so that I can see the last confirmed good phase.,"analyze_client_health resolves the lifecycle phase (install, upgrade, repair, removal) and then the ordered phases service, clientHealth, reboot, identity, authentication, assignment, boundary, managementPointLocation and transport, emitting hops with state succeeded/failed/pending/contradictory plus per-phase evidence, lastConfirmedSuccessfulPhase, sourceCoverage rows that keep the physical flag and completeness, one finding for the stopping phase citing terminal evidence and coverage gaps, and the fixed prohibitedClaims list (""server root cause"", ""isolated error proves terminal failure"", ""missing source proves workflow failure"", ""host path or raw sensitive text export"").",crate API analyze_client_health,crates/cmtraceopen-parser/src/sccm/client/health.rs; crates/cmtraceopen-parser/src/sccm/catalog.rs,all,both,a captured but incomplete source is reported as a capped/partial coverage gap rather than a malformed evidence claim.,pass,story,none,,rust_test: lifecycle_operations_are_classified_from_sealed_profiled_records,2026-09-24T21:30:00Z,,,
SCCM-047,sccm,"Client inventory, compliance and metering reduction stays workflow-scoped","As a compliance analyst I want inventory, compliance and metering kept in separate transactions so that a same-minute failure in one workflow cannot explain another.","analyze_client_extended reduces sealed evidence of the inventory, compliance and metering workflows into transactions with phases collect, provider, serialize, queue, evaluate, remediate, aggregate and report and states inProgress, succeeded, failed, recovered, contradictory, evaluatedCompliant, evaluatedNonCompliant, remediated, blockedOrDeferred and insufficientEvidence, each with lastSuccessfulPhase, source basename, keys, evidence references and coverageGapArtifactIds; missing sources and keys remain explicit gaps, findings carry the workflow, severity, class and next artifact, and prohibitedClaims are exported with the analysis.",crate API analyze_client_extended,crates/cmtraceopen-parser/src/sccm/client/inventory.rs; crates/cmtraceopen-parser/src/sccm/client/intake.rs,all,both,keys come from the experimental key profile and a component string can never cross the sealed physical-source boundary.,pass,story,none,,rust_test: separates_inventory_compliance_and_metering_transactions,2026-09-24T21:30:00Z,,,
SCCM-048,sccm,Client task sequence reduction exports opaque ordinals instead of paths,As an OSD engineer I want task-sequence runs reduced to phase and path-class facts without execution identity or log paths so that smsts evidence can be shared.,"analyze_client_task_sequence groups sealed smsts evidence by a reducer-private execution identity (execution id, package id, advertisement id, run context) and exports only a transaction id plus an identityProof (extraction profile id and evidence references) with a path_sequence of typed path classes (winpe, setup, fullOs, client, unknown), rotation and relocation ordinal; phases run start, preflight, diskOrImage, setupWindows, installClient, installSoftware, postAction and complete with state inProgress, blockedOrDeferred, failed or succeeded, ordering states normalizedUtc/ambiguous/offsetMissing/offsetInvalid/timestampMissing, and coverage gaps for partial, absent, accessDenied, capped, skipped, unsupported or parseFailed sources. Observations from a source with no sealed reviewed profile become unlinked observations with an explicit reason rather than promoted keys.",crate API analyze_client_task_sequence,crates/cmtraceopen-parser/src/sccm/client/task_sequence.rs; crates/cmtraceopen-parser/src/sccm/client/mod.rs,all,both,the only reviewed profile is the synthetic 5.00.TEST.0000 corpus; no native Windows acceptance claim is made.,pass,story,none,,rust_test: every_committed_scenario_runs_through_the_exported_production_reducer,2026-09-24T21:30:00Z,,,
SCCM-049,sccm,"Server source catalog declares roles, workflow subjects and hierarchy rotation rules",As an analyst I want the server-side source catalog declared exactly so that a captured file is only interpreted for the role and workflow that produced it.,"declared_server_source_catalog() lists every reviewed source spec with source_id, producer_role, optional workflow_subject_role, logical names (or an explicit basename for profile-defined supplements), source kind (ccmLog, iisW3c, structuredSupplement, profileDefined) and supplemental flag, including Site Server producers that support Management Point, Distribution Point and Software Update Point workflows plus the structured supplement server-hierarchy-site-database (site-database.supplement). declared_hierarchy_source_contracts() declares five rows with expected components SMS_REPLICATION_MANAGER, SMS_REPLICATION_CONFIGURATION_MONITOR (current and lo_), SMS_LAN_SENDER and SMS_DESPOOLER, and allows_rotation() rejects numbered, timestamped or unknown rotations.",crate APIs declared_server_source_catalog and declared_hierarchy_source_contracts,crates/cmtraceopen-parser/src/sccm/server/windows/catalog.rs,all,both,catalog coverage: expected_family() maps each source id to its SccmArtifactFamily; SCCM_SERVER_HIERARCHY_SOURCE_CONTRACT_VERSION and SCCM_SERVER_SITE_DATABASE_SCHEMA_VERSION are both 1.,pass,story,none,,rust_test: catalog_declares_only_observed_hierarchy_source_components,2026-09-24T21:30:00Z,,,
SCCM-050,sccm,"Server manifest intake validates privacy, topology, budgets and payloads","As a site administrator I want a server bundle rejected unless its privacy, topology and payload contracts hold so that a tampered manifest cannot reach a reducer.","assess_server_intake (alias normalize_server_bundle) rejects manifests over 8 MiB, an sccmManifestVersion other than 1, bundleRole other than ""server"", duplicate JSON keys or malformed JSON, non-redacted privacy (rawPaths must be ""redacted""; syntheticFixture requires proposalOnly true and privacy.synthetic; a non-synthetic manifest may not set proposalOnly), inputOrderIsDeliberatelyUnsorted false, site/captureHost values that are not cmtraceopen.site.sha256.v1:/cmtraceopen.host.sha256.v1: opaque handles, empty/duplicate/undeclared roles, hierarchy links with equal site or host handles, duplicate artifact ids, unexpected or duplicate payloads, payload length mismatches, artifacts whose source id/role/workflow-subject/kind/basename do not classify, duplicate path fingerprints or relative paths, unknown extension names, and any artifact over 256 MiB or 1 GiB in total. It also enforces the advanced-capture budget of at most 2 artifacts and 4 MiB for one capability+authorization pair, and returns sorted artifacts, merged coverage rows with their artifact ids, next_artifact_requests for gaps and opaque extensions retained without interpretation.",crate APIs assess_server_intake and normalize_server_bundle,crates/cmtraceopen-parser/src/sccm/server/windows/intake.rs; crates/cmtraceopen-parser/src/sccm/json_contract.rs; crates/cmtraceopen-parser/src/sccm/server/windows/catalog.rs,all,both,"MAX_SCCM_SERVER_MANIFEST_BYTES 8 MiB, MAX_SCCM_SERVER_MANIFEST_ARTIFACTS 512, MAX_SCCM_SERVER_ARTIFACT_BYTES 256 MiB, MAX_SCCM_SERVER_TOTAL_DECLARED_BYTES 1 GiB; structured supplements admit only as redacted provenance and stay coverage-only without complete integrity.",pass,story,none,,rust_test: advanced_capture_requires_a_closed_capture_contract,2026-09-24T21:30:00Z,,,
SCCM-051,sccm,Site core and status reduction reports component and status workflows,As a site administrator I want site component and status logs reduced to a phase chain so that a stalled component is distinguished from a healthy one.,"analyze_site_core consumes only the normalized server intake and reduces server-sitecomp and server-status artifacts into results and unlinked observations over the componentStart, componentWork, inboxOrQueue, statusOrStateProcessing and healthyOrTerminal chain with states healthy, terminalFailure, blockedOrDeferred, recovered, incomplete, contradictory and parseGap, profile sccm-site-core version 1 marked experimental, per-result confidence and confidenceCeiling, coverage gaps flagged CoverageOnly with a reason code and diagnostic meaning, artifact requests when a recapture is warranted, and crossSideCorrelationPerformed false.",crate API analyze_site_core,crates/cmtraceopen-parser/src/sccm/server/windows/site_core.rs; crates/cmtraceopen-parser/src/sccm/server/windows/intake.rs,all,both,a tampered intake projection yields the explicit site-core-intake-authority artifact request instead of silent results.,pass,story,none,,rust_test: site_core_uses_canonical_rotation_and_coverage_contracts,2026-09-24T21:30:00Z,,,
SCCM-052,sccm,Site database export is accepted only as coverage-only provenance,As a DBA I want an operator-supplied site-database export summarised as coverage so that query text and identifiers never enter the analysis.,"assess_sccm_site_database_export accepts at most 1 MiB of bytes, requires JSON with schemaVersion 1, contractId sccm-site-database-export, intent captureMore, export profile sccm-site-database-export-v1, a single snapshot object (not snapshots), opaque sha256 handles for site, database, exporter host, authorizer and snapshot, an authorization decision consistent with the capture state (captured/partial require granted), aggregated summary counts within range and a matching integrity digest; it rejects duplicate JSON keys and unknown fields outright and always returns disposition CoverageOnly with coverage Captured, Partial or AccessDenied, never raw SQL, connection strings or identifiers.",crate API assess_sccm_site_database_export,crates/cmtraceopen-parser/src/sccm/server/windows/site_database_export.rs; crates/cmtraceopen-parser/src/sccm/json_contract.rs,all,both,"the module deliberately does not participate in server intake, discovery or collection; MAX_SCCM_SITE_DATABASE_EXPORT_BYTES 1 MiB.",pass,story,none,,rust_test: schema_and_fixture_contract,2026-09-24T21:30:00Z,,,
SCCM-053,sccm,Management Point reduction requires an exact request identity and emits a counterpart handoff,As a site administrator I want management point requests reduced only with exact keys so that an ambiguous request is reported as incompatible instead of attributed.,"analyze_management_point_from_server_intake requires an intake-bound projection, the Management Point role in the observed topology, the three-character synthetic site namespace and the exact 5.00.TEST source version, otherwise it fails with SourceMismatch, TopologyMismatch or RoleMismatch. It reduces the receiveRequest, authenticate, registerOrIdentify, resolveLocationOrPolicy, respond and recordOutcome chain into transactions with state (succeeded, failed, deferred, incomplete, contradictory, observed) and classification (success, confirmedFailure, blockedOrDeferred, insufficientEvidence, contradictoryEvidence, lowConfidenceSymptom, incompatibleKey), and exports counterpartReadyFacts with request id, optional policy id, client handle, canonical site code and management point handle plus the decided terminal evidence for the issue #333 correlation handoff.",crate API analyze_management_point_from_server_intake,crates/cmtraceopen-parser/src/sccm/server/windows/management_point.rs; crates/cmtraceopen-parser/src/sccm/server/windows/intake.rs,all,both,profile mp-server-5.00.test-v1; non-synthetic canonical intake intentionally returns TopologyMismatch; the module never performs client/server correlation.,pass,story,none,,rust_test: canonical_intake_adapter_derives_assessed_mp_evidence_and_fails_closed,2026-09-24T21:30:00Z,,,
SCCM-054,sccm,Distribution Point reduction covers source intake and content lifecycle,"As a content owner I want distribution point package lifecycle reduced per package so that retries, blocks and contradictions are distinguished.","analyze_distribution_point projects only complete profile-eligible records from the server-dp-distribution source into a source-local analysis (no package success or failure interpretation) with source observations and coverage gaps, while analyze_distribution_point_content_from_server_intake reduces receiveContent, distribute, transfer, validate, makeAvailable and serveOrReport observations into transactions keyed by packageId, contentId, contentVersion, site handle, site code and distribution point handle plus profile id/version, with state succeeded, failed, retrying, blocked, deferred, contradictory or incomplete, classification, confidence, severity, lastProvenPhase, stopPhase, recovered and contentVersionMismatch flags, terminal evidence, per-transaction next artifact and crossSideCorrelationPerformed false.",crate APIs analyze_distribution_point and analyze_distribution_point_content_from_server_intake,crates/cmtraceopen-parser/src/sccm/server/windows/distribution_point.rs; crates/cmtraceopen-parser/src/sccm/server/windows/intake.rs,all,both,profiles sccm-dp-intake-envelope v1 and dp-server-5.00.test-v1 v1; a tampered intake returns the authority-invalid analysis rather than partial facts.,pass,story,none,,rust_test: production_content_lifecycle_covers_success_failure_and_bounded_progress_states,2026-09-24T21:30:00Z,,,
SCCM-055,sccm,Software Update Point reduction covers sync and WSUS supplement,"As a patch administrator I want SUP synchronisation reduced per sync run so that missing WSUS evidence is coverage, not a proven failure.","analyze_software_update_point scopes server-sup-sync and server-sup-wsus artifacts, selects the synthetic profile sup-server-5.00.test-v1 only when every sync artifact is profile-eligible at source version 5.00.TEST.0001, and reduces configure, synchronize, importOrProcessMetadata, validateWsus, publishAvailability and healthyOrTerminal observations into transactions with disposition (succeeded, failed, retrying, deferred), state (succeeded, failed, deferred, incomplete), classification (success, confirmedFailure, blockedOrDeferred, insufficientEvidence), exact-only key confidence, role assessment and coverage rows; a missing WSUS path is interpreted as sourceCoverageOnly and rotation-split or malformed evidence is recorded as a typed source-local classification with a request reason (coverageAbsent, coverageAccessDenied, coverageCapped, coverageMalformed, coverageRotationSplit). Correlating with a client is handed off, not performed: clientCausalClaims stays empty and correlationHandoff reports performed false with timeOnlyEligible false.",crate API analyze_software_update_point,crates/cmtraceopen-parser/src/sccm/server/windows/software_update_point.rs; crates/cmtraceopen-parser/src/sccm/server/windows/catalog.rs,all,both,the WSUS source is the profile-defined WsUsHealth.json supplement owned by the WsUs role with a Software Update Point workflow subject.,pass,story,none,,rust_test: every_committed_scenario_runs_through_the_exported_production_analyzer,2026-09-24T21:30:00Z,,,
SCCM-056,sccm,Hierarchy replication reduction is evidence-bound and requests the missing side,As a hierarchy engineer I want replication messages reduced per message and link so that only an explicit topology match proves a direction.,"analyze_hierarchy_replication rejects an unbound intake with UntrustedIntake, selects the closed hierarchy profile only when hierarchy-family artifacts are profile-eligible at source version 5.00.TEST, requires explicit opaque topology links, and reduces initiate, queueOrSerialize, send, receive, process, acknowledge and healthyOrTerminal observations into transactions keyed by message id, link id, origin and target site code with direction origin/target/both, state (succeeded, failed, deferred, recovered, incomplete, contradictory), exact topology compatibility, timestamp ordering (usable, unusableInvalidOffset, unusableMissingOffset, unusableMissingTimestamp, contradictory) and remote causality evidenceBound/notEstablished; a missing target receive/process/apply source produces the typed artifact request missingTargetReceiveProcessApply, and the analysis reports nativeValidationPerformed false.",crate API analyze_hierarchy_replication,crates/cmtraceopen-parser/src/sccm/server/windows/hierarchy.rs; crates/cmtraceopen-parser/src/sccm/server/windows/catalog.rs,all,both,profile id is sccm-hierarchy-5.00.test-stable-v1 and the committed corpus is synthetic; raw payloads are admitted only through the registered synthetic digest registry.,pass,story,none,,rust_test: every_corpus_scenario_runs_through_canonical_intake_and_the_exported_analyzer,2026-09-24T21:30:00Z,,,
SCCM-057,sccm,Provider and admin service reduction maps layers to shared finding classes,As a site administrator I want provider and admin-service operations reduced per layer so that a routed backend failure is not attributed to the provider.,"analyze_provider_admin_service scopes server-provider, server-admin-service and the IIS supplement, selects the synthetic profile only for the exact synthetic version (reporting SelectedSynthetic or UnknownVersion and support state SyntheticProfileOnly or IntakeAuthorityInvalid), and reduces per-layer phase chains (receive, authenticateOrAuthorize, executeProviderOperation/route, executeBackendOperation, respond, recordOutcome with layer-specific ranks) into transactions with disposition succeeded/failed/pending/retryableFailure, state succeeded/recovered/failed/contradictory/blockedOrDeferred/incomplete and a classification whose sharedFindingClass maps recovered, confirmedFailure, contradictoryEvidence, blockedOrDeferred and insufficientEvidence onto the canonical finding classes (success produces no finding); findings carry the provider or admin-service role, layer, phase, evidence references and next artifact request.",crate API analyze_provider_admin_service,crates/cmtraceopen-parser/src/sccm/server/windows/provider_and_admin_service.rs; crates/cmtraceopen-parser/src/sccm/server/windows/catalog.rs,all,both,the provider and admin-service logical artifacts are smsprov and adminService; the IIS source is a supplemental contract with no catalog basename.,pass,story,none,,rust_test: all_provider_and_admin_service_fixtures_enter_through_canonical_intake,2026-09-24T21:30:00Z,,,
SCCM-058,sccm,Advanced-role source cards are admitted only when fully linked and validated,"As a maintainer I want the advanced-role source-card corpus checked for exact inventory, typed privacy and supersession so that only fully linked cards are semantically admitted.","The advanced-roles corpus retains exactly six source cards (certificate-enrollment-pki, client-notification-bgb, cloud-service-connection, osd-pxe, reporting, sql-database-export) with required typed fields (cardSchemaVersion, cardId, cardVersion, family, roleScope, candidateBasenames, pathClasses and the remaining required keys), rejects a card with an unknown parser or promotion value only after preserving it, requires an explicit successor for deprecated cards and fails closed on self-supersession or supersession cycles, and admits a card semantically only when every field is rule-validated and linked.",crate fixture corpus crates/cmtraceopen-parser/tests/fixtures/sccm/server/advanced_roles/source-cards,crates/cmtraceopen-parser/tests/sccm_server_advanced_roles_catalog.rs; crates/cmtraceopen-parser/tests/fixtures/sccm/server/advanced_roles/source-cards,all,both,"catalog coverage for the optional advanced sources; the card inventory is pinned to six files and four catalog fixtures (missing-required-field, redaction-required, unvalidated-source, valid).",pass,story,none,,rust_test: advanced_role_source_card_inventory_is_exact_and_sorted,2026-09-24T21:30:00Z,,,
SCCM-059,sccm,"Embedded collection profile loads, validates unique ids and filters by family",As a support engineer I want the built-in diagnostics profile to load with unique artifact ids and to be filterable by family so that I can collect a narrow set of sources.,"CollectionProfile::embedded() deserializes the embedded profile_data.json (profileName cmtrace-full-diagnostics-v1) and asserts bundle-wide artifact-id uniqueness across logs, registry, eventLogs, exports and commands; total_items() sums all five categories and filter_by_families retains only items whose family is in the list, with an empty list yielding a zero-item profile. The packaged profile includes the configmgr-family log and registry items alongside the Intune/macOS families.","crate APIs CollectionProfile::embedded, total_items, filter_by_families",crates/cmtraceopen-parser/src/collector/profile.rs; crates/cmtraceopen-parser/src/collector/profile_data.json; crates/cmtraceopen-parser/src/collector/types.rs,all,both,shared evidence-collection profile used by the generic collector; the configmgr family entry is the SCCM-relevant slice of the profile.,pass,story,none,,rust_test: collector::profile::tests::embedded_profile_deserializes,2026-09-24T21:30:00Z,,,
SCCM-060,sccm,Generic collection engine builds an exclusive bundle and reports progress and gaps,As a support engineer I want a diagnostics collection to produce a uniquely named bundle with progress events and an explicit gap list.,"run_collection builds a bundle id of the form CMTRACE-<YYYYMMDD-HHMMSS>-<sanitized hostname>-<uuid nonce> (hostname truncated to 64 characters and reduced to alphanumerics, dash and underscore, or ""unknown""), creates the bundle root exclusively below the requested output root or %ProgramData%\CmtraceOpen\Evidence, creates exclusive evidence subdirectories for logs, registry, event-logs, exports and command-output, runs all five collection categories concurrently while emitting collection-progress events with completed/total counts and messages ""Starting collection..."", ""Collecting diagnostics..."" and ""Collection complete."", and returns collected/missing/failed counts plus a deterministically sorted gap list; manifest.json records gaps with a stable order and the summary counts.",IPC command running run_collection; event collection-progress,src-tauri/src/collector/engine.rs; src-tauri/src/collector/manifest.rs; src-tauri/src/collector/artifacts.rs,windows (ProgramData default; temp dir fallback),full,cargo feature collector; extends CHROME-019 which covers the collect-diagnostics dialog that drives this engine.,pass,story,none,,rust_test: collector::engine::tests::generated_bundle_ids_include_unpredictable_nonce,2026-09-24T21:30:00Z,,,
SCCM-061,sccm,"PowerShell collector builds a bundle, redacts secrets and uploads it","As an Intune engineer I want a dependent-free collector that writes a bundle with a manifest, redacts the SAS from logs and uploads only when asked.","Invoke-CmtraceEvidenceCollection.ps1 takes OutputRoot, BundleLabel, CaseReference, CollectorProfilePath, SasUrl, BlobName, OperatorName/Team/Contact, LocalOnly and SkipLocaleMetadata, validates the profile shape (unique artifact ids across sections) before collecting, produces a CMTRACE-<timestamp>-<host>-<nonce> bundle with manifest.json, notes.md and the evidence subdirectories, counts collected/missing/failed/skipped artifacts into the manifest, keeps local-only behaviour when no SAS URL is supplied, uploads with Invoke-WebRequest under x-ms-blob-type BlockBlob when a SAS URL is given, and passes every message through Protect-SecretText so the SAS query string never reaches output; a failed upload still leaves the local bundle and zip and is reported in the result.",pwsh.exe -File scripts/collection/Invoke-CmtraceEvidenceCollection.ps1 -OutputRoot ... -SasUrl ... -LocalOnly; scripts/collection/intune-evidence-profile.json,scripts/collection/Invoke-CmtraceEvidenceCollection.ps1; scripts/collection/intune-evidence-profile.json; scripts/collection/tests/Invoke-CmtraceEvidenceCollection.Tests.ps1,windows,both,"extends CHROME-019, which coarsely covers this script via the collect-diagnostics dialog; the Pester suite is scripts/collection/tests/Invoke-CmtraceEvidenceCollection.Tests.ps1 (not a Rust/JS test level).",pass,story,none,,pester: scripts/collection/tests/Invoke-CmtraceEvidenceCollection.Tests.ps1 (29 passed locally),2026-09-24T21:30:00Z,,,
SCCM-062,sccm,Bootstrap stages the collector and detection throttles re-runs,As an Intune engineer I want a one-time SYSTEM scheduled collection with a throttle state so that remediation does not re-collect the same device repeatedly.,"Invoke-CmtraceEvidenceBootstrap.ps1 stages the collector and profile under %ProgramData%\CmtraceOpen\Staging, resolves pwsh.exe and installs the pinned PowerShell 7.5.4 x64 MSI when it is missing or older, validates that the staged collector parses as PowerShell and the staged profile as JSON (reporting the staged path, the query-redacted source URL and a payload preview on failure), registers a one-time SYSTEM scheduled task with -RunLevel Highest and writes throttle state to %ProgramData%\CmtraceOpen\State\collection-bootstrap.json; Detect-CmtraceEvidenceBootstrap.ps1 relaunches in 64-bit PowerShell and returns exit 0 with message ""throttled"" while the state is valid, unexpired and its task still exists, otherwise it removes the state file and exits 1 with no-state, invalid-state, expired-state or missing-task. Remediate-CmtraceEvidenceBootstrap.ps1 mirrors the bootstrap self-contained, reports a content-derived payloadId in its status output and in the saved state, and starts a transcript under %ProgramData%\CmtraceOpen\Logs.",Detect-CmtraceEvidenceBootstrap.ps1 / Remediate-CmtraceEvidenceBootstrap.ps1 (Intune Remediations pair); Invoke-CmtraceEvidenceBootstrap.ps1 -CollectorScriptUrl -CollectorProfileUrl -SasUrl,scripts/collection/Invoke-CmtraceEvidenceBootstrap.ps1; scripts/collection/Detect-CmtraceEvidenceBootstrap.ps1; scripts/collection/Remediate-CmtraceEvidenceBootstrap.ps1,windows,both,"parameters StatePath (default ...\State\collection-bootstrap.json), TaskName CmtraceOpen-EvidenceCollection-Once, ThrottleHours; no automated test covers these scripts.",blocked,story,environment,"requires a real Windows endpoint (ProgramData, ScheduledTasks, pwsh 7.5.4)","static: requires a real Windows endpoint (ProgramData, ScheduledTasks, pwsh 7.5.4)",2026-09-24T21:30:00Z,,,
SYSMON-001,sysmon,Analyze Sysmon EVTX or live log,As a Windows defender I analyze Sysmon events from a file or this PC.,Open .evtx or This computer -> analyzeSysmonLogs. Known windows-sysmon-live-events includes live EVTX. Progress spinner; errors shown. After success activeTab=dashboard. Refresh re-runs.,SysmonWorkspace empty state; File open; known source,src/workspaces/sysmon/SysmonWorkspace.tsx; index.ts,windows,full,Verified 2026-08-18T15:35:10Z: Empty open actions + setResults dashboard. Tests: src/workspaces/sysmon/SysmonWorkspace.test.tsx,partial,retest,coverage,Native platform behavior is unavailable on this macOS host; automated coverage is contract/component-level.,existing_test,2026-08-18T19:17:47Z,partial,2026-09-24T21:30:00Z,No confirmed defect or remediation required; current behavior retained.
SYSMON-002,sysmon,"Sysmon dashboard, events, summary, config",As a user I switch Sysmon views.,"Tabs Dashboard (metrics, alerts, top talkers), Events (type/severity/search + expand), Summary (Event ID counts), Configuration (schema/version/hashes/Event ID 16 XML).",SysmonWorkspace tabs,src/workspaces/sysmon/SysmonWorkspace.tsx; SysmonEventTable.tsx; SysmonDashboardView.tsx; SysmonSummaryView.tsx; SysmonConfigView.tsx,windows,full,Verified 2026-08-18T15:35:10Z: Dashboard/Events/Summary/Configuration tabs. Tests: src/workspaces/sysmon/SysmonWorkspace.test.tsx,partial,retest,coverage,Native platform behavior is unavailable on this macOS host; automated coverage is contract/component-level.,existing_test,2026-08-18T19:17:47Z,partial,2026-09-24T21:30:00Z,No confirmed defect or remediation required; current behavior retained.
SYSMON-003,sysmon,Discover and validate Sysmon EVTX sources in a folder,As a Windows defender I want a folder of exported EVTX files narrowed to the Sysmon ones so that unrelated event logs do not dilute my analysis.,"analyze_sysmon_logs on a directory runs discover_sysmon_evtx_files, which takes *.evtx from the folder root plus the evidence/, event-logs/ and evidence/event-logs subfolders and dedupes by sorted path, and then keeps only files where is_sysmon_evtx sees Provider Name = ""Microsoft-Windows-Sysmon"" in the first five records. A single .evtx path is trusted without the provider probe. Failure is reported, never shown as an empty success: no EVTX at all with no live query gives ""No .evtx files found at the specified path"", and a folder whose EVTX files are not Sysmon gives ""No Sysmon EVTX files found. Ensure the file contains Microsoft-Windows-Sysmon events.""","Toolbar > Open > Open folder... (Sysmon workspace); Sysmon empty state > ""Open .evtx files...""; IPC analyze_sysmon_logs",src-tauri/src/sysmon/evtx_parser.rs; src-tauri/src/commands/sysmon.rs; src/workspaces/sysmon/index.ts,windows (Sysmon workspace; the IPC command itself runs anywhere),full,"Extends SYSMON-001. Cargo feature `sysmon` (registration in src-tauri/src/lib.rs) plus workspace `platforms: [""windows""]` in src/workspaces/sysmon/index.ts.",pass,story,none,,rust_test: sysmon::evtx_parser::tests::test_extract_event_id_variants,2026-09-24T21:30:00Z,,,
SYSMON-004,sysmon,"Filter the Sysmon event table by type, severity and free text",As a Windows defender I want to narrow thousands of Sysmon events down to the ones that matter.,"The Events tab filter bar offers Type (""All types"" plus one option per summary.eventTypeCounts entry rendered as ""<displayName> (<count>)""), Severity (All/Info/Warning/Error) and a ""Search events..."" input; the visible set must satisfy all three, with search matching message, image, commandLine, targetFilename, queryName, targetObject, destinationIp and sourceIp case-insensitively. The trailing ""{n} events"" counter reflects the filtered rows, and changing Type or Severity clears the current row selection.",Sysmon workspace > Events (N) tab > Type / Severity / Search events,src/workspaces/sysmon/SysmonEventTable.tsx; src/workspaces/sysmon/sysmon-store.ts,all (data from Windows sources),full,Extends SYSMON-002.,pass,story,none,,"component_test: SYSMON-002 switches Dashboard, Events, Summary, and Configuration",2026-09-24T21:30:00Z,,,
SYSMON-005,sysmon,Inspect a single Sysmon event inline,As a Windows defender I want the full event payload next to the row so that I can judge it without leaving the list.,"Clicking a row selects it and expands a 200px detail block beneath it; clicking the selected row again clears the selection, Enter and Space do the same via the row's role=""button"" + aria-selected, and only the selected row grows because the virtualizer estimates its height as DETAIL_HEIGHT. The detail renders only populated values out of Event ID, Record ID, Computer, User, Image, Command Line, Process ID, Process GUID, Parent Image, Parent Command Line, Parent PID, Target Filename, Target Object, Details, Protocol, Source IP, Source Port, Destination IP, Destination Port, Destination Host, DNS Query, DNS Results, Source Image, Target Image, Granted Access, Hashes, Rule Name and Source File.",Sysmon workspace > Events tab > click / Enter / Space a row,src/workspaces/sysmon/SysmonEventTable.tsx; src/workspaces/sysmon/sysmon-store.ts,all (data from Windows sources),full,Extends SYSMON-002 (row selection and detail pane are not asserted by the existing workspace test).,pass,story,none,,e2e_browser: stories/other-workspaces.spec.ts :: [SYSMON-005] a row expands an inline detail block of populated values only,2026-09-24T21:30:00Z,,,
SYSMON-006,sysmon,Query the live Sysmon event log or get the non-Windows refusal,"As a Windows defender I want to analyse this machine's own Sysmon channel, and to be told clearly when that is impossible.","""This computer"" passes the sentinel path ""live-event-log"" with includeLiveEventLogs, which makes the file stage a no-op and reads up to MAX_LIVE_ENTRIES 10,000 records from Microsoft-Windows-Sysmon/Operational, keeping only Sysmon-provider records and preferring the event's rendered message over a field-built one. If the live query fails while it was the only source the command fails with ""Failed to query live Sysmon event log: <error>""; when combined with file events the failure is non-fatal and increments the parse-error count by one. Off Windows the same call returns ""Live Sysmon event log queries are only supported on Windows"".","Sysmon empty state > ""This computer"" (Windows only); known source windows-sysmon-live-events via Toolbar > Open",src/workspaces/sysmon/SysmonWorkspace.tsx; src/workspaces/sysmon/index.ts; src-tauri/src/sysmon/evtx_parser.rs; src-tauri/src/commands/sysmon.rs,windows (live read); all for the refusal message,full,Extends SYSMON-001.,pass,story,none,,e2e_browser: stories/other-workspaces.spec.ts :: [SYSMON-006] 'This computer' queries the live event log with the sentinel source,2026-09-24T21:30:00Z,,,
SYSMON-007,sysmon,Read the Sysmon configuration tab,"As a Windows defender I want the Sysmon version, hash algorithms and enabled event types so that I know how the host is configured.","Configuration shows Schema Version, Sysmon Version, Hash Algorithms (monospace) and Last Config Change whenever those fields are present, plus ""Active Event Types (observed in data)"" chips ""ID <eventId>: <displayName> (<count>)"" derived from the analysed events. When config is absent or config.found is false it renders ""No Sysmon configuration data found in the analyzed events."". The ""Configuration Details (from Event ID 16)"" XML block exists in the view but never appears from real data: extract_config deliberately leaves configuration_xml as None because the EventData Configuration field is not extracted (coverage gap).",Sysmon workspace > Configuration tab,src/workspaces/sysmon/SysmonConfigView.tsx; src-tauri/src/sysmon/evtx_parser.rs,all (data from Windows sources),full,Extends SYSMON-002; records the never-populated configuration XML path.,partial,story,coverage,"src/workspaces/sysmon/SysmonWorkspace.test.tsx ""SYSMON-002"" asserts ""Configuration Details (from Event ID 16)"" against a fixture that sets configurationXml, so the fixture case is component_test and the missing-from-real-data case is static_only",component_test: src/workspaces/sysmon/SysmonWorkspace.test.tsx (+2 tests passed),2026-09-24T21:30:00Z,,,
SYSMON-008,sysmon,Read the Sysmon summary tab,As a Windows defender I want an event-type rollup and the contributing files so that I can characterise a capture quickly.,"Summary renders ""Sysmon Analysis Summary"" with an Event Type Breakdown table (Event ID, Type, Count and percentage of summary.totalEvents, with ""0%"" when totalEvents is 0) sorted by descending count, and a Source Files list when summary.sourceFiles is non-empty. With no summary it renders ""No summary available.""",Sysmon workspace > Summary tab,src/workspaces/sysmon/SysmonSummaryView.tsx; src-tauri/src/sysmon/evtx_parser.rs,all (data from Windows sources),full,Extends SYSMON-002.,partial,story,coverage,"src/workspaces/sysmon/SysmonWorkspace.test.tsx ""SYSMON-002"" asserts the heading; the table contents come from build_summary (rust)",component_test: src/workspaces/sysmon/SysmonWorkspace.test.tsx (+2 tests passed),2026-09-24T21:30:00Z,,,
SYSMON-009,sysmon,"Resilient multi-file Sysmon analysis, ordering and parse-error accounting",As a Windows defender I want one unreadable file to degrade the result instead of failing the whole analysis.,"Files are parsed in parallel with a 100,000-wide id offset per file; an unparseable file is logged (event=sysmon_file_error) and contributes exactly one parse error while individual bad records are skipped (event=sysmon_record_skip). Merged events are re-sorted by timestamp_ms with null-timestamp events last (falling back to string timestamp then record id) and re-assigned sequential ids; when nothing at all was found the command returns ""No Sysmon events found from files or live event log."" instead of an empty result. The sidebar SourceSummaryCard reflects this: source basename as title, source path as subtitle, and Events / Processes / Files plus a red ""Parse errors: n"" line when the count is above zero (otherwise ""Ready"").",Sysmon sidebar (SourceSummaryCard); IPC analyze_sysmon_logs result,src-tauri/src/commands/sysmon.rs; src-tauri/src/sysmon/evtx_parser.rs; src/workspaces/sysmon/SysmonSidebar.tsx,all (data from Windows sources),full,Extends SYSMON-001; covers the sidebar summary card in the same flow.,pass,story,none,,rust_test: sysmon::evtx_parser::tests::test_build_summary_empty,2026-09-24T21:30:00Z,,,
SYSMON-010,sysmon,"Sysmon dashboard distribution, security alerts and top lists","As a Windows defender I want the busiest processes, destinations, DNS names, ports, files and registry keys plus warning/error highlights.","Dashboard renders an Event Type Distribution donut using the summary counts with the total in the middle (""No event type data available."" when empty) and a Security Alerts card that lists the total Warnings/Errors as badges with singular/plural labels plus an Event Type/Count table, or ""No warning or error events detected."" when both totals are 0. Six ranked lists follow — Top Processes, Network Destinations, DNS Queries, Top Ports, File Activity and Registry Activity — each with its own empty message (""No process data available."", ""No network destination data available."", ""No DNS query data available."", ""No port data available."", ""No file activity data available."", ""No registry activity data available.""); the backend ranks each to the top 20 by count.",Sysmon workspace > Dashboard tab (scrolling below the metric cards),src/workspaces/sysmon/DashboardEventTypeChart.tsx; src/workspaces/sysmon/DashboardSecurityAlerts.tsx; src/workspaces/sysmon/DashboardTopList.tsx; src-tauri/src/sysmon/evtx_parser.rs,all (data from Windows sources),full,Extends SYSMON-002.,pass,story,none,,rust_test: dashboard_data_top_processes,2026-09-24T21:30:00Z,,,
SYSMON-011,sysmon,Sysmon dashboard metric cards and event timeline,As a Windows defender I want headline counts and a time distribution so that I can spot activity bursts.,"Dashboard shows Total Events, Unique Processes, Unique Computers and a Time Range card (""earliest – latest"", a single timestamp, or ""—""), with a red Parse Errors card only when summary.parseErrors > 0. The Event Timeline chart offers Per Minute / Per Hour / Per Day (default Per Hour), renders ""No timeline data available."" for an empty bucket list, and merges adjacent buckets when a series exceeds MAX_BARS of 100; the backend builds the minute series adaptively (under 2h minute buckets, 2–24h 5-minute, 1–7d hourly, beyond 7d daily). If summary or dashboard is null the whole tab shows ""No dashboard data available.""",Sysmon workspace > Dashboard tab,src/workspaces/sysmon/SysmonDashboardView.tsx; src/workspaces/sysmon/DashboardMetricCards.tsx; src/workspaces/sysmon/DashboardTimeline.tsx; src-tauri/src/sysmon/evtx_parser.rs,all (data from Windows sources),full,Extends SYSMON-002.,partial,story,coverage,"component_test: src/workspaces/sysmon/SysmonWorkspace.test.tsx ""SYSMON-002"" asserts ""Total Events""; the aggregation rules are covered by build_dashboard_data in src-tauri/src/sysmon/evtx_parser.rs",component_test: src/workspaces/sysmon/SysmonWorkspace.test.tsx (+2 tests passed),2026-09-24T21:30:00Z,,,
SYSMON-012,sysmon,"Sysmon event typing, severity and message construction",As a Windows defender I want each record labelled with its Sysmon event type and severity so that filtering and dashboards are meaningful.,"EventID maps to one of the SysmonEventType values (1 Process Create … 29 File Executable Detected, 255 Sysmon Error, anything else Unknown) and severity is Error only for 255, Warning for 8, 10, 23, 25, 26, 27, 28, and Info otherwise. Messages are composed per family — ID 1 ""<image> | <cmd> (User: <user>)"" (or ""<image> (User: <user>)"" without a command line), ID 3 ""<image> → <ip>:<port> (<proto>)"", ID 10 ""<src> → <tgt> (Access: <access>)"", ID 22 ""<image> queried <q>[ → <results>]"", IDs 12–14 ""<image> | <targetObject>"" — then ""[<Type>] <image>"", then up to three key=value pairs, and every message has control characters stripped except tab/newline.",Sysmon workspace > Events tab (Severity column) and Summary tab (Type column),src-tauri/src/sysmon/models.rs; src-tauri/src/sysmon/evtx_parser.rs; src-tauri/src/sysmon/mod.rs,all (data from Windows sources),full,Extends SYSMON-001; severity values feed the Events severity filter and the dashboard Security Alerts totals.,pass,story,none,,rust_test: sysmon::evtx_parser::tests::test_event_type_mapping,2026-09-24T21:30:00Z,,,
SYSMON-013,sysmon,Watch live Sysmon analysis progress and discard stale progress,As a Windows defender I want to see which file is being parsed so that a long multi-file analysis does not look frozen.,"While analysing, the workspace shows a Spinner with the newest sysmon-analysis-progress message (default ""Analyzing Sysmon logs...""); the backend emits the stages discovery, parsing (""Parsing N Sysmon EVTX file(s)…"", then ""Parsed <file> (n/m)""), live-query and complete (""Analysis complete: N events from M source(s)""). updateProgress only applies a payload whose requestId equals currentRequestId, so progress from a superseded analysis is dropped, and it is ignored entirely when isAnalyzing is false.",Sysmon workspace during analyze_sysmon_logs; IPC event sysmon-analysis-progress,src/workspaces/sysmon/SysmonWorkspace.tsx; src/workspaces/sysmon/sysmon-store.ts; src/workspaces/sysmon/use-sysmon-analysis-progress.ts; src-tauri/src/commands/sysmon.rs,all (data from Windows sources),full,Extends SYSMON-001.,pass,story,none,,e2e_browser: stories/other-workspaces.spec.ts :: [SYSMON-013] the analysing spinner follows the newest progress for the active request,2026-09-24T21:30:00Z,,,
SB-001,secureboot,Analyze live device or log,As an admin I determine UEFI CA 2023 / Secure Boot stage.,"File -> analyzeSecureBoot(path). Non-file -> live scan. Known sources throw. Windows sidebar: Run detection, Run remediation (confirm), Rescan. Stages 0-5 from Disabled to Compliant.",File open; SecureBootSidebar; StatusBanner Rescan,src/workspaces/secureboot/index.ts; SecureBootWorkspace.tsx; SecureBootSidebar.tsx,all (script buttons Windows),full,Secure Boot empty: Use the toolbar actions to scan this device or open a Secure Boot log file.,partial,retest,coverage,"Current exact-head suite ran, but no focused current browser/component scenario covers the full user behavior.",ui,2026-08-18T19:17:47Z,partial,2026-09-24T21:30:00Z,No confirmed defect or remediation required; current behavior retained.
SB-002,secureboot,"Diagnostics, timeline, raw dump","As a user I read findings, session timeline, and copy the registry dump.","Diagnostics cards: severity, ruleId, title, detail, recommendation. Timeline: Timestamp/Source/Message. Raw Data: rawRegistryDump with Copy.",Diagnostics / Timeline / Raw Data tabs,src/workspaces/secureboot/DiagnosticsTab.tsx; TimelineTab.tsx; RawDataTab.tsx,all,full,"Verified 2026-08-18T15:35:10Z: Diagnostics card, timeline columns, raw dump + Copy. Tests: src/workspaces/secureboot/SecureBootWorkspace.test.tsx",pass,retest,none,No confirmed defect in current verification.,existing_test,2026-08-18T19:17:47Z,pass,2026-09-24T21:30:00Z,No confirmed defect or remediation required; current behavior retained.
SB-003,secureboot,Copy the Secure Boot raw registry dump,As a Windows admin I want the raw scan payload on my clipboard so that I can attach it to a case.,"Raw Data shows the scan's rawRegistryDump in a monospace block with a Copy button; a successful clipboard write shows green ""Copied to clipboard."" for 2.5s and a rejected write shows red ""Copy failed."" for 3s, both reverting to idle. With no dump the tab renders ""No raw data is available for this analysis."". The dump itself is generated by enumerating every value under the Secureboot, SecureBoot\State, SecureBoot\Servicing and DeviceAttributes keys as ""[HKLM\<path>]"" sections with ""  <name> = <value>"" lines, or ""<key not found: …>"" / ""<error enumerating value: …>"" markers.",Secure Boot Certs workspace > Raw Data tab > Copy,src/workspaces/secureboot/RawDataTab.tsx; src-tauri/src/secureboot/scanner.rs,windows (dump content),full,"Extends SB-002; adds the copy feedback states, the empty message and the dump format.",pass,story,none,,"component_test: SB-002 shows diagnostics, timeline columns, and raw dump copy",2026-09-24T21:30:00Z,,,
SB-004,secureboot,Determine the UEFI CA 2023 stage from an imported Secure Boot log,As a Windows admin I want an offline SecureBootCertificateUpdate.log to tell me which opt-in stage the device reached.,"analyze_secureboot with a path reads the file as text, parses it into sessions and a flat timeline (lines matching '<ts> [DETECT|REMEDIATE|SYSTEM] [LEVEL] <message>', grouped into sessions by DETECTION/REMEDIATION STARTED/COMPLETED markers) and derives the stage from the last Detect session that recorded a result_stage parsed from 'COMPLIANT|NON-COMPLIANT - Stage N'; Remediate sessions are ignored and no Detect result falls back to Stage 0. The result is data_source ""logImport"" with the default (unread) scan state, so the fact cards report ""Log import only"" for live values.",Toolbar > Open > Open log file... while Secure Boot Certs is active; IPC analyze_secureboot(path),src-tauri/src/secureboot/mod.rs; src-tauri/src/secureboot/log_parser.rs; src-tauri/src/secureboot/stage.rs; src-tauri/src/commands/secureboot.rs,all (log import); live device scan is windows,full,"Extends SB-001; the analyse-and-derive-stage half of SB-001 is split out here, and the parser/session detail is new.",pass,story,none,,rust_test: secureboot::log_parser::tests::parses_sessions,2026-09-24T21:30:00Z,,,
SB-005,secureboot,Live Secure Boot stage decision order,As a Windows admin I want the reported stage to follow the documented precedence so that a remediation decision is predictable.,"determine_stage applies checks in strict order: Secure Boot explicitly disabled → stage0 (before anything else, even a capable flag); UEFICA2023Capable = 2 → stage5; = 1 → stage4; ManagedOptIn missing or not the 0x5944 sentinel → stage1; AvailableUpdates greater than 0 and not the 0x4000 'no applicable update' sentinel → stage3; otherwise stage2. Each stage has a fixed UI label (Secure Boot Disabled / Opt-in Not Configured / Awaiting Windows Update / Update In Progress / Pending Reboot / Compliant) and description shown in the status banner.",Secure Boot Certs workspace > status banner and stage progress bar; IPC analyze_secureboot() / rescan_secureboot,src-tauri/src/secureboot/stage.rs; src/workspaces/secureboot/StatusBanner.tsx; src/workspaces/secureboot/secureboot-store.ts,windows (live scan data),full,Extends SB-001 (stage numbering to stage semantics).,pass,story,none,,rust_test: secureboot::stage::tests::stage0_takes_precedence,2026-09-24T21:30:00Z,,,
SB-006,secureboot,"Secure Boot diagnostics findings, rule set and ordering",As a Windows admin I want prioritised findings so that the first card is the one to fix.,"Diagnostics renders one card per finding with a severity badge (error/warning/info coloured), the rule id, the title, the detail and an optional ""→ recommendation"" block; findings come from the rule catalogue in evaluate_all (secure-boot-enabled, telemetry-level, diagtrack-service, tpm-present, bitlocker-escrow, disk-gpt, optin-configured, payload-present, scheduled-task-health, uefi-ca2023-status, boot-manager-signing, pending-reboot, error-code-present, wincs-available, fallback-timer, stage-stall, missing-cumulative-update, reboot-needed, transient-staging-error, missing-payload-with-wincs, windows-10-eol) and are sorted errors first, then warnings, then info. With no findings it renders ""No diagnostic findings were produced for this analysis.""",Secure Boot Certs workspace > Diagnostics tab (tab shows an error+warn+info count),src/workspaces/secureboot/DiagnosticsTab.tsx; src-tauri/src/secureboot/rules.rs; src/workspaces/secureboot/SecureBootWorkspace.tsx,all (rule inputs from the Windows scan or an imported log),full,"Extends SB-002 (adds the rule catalogue, error-first ordering and the empty state).",pass,story,none,,"component_test: SB-002 shows diagnostics, timeline columns, and raw dump copy",2026-09-24T21:30:00Z,,,
SB-007,secureboot,Secure Boot fact group cards with log-import degradation,"As a Windows admin I want certificate, health and configuration facts at a glance, with unread facts clearly marked rather than guessed.","Three cards render: Certificates (CA 2023 Status, Boot Manager, Capable Flag, Opt-in Key), System Health (Secure Boot, TPM as Present & enabled / Present but disabled / Not present, BitLocker Protection on|off, Disk) and Configuration (Telemetry, DiagTrack Running|Stopped, Sched Task Exists|Missing, Payloads 'n files'). Values that are null render ""Unknown"" in a muted style, failures render red (Secure Boot Disabled, DiagTrack Stopped) and warnings amber (Capable Flag Not capable, Payloads 0 files). For data_source ""logImport"" every live-derived row is replaced by the neutral ""Log import only"" instead of a fabricated value.",Secure Boot Certs workspace > fact cards above the tab strip,src/workspaces/secureboot/FactGroupCards.tsx; src/workspaces/secureboot/types.ts; src-tauri/src/secureboot/scanner.rs,windows (live values),full,Extends SB-001; documents the -logImport 'Log import only' contract.,pass,story,none,,e2e_browser: stories/other-workspaces.spec.ts :: [SB-007] a log-import-only analysis replaces every live row,2026-09-24T21:30:00Z,,,
SB-008,secureboot,Secure Boot rescan and the unsupported-platform scan error,"As an admin I want a rescan to reflect only the current device state, and to be told when this platform cannot be scanned.","rescan_secureboot performs a fresh device scan, re-derives the stage from that state and evaluates the rules with an empty session list, returning data_source ""liveScan"" with sessions [] and timeline [] (so the Timeline tab shows its empty state after a rescan). analyze_secureboot() without a path on a non-Windows platform fails with PlatformUnsupported ""Secure Boot device scan is only supported on Windows"", which the workspace surfaces through its error phase and the sidebar SourceStatusNotice.",Secure Boot Certs sidebar > Rescan; IPC rescan_secureboot / analyze_secureboot(null),src-tauri/src/commands/secureboot.rs; src-tauri/src/secureboot/scanner.rs; src/workspaces/secureboot/SecureBootWorkspace.tsx,windows (scan); all for the error path,full,Extends SB-001 (the Rescan action's own contract plus the unsupported path).,pass,story,none,,e2e_browser: stories/other-workspaces.spec.ts :: [SB-008] the unsupported-platform scan failure reaches the workspace and sidebar,2026-09-24T21:30:00Z,,,
SB-009,secureboot,Secure Boot scripts run elevated and are refused off Windows,"As a Windows admin I want the bundled detection/remediation scripts to run with the privileges they need, and a clear error elsewhere.","run_detection and run_remediation write the embedded Detect-/Remediate-SecureBootCertificateUpdate.ps1 to a temp file, wrap it so all streams are redirected and $LASTEXITCODE captured, and launch the wrapper through Start-Process -Verb RunAs -Wait (so the user sees a UAC prompt), returning exit_code, stdout and stderr which the command attaches as script_result on a fresh analyze(None) result. Off Windows both return ""Secure Boot script execution requires Windows"" as PlatformUnsupported.",Secure Boot Certs sidebar > Run detection / Run remediation,src-tauri/src/secureboot/scripts.rs; src-tauri/src/commands/secureboot.rs; src-tauri/src/secureboot/scripts/Detect-SecureBootCertificateUpdate.ps1; src-tauri/src/secureboot/scripts/Remediate-SecureBootCertificateUpdate.ps1,windows,full,Extends SB-001; records the elevation contract and the non-Windows refusal.,blocked,story,environment,"static_only: requires Windows, PowerShell and an interactive UAC prompt",,2026-09-24T21:30:00Z,,,
SB-010,secureboot,"Secure Boot sidebar detection, remediation and rescan actions","As a Windows admin I want to run the detection script, run remediation deliberately, and rescan on demand.","On Windows the sidebar shows Run detection, Run remediation and Rescan (all disabled while analysing or while a script is running); Run remediation first asks ""Run the Secure Boot remediation script on this device?"" and does nothing if declined. Each action sets the analysing message (""Running detection script..."", ""Running remediation script..."", ""Rescanning device..."") and replaces the result on success or shows the error state on failure, while scriptRunning tracks which script is in flight. Off Windows the whole action row is hidden, the summary card shows the device name (or ""Secure Boot Certificates""), the data-source label (Live device scan / Log file import / Live scan + log import / No source loaded), the stage and OS build, and with no result it renders the empty state ""No analysis yet"" / ""Use the toolbar actions to scan this device or open a Secure Boot log file."".",Secure Boot Certs sidebar > Run detection / Run remediation / Rescan; sidebar counts Errors/Warnings/Info,src/workspaces/secureboot/SecureBootSidebar.tsx; src/workspaces/secureboot/secureboot-store.ts; src-tauri/src/commands/secureboot.rs,windows (actions); all for the result summary,full,Extends SB-001.,pass,story,none,,e2e_browser: stories/other-workspaces.spec.ts :: [SB-010] off Windows the action row is hidden and the summary card reports the source,2026-09-24T21:30:00Z,,,
SB-011,secureboot,Secure Boot status banner and stage progress bar,As a Windows admin I want the current stage spelled out with its meaning and my position in the six-step sequence.,"The Secure Boot status banner shows the stage tier (colour, stage number in its disc, STAGE_DESCRIPTIONS copy) with a Rescan button, and the six-segment progress bar fills each segment up to the current stage in colorPaletteGreenBackground3 (colorNeutralBackground4 beyond it) with the active segment ringed at 2px. While a scan is running the workspace replaces the whole results state with its analysing spinner (see SB-010), so the banner is not rendered during a scan and its Rescan button is always enabled while visible.",Secure Boot Certs workspace > status banner + stage progress bar; banner Rescan,src/workspaces/secureboot/StatusBanner.tsx; src/workspaces/secureboot/StageProgressBar.tsx; src/workspaces/secureboot/SecureBootWorkspace.tsx,"all (rendered from any result, live scan is windows)",full,Extends SB-001/SB-002; the unused scanTimestamp prop is a rendering gap worth tracking.,pass,story,none,,e2e_browser: stories/other-workspaces.spec.ts :: [SB-011] the banner and progress bar follow the stage tier,2026-09-24T21:30:00Z,pass,2026-09-24T22:30:00Z,"Dead scanning affordance removed 2026-09-24: StatusBanner isScanning/scanTimestamp and the call-site prop were unreachable behind the workspace analysing spinner, so the branch and its props were deleted and this contract text corrected to the shipped behaviour."
SB-012,secureboot,"Secure Boot timeline annotations for stage, error and fallback rows",As a Windows admin I want stage transitions and failures to stand out from routine log lines.,"The Timeline tab renders Timestamp / Source / Message rows where the source badge is blue for detect, amber for remediate and neutral for system, and stageTransition, error and fallback rows are bolded with a coloured left border (green/red/yellow). A row's message is appended with a red ""[<errorCode>]"" when an error code was parsed and green ""→ <stage>"" when a stage was parsed. An empty timeline renders ""No timeline data is available for this analysis.""",Secure Boot Certs workspace > Timeline tab (count in the tab label),src/workspaces/secureboot/TimelineTab.tsx; src-tauri/src/secureboot/log_parser.rs,all (log import; live scan reports no sessions),full,Extends SB-002.,pass,story,none,,e2e_browser: stories/other-workspaces.spec.ts :: [SB-012] an empty timeline says so and the tab count disappears,2026-09-24T21:30:00Z,,,
DEP-001,deployment,Analyze a deployment log folder,As a Windows packager I triage PSADT/MSI/Burn/PatchMyPC logs.,"Folder, known defaultPath, or parent of a file -> analyze_deployment_folder. Phases idle/analyzing/empty/error/ready. Inventory counts by format. Outcomes failed/succeeded/deferred/unknown.",File/folder/known source,src/workspaces/deployment/index.ts; DeploymentWorkspace.tsx,windows,full,Verified 2026-08-18T15:35:10Z: Ready inventory by format and outcome counts. Tests: src/workspaces/deployment/DeploymentWorkspace.test.tsx,partial,retest,coverage,Native platform behavior is unavailable on this macOS host; automated coverage is contract/component-level.,existing_test,2026-08-18T19:17:47Z,partial,2026-09-24T21:30:00Z,No confirmed defect or remediation required; current behavior retained.
DEP-002,deployment,Failed cards and success tables,"As a user I expand errors and jump to the line, then scan succeeded/deferred/unclassified.",Failed cards: Open in Log Viewer (pending scroll to first Error). Expand N errors -> clickable L<n>. Succeeded/Deferred/Unclassified tables with resizable columns.,Ready view,src/workspaces/deployment/DeploymentErrorCard.tsx; DeploymentSuccessTable.tsx,windows,full,Verified 2026-08-18T15:35:10Z: Failed cards with Open in Log Viewer; succeeded/deferred tables. Tests: src/workspaces/deployment/DeploymentWorkspace.test.tsx,partial,retest,coverage,Native platform behavior is unavailable on this macOS host; automated coverage is contract/component-level.,existing_test,2026-08-18T19:17:47Z,partial,2026-09-24T21:30:00Z,No confirmed defect or remediation required; current behavior retained.
DEP-003,deployment,Auto-analyse the deployment folder for the active source,As a Windows packager I want the deployment view to pick up the folder I already have open instead of asking again.,"Entering the Software Deployment workspace with phase still ""idle"" auto-runs analyze_deployment_folder for the active source: a folder source uses its path, a known source uses defaultPath, and a file source analyses its parent directory. The resolving path is shown under the ""Software Deployment Analysis"" heading, and with no usable source the idle state lists ""Open a deployment log folder to analyze PSADT, MSI, PatchMyPC, and WiX/Burn logs."" plus the Known Sources hint mentioning C:\Windows\Logs\Software and C:\ProgramData\PatchMyPCInstallLogs.",Workspace > Software Deployment (auto on activation); Toolbar > Open > Open folder...,src/workspaces/deployment/DeploymentWorkspace.tsx; src/workspaces/deployment/index.ts; src/workspaces/deployment/deployment-store.ts,windows (workspace gating),full,Extends DEP-001 (which source path is chosen and when the analysis is triggered).,pass,story,none,,component_test: DEP-001 shows folder analysis inventory and outcome counts,2026-09-24T21:30:00Z,,,
DEP-004,deployment,Classify deployment outcomes from exit codes with an error summary,"As a Windows packager I want each deployment called success, deferred or failed with a human explanation of its code.","Exit codes 0, 3010 and 1641 classify as success; 1602, 1604, 60012 and 70001 as deferred; any other code as failure; no code as unknown. Failure and deferred files get a summary ""<MSI|PSADT|Burn|PatchMyPC|Deployment> exit code <n>: <description>"" when the bundled error database knows the code and the bare ""<prefix> exit code <n>"" otherwise, while success and unknown never produce a summary.","Software Deployment workspace > outcome labels, summary line and card error text",src-tauri/src/commands/deployment.rs; src/workspaces/deployment/deployment-store.ts,windows,full,Extends DEP-001 (outcome states) with the concrete code table.,pass,story,none,,rust_test: commands::deployment::tests::test_outcome_success,2026-09-24T21:30:00Z,,,
DEP-005,deployment,Deployment failure cards with error lines and jump-to-line,"As a Windows packager I want the failure context without opening the log first, then a one-click jump to the exact line.","Each failed file renders a card with the app name (or file name), a deploy-type chip, file name/version/format/exit code, the error summary, an ""Open in Log Viewer"" button and an ""N error(s)""/""Collapse"" toggle that shows the collected lines. MSI verbose files collect each ""Return value 3"" plus the three preceding lines and the ""MainEngineThread is returning"" line; other formats collect Error and Warning entries; the list is truncated to 50 lines. Each expanded line shows an underlined clickable ""L<lineNumber>"" (title ""Open at line <n>"") that sets pendingScrollTarget and loads the file into the Log workspace, and only one card is expanded at a time.",Software Deployment workspace > Failed Deployments > card buttons / L<n> links,src/workspaces/deployment/DeploymentErrorCard.tsx; src/workspaces/deployment/deployment-store.ts; src-tauri/src/commands/deployment.rs,windows,full,"Extends DEP-002 (line extraction rules, the 50-line cap and the single-expanded-card rule are new).",pass,story,none,,component_test: DEP-002 shows failed cards and succeeded/deferred/unclassified tables,2026-09-24T21:30:00Z,,,
DEP-006,deployment,"Deployment inventory bar, outcome summary and failure retry",As a Windows packager I want a rollup of what was found and a way to retry when the scan fails.,"The inventory bar shows counts only for formats present (""<n> PSADT"", ""<n> MSI verbose"", ""<n> WiX/Burn"", ""<n> Wrapper"", ""<n> Other"") followed by ""<n> total"", and the outcome summary shows failed (red), succeeded (green), deferred (amber) and unknown (grey) counts, each hidden when zero. On failure the workspace shows the error message and a Retry button, but Retry re-analyses only when a previous result exists (result?.folderPath), so the first-load failure state renders a button that does nothing — a coverage gap worth tracking.",Software Deployment workspace > inventory bar / outcome summary; error phase > Retry,src/workspaces/deployment/DeploymentWorkspace.tsx; src/workspaces/deployment/deployment-store.ts,windows,full,Extends DEP-001/DEP-002; records the Retry no-op on first-load failure.,partial,story,coverage,component_test: extend src/workspaces/deployment/DeploymentWorkspace.test.tsx with an error-phase fixture and assert the Retry handler is inert without a prior result,component_test: src/workspaces/deployment/DeploymentWorkspace.test.tsx (+3 tests passed),2026-09-24T21:30:00Z,,,
DEP-007,deployment,Deployment success/deferred and unclassified tables with resizable columns,As a Windows packager I want to compare the packages that worked and the ones we could not classify.,"The ""Succeeded / Deferred"" and ""Other / Unclassified (N)"" sections each render a table with Application, Version, Type, Format, Outcome, Exit Code, Start and End columns (the first cell's tooltip is the file name, timestamps lose their fractional seconds) and colour the Outcome cell green/red/amber. Every column header carries a drag handle that resizes that column with per-column minimum widths (40–100px) applied during the drag, and the header row stays sticky against the 8 columns' fixed grid template.",Software Deployment workspace > Succeeded / Deferred and Other / Unclassified tables,src/workspaces/deployment/DeploymentSuccessTable.tsx; src/workspaces/deployment/DeploymentWorkspace.tsx,windows,full,"Extends DEP-002 (column set, colouring and per-column resize minimums).",pass,story,none,,component_test: DEP-002 shows failed cards and succeeded/deferred/unclassified tables,2026-09-24T21:30:00Z,,,
DEP-008,deployment,"Recursive deployment scan, format classification and empty folder state",As a Windows packager I want every log under the folder classified by tooling so that I know what I am looking at.,"collect_log_files walks the tree recursively and keeps only *.log; each file is parsed and classified as psadt-cmtrace (CCM parser whose messages/components contain PSADT keywords), psadt-legacy, msi-verbose, psadt-wrapper (other CCM logs), patchmypc (CCM log whose path contains ""patchmypc""), burn (Burn parser, or ≥2 Burn records in the first 50 entries when detected as timestamped/plain) or unknown. A folder with no .log files yields the empty phase with ""No deployment logs found in this folder."" and ""Expected PSADT, MSI verbose, WiX/Burn, or PatchMyPC logs.""; a path that is not a directory fails with ""Not a directory: <path>"" and a parse failure still produces a row marked unknown rather than dropping the file.",Software Deployment workspace after analyze_deployment_folder,src-tauri/src/commands/deployment.rs; src/workspaces/deployment/DeploymentWorkspace.tsx,windows,full,Extends DEP-001 (inventory/format detail and the empty and malformed paths).,pass,story,none,,rust_test: commands::deployment::tests::test_format_msi_direct,2026-09-24T21:30:00Z,,,
DNS-001,dns-dhcp,Scan this server for DNS/DHCP logs,As a Windows DNS/DHCP admin I discover local logs.,"Scan this server: checkDnsLoggingStatus then known dns.log, DNS audit EVTX, dhcpsrvlog*.log. If debug off: Enable DNS debug logging (requires elevated). If no roles: prompt to Open files.",Empty-state Scan this server,src/workspaces/dns-dhcp/DnsDhcpWorkspace.tsx,all (live paths Windows),both,DNS empty: Scan this server.,partial,retest,coverage,"Current exact-head suite ran, but no focused current browser/component scenario covers the full user behavior.",ui,2026-08-18T19:17:47Z,partial,2026-09-24T21:30:00Z,No confirmed defect or remediation required; current behavior retained.
DNS-002,dns-dhcp,Collect from domain DCs,As a domain admin I pull DNS/DHCP logs from DCs.,"Confirm: discover DCs, collect via C$ admin shares. Progress bar. Result files/size/duration per server + errors. Open collected logs parses the bundle.",Collect from domain; Open collected logs,src/workspaces/dns-dhcp/DnsDhcpWorkspace.tsx,windows domain,both,DNS empty: Collect from domain.,partial,retest,coverage,"Current exact-head suite ran, but no focused current browser/component scenario covers the full user behavior.",ui,2026-08-18T19:17:47Z,partial,2026-09-24T21:30:00Z,No confirmed defect or remediation required; current behavior retained.
DNS-003,dns-dhcp,Open DNS/DHCP files and correlate devices,As a user I load debug/audit/DHCP logs and join devices by IP.,Open files multi .log/.evtx. Rejects non-DNS/DHCP parsers. Devices keyed by IPv4. Search IP/hostname/MAC. Auto-select busiest. Query table RCODE/QTYPE filters.,Open files; File menu; log banner,src/workspaces/dns-dhcp/DnsDhcpWorkspace.tsx; DeviceList.tsx; DeviceQueryTable.tsx,all,both,DNS empty: Open files / Open DNS or DHCP logs.,partial,retest,coverage,"Current exact-head suite ran, but no focused current browser/component scenario covers the full user behavior.",ui,2026-08-18T19:17:47Z,partial,2026-09-24T21:30:00Z,No confirmed defect or remediation required; current behavior retained.
DNS-004,dns-dhcp,Collect DNS/DHCP logs from domain controllers,As a domain admin I want every DC's DNS debug/audit and DHCP logs pulled into one bundle from my workstation.,"After a confirm dialog (""This will discover all domain controllers and collect DNS/DHCP logs from each via admin shares (C$). Continue?"") the command discovers DCs when no server list is supplied, creates Desktop\DnsDhcpCollection\dns-dhcp-<yyyyMMdd-HHmmss>, and per server: verifies \\<server>\C$\Windows\System32 (otherwise status ""unreachable"" with ""Cannot access \\<server>\C$ admin share""), copies dns\dns.log or dns\DNSServer_debug.log to dns-debug.log, exports the DNS audit channel with wevtutil epl to dns-audit.evtx when the server is local or copies Microsoft-Windows-DNSServer%4Audit.evtx / DNS Server.evtx when remote, and copies dhcpsrvlog*/dhcpv6srvlog* *.log files into dhcp/. Progress events (""Collecting from <server> (i/n)"", ""Collection complete"") drive a progress bar and ""i / n servers"" text, and the receipt lists each server with ✓/✗/⚠, its file count, any per-server errors, total files/size/duration and the bundle path with an ""Open collected logs"" button.",DNS / DHCP workspace empty state > Collect from domain; IPC collect_dns_dhcp_from_domain,src/workspaces/dns-dhcp/DnsDhcpWorkspace.tsx; src-tauri/src/commands/dns_dhcp.rs,windows,both,"Extends DNS-002 with the per-server status taxonomy, the local-vs-remote EVTX strategy and the bundle layout.",pass,story,none,,component_test: prompts before collecting from domain DCs (DNS-002),2026-09-24T21:30:00Z,,,
DNS-005,dns-dhcp,Correlate DNS queries and DHCP leases into devices,As a DNS analyst I want queries and leases joined per client so that I can see who is asking and who they are.,"Entries are grouped by client: DNS entries (format DnsDebug/DnsAudit) key by their sourceIp with a trailing "":<digits>"" port stripped only when the address contains a dot, DHCP entries key by ipAddress; the union of both is one device per IP. Hostname and MAC come from the latest DHCP entry for that IP, isEnriched is true when any DHCP entry exists, totals count queries with NXDOMAIN/SERVFAIL tallied from responseCode, firstSeen/lastSeen span all of the device's entries (0 when none have timestamps), a device's allEntries is the timestamp-sorted union, and devices are sorted by descending totalQueries with the first auto-selected while no device is selected. Disabling or removing a source re-derives devices from enabled sources only, and removing the selected device's source clears the selection.",DNS / DHCP workspace device list and detail; sidebar source switches,src/workspaces/dns-dhcp/dns-dhcp-store.ts,all,both,Extends DNS-003.,pass,story,none,,"component_test: joins DNS queries and DHCP leases onto one device by IPv4, stripping the query port",2026-09-24T21:30:00Z,,,
DNS-006,dns-dhcp,DC discovery and off-Windows refusal for domain collection,As a domain admin I want a clear reason when collection cannot even start.,"Discovery queries [System.DirectoryServices.ActiveDirectory.Domain]::GetCurrentDomain().DomainControllers and returns the DC names; a non-zero exit yields ""Failed to discover domain controllers: <stderr>"" and an empty result yields ""No domain controllers found. Ensure this machine is domain-joined."". Off Windows the whole command returns PlatformUnsupported ""DNS/DHCP domain collection is only supported on Windows."", which the workspace surfaces as its local error text.",DNS / DHCP workspace > Collect from domain (error surface); IPC collect_dns_dhcp_from_domain,src-tauri/src/commands/dns_dhcp.rs; src/workspaces/dns-dhcp/DnsDhcpWorkspace.tsx,windows (discovery); all for the refusal,both,Extends DNS-002.,pass,story,none,,e2e_browser: stories/other-workspaces.spec.ts :: [DNS-006] the off-Windows domain collection refusal is surfaced,2026-09-24T21:30:00Z,,,
DNS-007,dns-dhcp,Device summary header statistics,As a DNS analyst I want the selected client's identity and volume of activity at the top of the detail pane.,"The header shows the hostname (or IP) as the title with ""<ip> · <mac>"" underneath, then Queries, an amber NXDOMAIN badge and a red SERVFAIL badge (each rendered only when non-zero), a DHCP count when the device has DHCP entries, and First seen / Last seen timestamps; timestamps of 0 render as ""--"", and a device with no hostname shows its MAC alone.",DNS / DHCP workspace > device detail header after selecting a device,src/workspaces/dns-dhcp/DeviceSummaryHeader.tsx; src/workspaces/dns-dhcp/types.ts,all,both,Extends DNS-003.,pass,story,none,,rust_test: event_log::commands::tests::command_contract_allows_struct_field_initializers_when_not_returned_as_placeholders,2026-09-24T21:30:00Z,,,
DNS-008,dns-dhcp,DNS/DHCP server status panel and platform stubs,As a Windows DNS/DHCP admin I want to know whether the roles and debug logging exist on this machine before scanning.,"""Scan this server"" first calls check_dns_logging_status and renders a Server Status panel: DNS Server and DHCP Server rows show ✓/✗ with ""Not installed"" when absent, an installed DNS server adds a ""Debug logging"" row showing ""Not enabled"" when off plus the configured ""Log path: <path>"" when known. Off Windows the command returns dns_server_installed=false, debug_logging_enabled=false, log_file_path=null and dhcp_server_installed=false without erroring, so the panel simply shows both roles missing and the scan falls back to probing the known paths.",DNS / DHCP workspace empty state > Scan this server,src/workspaces/dns-dhcp/DnsDhcpWorkspace.tsx; src-tauri/src/commands/dns_dhcp.rs,windows (real status); all for the all-false stub,both,Extends DNS-001; dns-dhcp is always in get_available_workspaces (both editions).,pass,story,none,,"component_test: scans this server, surfaces debug-logging status, and offers to enable it (DNS-001)",2026-09-24T21:30:00Z,,,
DNS-009,dns-dhcp,Enable DNS debug logging with success and failure feedback,As a Windows DNS admin I want one click to turn on DNS debug logging and to be told whether it worked.,"When the DNS role is installed and debug logging is off, an ""Enable DNS debug logging"" button (showing ""Enabling..."" while working) runs Set-DnsServerDiagnostics -All $true and reads back the server's LogFilePath; success shows green ""DNS debug logging enabled. Log file: <path>"" (falling back to C:\Windows\System32\dns\dns.log when the server reports none) and refreshes the status panel. A non-zero PowerShell exit surfaces red ""Failed: Failed to enable DNS logging (run as Administrator): <stderr>"", and off Windows the command itself errors ""DNS debug logging can only be enabled on Windows Server.""",DNS / DHCP workspace > Server Status > Enable DNS debug logging,src/workspaces/dns-dhcp/DnsDhcpWorkspace.tsx; src-tauri/src/commands/dns_dhcp.rs,windows (elevated),both,Extends DNS-001.,pass,story,none,,"component_test: scans this server, surfaces debug-logging status, and offers to enable it (DNS-001)",2026-09-24T21:30:00Z,,,
DNS-010,dns-dhcp,Filter a device's queries by RCODE and QTYPE,As a DNS analyst I want to isolate failures and record types for one client.,"The query table offers RCODE (All, NOERROR, NXDOMAIN, SERVFAIL, REFUSED, FORMERR) and QTYPE (All, A, AAAA, SOA, NS, PTR, SRV, CNAME, MX, TXT) dropdowns whose choices compose with each other (filters are case-insensitive and NXDOMAIN/SERVFAIL/FORMERR also match the NAME_ERROR/SERVER_FAILURE/FORMAT_ERROR aliases), with a live ""{n} entries"" counter. Rows are virtualized over Time / Query Name / Type / RCODE / Dir / Proto / Flags; SERVFAIL/REFUSED/FORMERR render red and bold, NXDOMAIN amber and bold, and every empty cell renders ""--"" (the Query Name cell falls back to the message, then ""--"").",DNS / DHCP workspace > device detail > RCODE / QTYPE dropdowns,src/workspaces/dns-dhcp/DeviceQueryTable.tsx; src/workspaces/dns-dhcp/dns-dhcp-store.ts,all,both,"Extends DNS-003 (the filter composition, alias matching, colour/bold rules and ""--"" placeholders are new).",pass,story,none,,e2e_browser: stories/other-workspaces.spec.ts :: [DNS-010] SERVFAIL rows are red and bold while empty cells read --,2026-09-24T21:30:00Z,,,
DNS-011,dns-dhcp,Filter the device list and show its empty states,As a DNS analyst I want to find one client quickly and to see why the list is empty.,"The 300px device list has a ""Search IP, hostname, MAC..."" input that case-insensitively filters on IP, hostname and MAC; each row shows the hostname (or the IP at 70% opacity when there is no hostname) with a query-count badge and a red SERVFAIL badge when non-zero, and enriched devices add a second line ""<ip> · <mac>"". Rows are keyboard-activatable (Enter/Space) and selected rows keep a brand-coloured left border and selected background. With no devices the list shows ""No devices loaded"", and with devices but no match it shows ""No matching devices""; with no device selected the detail pane shows ""Select a device to view DNS activity"".",DNS / DHCP workspace > device list search box and rows; detail pane empty state,src/workspaces/dns-dhcp/DeviceList.tsx; src/workspaces/dns-dhcp/DeviceDetail.tsx,all,both,"Extends DNS-003 (search box, badges and both empty states).",partial,story,coverage,src/workspaces/dns-dhcp/dns-dhcp-store.test.ts covers the search predicate; the list/detail empty copy needs the component test in src/workspaces/dns-dhcp/DnsDhcpWorkspace.test.tsx,component_test: src/workspaces/dns-dhcp/dns-dhcp-store.test.ts (+3 tests passed),2026-09-24T21:30:00Z,,,
DNS-012,dns-dhcp,Load a collected DNS/DHCP bundle folder,As a domain admin I want the collection bundle parsed straight into the device view.,"""Open collected logs"" walks the bundle: every first-level entry is treated as a server directory, files directly inside that are accepted when they end in .log or .evtx (named ""<server>/<file>""), and one level of subdirectory (typically dhcp/) is scanned for .log files (named ""<server>/<dir>/<file>""); each accepted file is parsed and added in a single batched store update so devices rebuild once. When the walk finds nothing parseable the workspace shows ""No parseable DNS or DHCP logs found in the collection folder."" instead of an empty device list.",DNS / DHCP workspace > Collection Complete panel > Open collected logs,src/workspaces/dns-dhcp/DnsDhcpWorkspace.tsx; src/workspaces/dns-dhcp/dns-dhcp-store.ts,all,both,Extends DNS-002.,pass,story,none,,e2e_browser: stories/other-workspaces.spec.ts :: [DNS-012] a bundle with nothing parseable says so instead of showing no devices,2026-09-24T21:30:00Z,,,
DNS-013,dns-dhcp,Reject non-DNS/DHCP files when loading into the workspace,As a DNS analyst I want an unsupported file refused with a reason instead of silently producing no devices.,"Opening files (multi-select, filters ""DNS/DHCP Logs"" for .log/.evtx) parses each one and accepts it only when the detected format is DnsDebug or DnsAudit, or when any entry carries an ipAddress (DHCP); other files are skipped with a console warning during the multi-file picker. Loading through the workspace source hook or a dropped path instead sets the load error ""Unsupported format \""<format>\"". Expected DNS debug/audit logs or DHCP logs."" and stops loading, and the accepted loading path adds each file named ""<server>/<file>"" from a collection bundle with one batched device rebuild.","DNS / DHCP workspace empty state > Open files...; Toolbar > Open > ""Open DNS/DHCP file...""; drag-and-drop onto the workspace",src/workspaces/dns-dhcp/DnsDhcpWorkspace.tsx; src/workspaces/dns-dhcp/index.ts; src/workspaces/dns-dhcp/dns-dhcp-store.ts,all,both,Extends DNS-003; the sidebar lists each accepted source with a format badge and entry count and an enable switch that re-derives devices from enabled sources only.,pass,story,none,,component_test: opens DNS/DHCP files and correlates devices by IP (DNS-003),2026-09-24T21:30:00Z,,,
MACDIAG-001,macos-diag,Scan Mac environment and FDA gate,As a Mac admin I grant Full Disk Access then scan.,"On open: macosScanEnvironment. If fullDiskAccess=notGranted: guide with Re-check FDA and Open System Settings. Ready banner: version/build, FDA pill, tools, Refresh all.",Workspace auto-scan; FDA guide,src/workspaces/macos-diag/MacosDiagWorkspace.tsx; MacosDiagFdaGuide.tsx,macos,full,Verified 2026-08-18T15:35:10Z: FDA notGranted gate + ready banner with OS/FDA/tools. Tests: src/workspaces/macos-diag/MacosDiagWorkspace.test.tsx,partial,retest,coverage,Native platform behavior is unavailable on this macOS host; automated coverage is contract/component-level.,existing_test,2026-08-18T19:17:47Z,partial,2026-09-24T21:30:00Z,No confirmed defect or remediation required; current behavior retained.
MACDIAG-002,macos-diag,"Intune logs, profiles, Defender, packages, unified log","As a Mac admin I inspect Intune logs, MDM profiles, Defender, pkgutil, and unified log.","Intune Logs: table + Open in Log Explorer. Profiles & MDM: enrollment + ProfileDrilldown + Copy all. Defender: health/RTP/definitions + open logs. Packages: list + details/files. Unified Log: presets, time, cap, Hide NSURLSession, Run Query, virtual table.",MacosDiag tabs,src/workspaces/macos-diag/MacosDiagIntuneLogsTab.tsx; MacosDiagProfilesTab.tsx; MacosDiagDefenderTab.tsx; MacosDiagPackagesTab.tsx; MacosDiagUnifiedLogTab.tsx,macos,full,Verified 2026-08-18T15:35:10Z: Intune Logs/Profiles/Defender/Packages/Unified Log tabs. Tests: src/workspaces/macos-diag/MacosDiagWorkspace.test.tsx,partial,retest,coverage,Native platform behavior is unavailable on this macOS host; automated coverage is contract/component-level.,existing_test,2026-08-18T19:17:47Z,partial,2026-09-24T21:30:00Z,No confirmed defect or remediation required; current behavior retained.
MACDIAG-003,macos-diag,"Environment scan, FDA gate and per-tool/per-directory reporting for macOS Diagnostics",As a Mac admin I want to know which macOS tools and log directories exist before I trust any tab.,"Opening the workspace runs macos_scan_environment once (spinner ""Scanning macOS environment...""); while fullDiskAccess is ""notGranted"" the workspace renders only the Full Disk Access guide with its five numbered steps and the buttons ""Re-check FDA status"" (re-runs the scan) and ""Open System Settings..."" (invokes macos_open_system_settings, which opens the Privacy_AllFiles pane and whose failure is swallowed in the UI but is a PlatformUnsupported error off macOS). Once granted, the banner shows ""macOS <version> (<build>)"", the FDA pill (Full Disk Access / FDA Unknown / FDA Not Granted), one pill per tool (profiles, mdatp, pkgutil, log) coloured available/missing, an ""N dirs missing"" pill when any of the six probed directories is absent, and a ""Refresh all"" button; a scan failure renders ""Environment scan failed: <error>"", or the explicit ""macOS Diagnostics is only available on macOS…"" explanation when the error contains ""only available on macOS"".",Workspace > macOS Diagnostics (auto); FDA guide > Re-check FDA status / Open System Settings...; banner > Refresh all,src/workspaces/macos-diag/MacosDiagWorkspace.tsx; src/workspaces/macos-diag/MacosDiagFdaGuide.tsx; src/workspaces/macos-diag/MacosDiagEnvironmentBanner.tsx; src-tauri/src/macos_diag/environment.rs; src-tauri/src/commands/macos_diag.rs,macos (scan); all for the unsupported-platform message,full,"Extends MACDIAG-001 (the tool/directory pills, the five FDA steps, the System Settings action and the unsupported-platform copy are new). FDA is probed by stat-ing /Library/Application Support/com.apple.TCC/TCC.db, PermissionDenied → notGranted, other errors → unknown.",pass,story,none,,component_test: MACDIAG-001 shows the FDA gate when Full Disk Access is not granted,2026-09-24T21:30:00Z,,,
MACDIAG-004,macos-diag,"macOS Defender health, logs and diagnostics",As a Mac admin I want Defender's health at a glance and one-click access to its logs.,"The Defender tab renders one of ""Defender Not Installed"" (health null), ""Defender Health: OK"", ""Defender Health: Issues Detected"" or ""Defender Health: Unknown"" with a green/red/grey dot, a Refresh button, and when health exists a grid of Real-time Protection (Enabled/Disabled/Unknown), Definitions, Engine Version and App Version plus every health issue in red. Two side-by-side tables list Log Files (/Library/Logs/Microsoft/mdatp/) and Diagnostic Files (/Library/Application Support/Microsoft/Defender/wdavdiag/) with File, Size and an ""Open"" button that loads the file into the log workspace, each falling back to ""No log files found"" / ""No diagnostic files found""; with no result yet the tab shows ""No Defender data available."" and a Refresh button.",Workspace > macOS Diagnostics > Defender tab; Refresh; per-row Open,src/workspaces/macos-diag/MacosDiagDefenderTab.tsx; src-tauri/src/macos_diag/defender.rs,macos,full,"Extends MACDIAG-002 (health labels, issue list, empty states and the Defender-not-installed path).",pass,story,none,,rust_test: macos_diag::defender::tests::test_parse_mdatp_health_healthy,2026-09-24T21:30:00Z,,,
MACDIAG-005,macos-diag,macOS Diagnostics tab strip with per-tab counts,As a Mac admin I want to see at a glance how much data each tab holds.,"The strip lists Intune Logs, Profiles & MDM, Defender, Packages and Unified Log with the active tab underlined and a count badge that appears only after its slice has loaded: the Intune log file count, the profile count and the Microsoft package count; Defender and Unified Log never show a badge. Intune Logs is the default active tab.",Workspace > macOS Diagnostics > tab strip,src/workspaces/macos-diag/MacosDiagTabStrip.tsx; src/workspaces/macos-diag/macos-diag-store.ts,macos,full,Extends MACDIAG-002 (count badges and the default tab).,pass,story,none,,"component_test: MACDIAG-002 shows Intune, Profiles, Defender, Packages, and Unified Log tabs",2026-09-24T21:30:00Z,,,
MACDIAG-006,macos-diag,macOS Intune log inventory and hand-off to the log viewer,As a Mac admin I want to find the Intune/Company Portal log I need and open it in the log viewer.,"The Intune Logs tab shows stat cards: Log Files Found with ""across N directories"", Total Size formatted B/KB/MB, Last Modified as time plus date (""--""/""No files found"" when no file has a timestamp) and Directories ""n / 4"" with ""k not found"" or ""all present"" (the four expected directories are /Library/Logs/Microsoft/Intune, ~/Library/Logs/Microsoft/Intune, ~/Library/Logs/CompanyPortal and /Library/Logs/Microsoft/IntuneScripts). The table lists File Name, Size, Last Modified, a system (blue) or user (purple) Source badge — /library/logs and /var/log are system, /users/ and ~/ are user, anything else falls back to user — and an ""Open in log viewer"" button per row that parses the file, feeds the log store and switches the app to the log workspace with ""Loaded <file>"". Empty states: ""No Intune log files found"" in the table, and ""No scan results available. Click Rescan to try again."" with a Rescan button before any result exists.","Workspace > macOS Diagnostics > Intune Logs tab; Rescan; ""Open in log viewer""",src/workspaces/macos-diag/MacosDiagIntuneLogsTab.tsx; src-tauri/src/commands/macos_diag.rs,macos,full,"Extends MACDIAG-002 (stat cards, source classification, empty states and the log-viewer hand-off).",blocked,story,harness,"Rescan could not be driven to the empty scan: the store kept the previous scan (files.length 5), while the same fixtures render every card and the log-viewer hand-off correctly in the sibling test.","e2e_browser: e2e/stories/other-workspaces.spec.ts ""[MACDIAG-006] a rescan with no files degrades every card to a placeholder"" (test.fixme)",2026-09-24T22:45:00Z,blocked,2026-09-24T22:45:00Z,
MACDIAG-007,macos-diag,"macOS MDM profile list, enrollment card and drill-down to payload settings",As a Mac admin I want to see enrolment status and exactly which settings each profile deploys.,"Profiles & MDM shows an enrolment card (green/red dot, ""Enrolled[ via <type>]"" or ""Not Enrolled"", plus MDM Server and Enrollment Type when known), a header ""Installed Configuration Profiles (N)"" with ""Copy all"" (label flips to ""Copied"" for 2s after the raw profiles output reaches the clipboard) and Refresh, and one collapsible card per profile showing the friendly name (with the raw display name beneath when different), the profile identifier, Managed, source, ""Verified"" and install-date badges and a chevron that rotates when open; with no profiles it renders ""No configuration profiles installed."" and before any result ""No profile data available."" with a Refresh button. Expanding a card renders ProfileDrilldown: an Organization/Description/Source/Verified/Removal/Installed/UUID metadata grid, a ""Payloads (N)"" list where each payload shows its friendly payload-type name, type badge, identifier, description and either a parsed Setting/Value table (booleans as green Yes / grey No, arrays in brand colour, optional setting descriptions) with a ""Target: <appTarget>"" line, or the raw payloadData block when nothing parses.",Workspace > macOS Diagnostics > Profiles & MDM tab > profile card > chevron; Copy all,src/workspaces/macos-diag/MacosDiagProfilesTab.tsx; src/workspaces/macos-diag/ProfileDrilldown.tsx; src/lib/profile-utils.ts; src-tauri/src/macos_diag/profiles.rs,macos,full,"Extends MACDIAG-002 (enrolment card, Copy all, badge set, drill-down and empty states).",pass,story,none,,rust_test: macos_diag::profiles::tests::test_parse_system_profiler_plist,2026-09-24T21:30:00Z,,,
MACDIAG-008,macos-diag,macOS package receipts and per-package drill-down,As a Mac admin I want to confirm which Microsoft packages and versions are installed and what a package put on disk.,"The Packages tab shows ""Microsoft Packages"" (<microsoftCount> of <totalCount> total) and ""Latest Install"" (date of the newest install-time, or ""No packages""); the receipt table lists Package ID (with a friendly name such as Microsoft Defender or .NET Runtime above the raw id where known), Version and Install Date (parsed from the pkgutil install-time seconds, ""--"" when unparseable) with a Details/Close toggle per row. Details expands inline, loading macos_get_package_info and macos_get_package_files together and discarding the response if the selection changed meanwhile, then showing Version, Volume (default ""/""), Location, Install Time and ""Installed Files (N)"" in a monospace list; with no Microsoft packages the table renders ""No Microsoft packages found"" and before any result the tab shows ""No package data available."" with a Rescan button.",Workspace > macOS Diagnostics > Packages tab > Details / Close; Rescan,src/workspaces/macos-diag/MacosDiagPackagesTab.tsx; src-tauri/src/macos_diag/packages.rs,macos,full,"Extends MACDIAG-002 (stat cards, friendly names, the inline drill-down and its empty states). Package ids are validated against ^[a-zA-Z0-9._-]+$ before being passed to pkgutil, rejecting others with ""Invalid package ID '<id>': must contain only alphanumeric characters, dots, hyphens, and underscores"".",pass,story,none,,rust_test: macos_diag::packages::tests::test_filter_microsoft_packages,2026-09-24T21:30:00Z,,,
MACDIAG-009,macos-diag,"macOS unified log query controls, noise filter and capped results","As a Mac admin I want to query the unified log with presets and time bounds, hide transport noise, and know when results were truncated.","The Unified Log tab offers a Preset select (MDM Client (mdmclient) → process == ""mdmclient""; Managed Client Subsystem → subsystem == ""com.apple.ManagedClient"", the default; Install Activity → subsystem == ""com.apple.install""; Intune Agent Processes → the three Intune/Company Portal processes), a Time Range select (15/30/60/360/1440 minutes, default 60, converted to explicit start/end timestamps, while an omitted range falls back to --last 1h server-side), a Max Results number input (100–50000, default 5000, clamped to 1–50000 in the command) and a ""Hide NSURLSession noise"" checkbox (default on) that removes entries the message simplifier classifies as noise and shows ""Unified Log (n entries, k hidden)"". Run Query is disabled with a spinner while running and re-queries show a thin indeterminate bar over the previous results instead of clearing them; a capped response shows the amber ""Results capped at N entries (M total matched). Narrow time range or use a more specific predicate."" bar, an unknown preset id fails with ""Unknown preset ID: '<id>'"", and the states render ""Select a preset and time range, then click Run Query to search the macOS unified log."" and ""No log entries matched the query. Try a wider time range or different preset."". Rows are virtualized over resizable Timestamp/Process/Level columns (min 50px) with the message last, level badges coloured for Info/Warning/Error/Fault, and NSURLSession HTTP rows show a shortened message snippet whose full text is the cell title.",Workspace > macOS Diagnostics > Unified Log tab > Preset / Time Range / Max Results / Hide NSURLSession noise / Run Query,src/workspaces/macos-diag/MacosDiagUnifiedLogTab.tsx; src-tauri/src/macos_diag/unified_log.rs; src/lib/unified-log-utils.ts,macos,full,"Extends MACDIAG-002 (controls, noise filtering, cap reporting, column resizing and empty states). ndjson lines that do not parse as JSON are skipped, and non-JSON output still counts matches.",pass,story,none,,rust_test: macos_diag::unified_log::tests::test_get_presets,2026-09-24T21:30:00Z,,,
JAMF-001,macos-jamf,Detect JAMF environment,As a Mac admin I see whether JAMF Pro/Connect is present.,"Auto jamf_collect_environment. Banner Detecting / Unable (Retry) / not detected / detected. Overview cards: JAMF Pro, JAMF Connect, Environment (FDA + paths). No FDA hard-block.",Workspace open; Overview tab,src/workspaces/macos-jamf/MacosJamfWorkspace.tsx; MacosJamfOverviewTab.tsx,macos,full,jamf-store environment slice.,partial,retest,coverage,Native platform behavior is unavailable on this macOS host; automated coverage is contract/component-level.,existing_test,2026-08-18T19:17:47Z,partial,2026-09-24T21:30:00Z,No confirmed defect or remediation required; current behavior retained.
JAMF-002,macos-jamf,"Policies, profiles, Self Service, Connect, log inventory",As a Mac admin I inspect JAMF activity and logs.,Policies: stats + Activity/Policies/Installs/Failures/By day/All. Profiles: jamf_filter_profiles + drilldown. Self Service table. Connect table or not-detected. Logs: Name/Path/Size inventory (does not open files).,JAMF tabs,src/workspaces/macos-jamf/MacosJamfPoliciesTab.tsx; MacosJamfProfilesTab.tsx; MacosJamfSelfServiceTab.tsx; MacosJamfConnectTab.tsx; MacosJamfLogsTab.tsx,macos,full,jamf-store tab + policies fail-keep-data.,partial,retest,coverage,Native platform behavior is unavailable on this macOS host; automated coverage is contract/component-level.,existing_test,2026-08-18T19:17:47Z,partial,2026-09-24T21:30:00Z,No confirmed defect or remediation required; current behavior retained.
JAMF-003,macos-jamf,Detect the JAMF environment and derive the summary,"As a Mac admin I want an accurate picture of JAMF Pro/Connect, the JSS and the MDM tenant.","jamf_collect_environment treats /usr/local/bin/jamf as installed and reads its version from `jamf version` (""version=…"") with a 5s timeout, reads :jss_url from com.jamfsoftware.jamf.plist via PlistBuddy (also 5s), treats JAMF Connect as installed when either /Applications/JAMF Connect.app (or the legacy-case bundle) exists or /Library/Application Support/JamfConnect is a directory, reads its version from the bundle Info.plist CFBundleShortVersionString, and resolves the IdP from the first managed-preference source that answers (com.jamf.connect.login OIDCProvider, then com.jamf.connect Provider, then the non-managed equivalents, then the legacy key). lastCheckIn is the maximum timestamp among RecurringCheckIn events of jamf.log, MDM identity comes from the first profile carrying a com.apple.mdm payload (organisation included) or the enrollment status (never fatal when enumeration is unavailable), and FDA comes from the shared TCC probe. The summary is either ""JAMF binary not found at /usr/local/bin/jamf. Workspace is showing read-only views; bundle imports still work."" or ""JAMF binary detected (<version|unknown version>)[ · JAMF Connect installed][ · jamf.log missing]"".",Workspace > macOS JAMF; IPC jamf_collect_environment; Overview tab cards,src-tauri/src/jamf/detect.rs; src-tauri/src/jamf/paths.rs; src-tauri/src/commands/jamf.rs; src-tauri/src/jamf/models.rs,macos,full,"Extends JAMF-001 with the detection contract (timeouts, IdP source order, MDM identity, summary variants).",pass,story,none,,e2e_browser: stories/other-workspaces.spec.ts :: [JAMF-003+JAMF-007] the detected environment drives the banner and the overview cards,2026-09-24T21:30:00Z,,,
JAMF-004,macos-jamf,JAMF Connect event table and not-installed state,"As a Mac admin I want Connect sign-in activity, or a clear statement that Connect is not deployed.","When JAMF Connect is not installed the tab marks its slice notInstalled and shows ""JAMF Connect not detected"" / ""Install JAMF Connect to populate this view."" with a Re-check button; because the environment may not have resolved yet, a notInstalled slice is retried once JAMF Connect is reported installed. Otherwise the tab parses /Library/Logs/JAMFConnect.log (missing file → empty list) into Time, Type, User, IdP and Message columns, where the user is extracted from a ""user <email>"" pattern in the message and the IdP from ""provider=<value>"", loading shows ""Loading JAMF Connect log..."", failure shows ""Failed to parse JAMF Connect log: <error>"" with Retry, and Reload re-reads the log. Timestamps accept +HHMM, +HH:00 and Z (Z is normalised to +0000 before parsing) and are shown as UTC instants.",Workspace > macOS JAMF > JAMF Connect tab; Reload / Re-check / Retry,src/workspaces/macos-jamf/MacosJamfConnectTab.tsx; src-tauri/src/jamf/connect.rs; src-tauri/src/jamf/paths.rs,macos,full,"Extends JAMF-002 (the notInstalled branch and its retry rule, the column set, user/IdP extraction and Z-offset handling).",pass,story,none,,e2e_browser: stories/other-workspaces.spec.ts :: [JAMF-004] a missing JAMF Connect install is replaced by a re-checkable notice,2026-09-24T21:30:00Z,,,
JAMF-005,macos-jamf,JAMF environment banner states including failure retry,"As a Mac admin I want to distinguish 'still scanning', 'not installed' and 'detection failed'.","The banner renders an error MessageBar titled ""Unable to detect JAMF"" with the error text and a Retry button when the environment slice errored (a failed detection must not masquerade as still scanning), an info bar ""Detecting JAMF"" / ""Scanning for JAMF binary, JSS configuration, and JAMF Connect..."" while the slice is loading or has no data yet, a warning bar ""JAMF not detected"" with the summary when jamfInstalled is false, and a success bar ""JAMF detected"" with the summary otherwise.",Workspace > macOS JAMF > environment banner (Retry),src/workspaces/macos-jamf/MacosJamfEnvironmentBanner.tsx; src/workspaces/macos-jamf/MacosJamfWorkspace.tsx,macos,full,Extends JAMF-001 (the error/retry branch and the exact copy of each state).,pass,story,none,,e2e_browser: stories/other-workspaces.spec.ts :: [JAMF-005+JAMF-007] a failed detection shows the error banner and Retry recovers,2026-09-24T21:30:00Z,,,
JAMF-006,macos-jamf,JAMF log inventory and per-user path resolution,"As a Mac admin I want an inventory of every JAMF log on disk, and predictable behaviour when $HOME is missing.","jamf_scan_logs lists files from /Library/Application Support/JAMF/Logs plus ~/Library/Logs/JAMF and its ""JAMF Connect"" subdirectory (recording only directories that actually contain files), and separately adds the standalone files /var/log/jamf.log and /Library/Logs/JAMFConnect.log, totalling their sizes. The Logs tab shows ""<n> file(s) - <size> - <n> directories with logs"", a Re-scan button and a Name / Path / right-aligned Size table; per-user directories are skipped rather than redirected when $HOME is unset. Command arguments resolve the same way: a whitespace-only or empty path falls back to the canonical file, a leading ""~/"" expands against $HOME, and when a per-user default cannot be resolved the command fails with ""HOME is not set, so the per-user JAMF log path cannot be resolved"".",Workspace > macOS JAMF > Logs tab; Re-scan; IPC jamf_scan_logs / jamf_parse_*_log with path,src/workspaces/macos-jamf/MacosJamfLogsTab.tsx; src-tauri/src/commands/jamf.rs; src-tauri/src/jamf/paths.rs,macos,full,"Extends JAMF-002 (the standalone-file additions, the directories-with-logs count and the path-resolution rules).",pass,story,none,,e2e_browser: stories/other-workspaces.spec.ts :: [JAMF-006] the Logs tab reports the scanned inventory,2026-09-24T21:30:00Z,,,
JAMF-007,macos-jamf,JAMF overview cards,"As a Mac admin I want the JAMF Pro, JAMF Connect and environment facts on one screen.","Overview renders three cards: JAMF Pro (Binary, Version, JSS URL, Last check-in, MDM profile, MDM org), JAMF Connect (Installed, Version, IdP) and Environment (FDA status plus the detected directories as a comma list or ""none""). Missing values render ""-"", booleans render Yes/No, and the UTC last-check-in instant is rendered in the reader's own time zone (falling back to the raw string when unparsable). While loading it renders ""Loading..."" and on a failed environment slice ""Failed to load JAMF environment: <error>"" or ""Failed to load JAMF environment."" with no error text.",Workspace > macOS JAMF > Overview tab (default),src/workspaces/macos-jamf/MacosJamfOverviewTab.tsx; src/workspaces/macos-jamf/types.ts,macos,full,"Extends JAMF-001 (card contents, placeholder rules, time-zone conversion and the tab's own loading/error text).",pass,story,none,,e2e_browser: stories/other-workspaces.spec.ts :: [JAMF-005+JAMF-007] a failed detection shows the error banner and Retry recovers,2026-09-24T21:30:00Z,,,
JAMF-008,macos-jamf,JAMF per-day summary and elapsed-time semantics,"As a Mac admin I want a day-by-day view of check-ins, what ran and what installed, plus honest elapsed numbers.","The ""By day"" view groups events by local day date, newest day first, and each row reads ""<n> check-in(s)"", then ""<policy> (<duration>)"" for each policy execution, ""· installed <pkg>"" for successful installs and a red ""· <n> failure(s)"". Elapsed time for each ""Executing Policy"" line is measured from that line to the next line of the same jamf PID (or that invocation's last line), is reset when the same PID reappears more than 12 hours later, and is therefore an upper bound that includes trailing work; durations render as ""<n> ms"", ""<n.n> s"" or ""<m>m <s>s"" and ""-"" when unknown. A year rollover between December and January is repaired by comparing consecutive timestamps.",Workspace > macOS JAMF > Policies tab > By day view and Elapsed column,src/workspaces/macos-jamf/MacosJamfPoliciesTab.tsx; src-tauri/src/jamf/policy_log.rs; src-tauri/src/jamf/time.rs,macos,full,"Extends JAMF-002; the PID-bounded, 12-hour-capped duration measurement and the year-wrap repair are new.",pass,story,none,,e2e_browser: stories/other-workspaces.spec.ts :: [JAMF-008] the By day view summarises each local day with elapsed upper bounds,2026-09-24T21:30:00Z,,,
JAMF-009,macos-jamf,"JAMF policy log stats, filters and parsed fields","As a Mac admin I want to see what jamf.log says the Mac did, filtered to what matters.","The Policies tab parses jamf.log (year inferred from the file's mtime, month/day/time from each line, PID captured) and shows ""<n> event(s) · <n> unparsed · <sourcePath>"", a Re-parse button, a stats strip of Span, Check-ins, Policy runs, Installs, Failures (red when > 0), Last check-in and Slowest run (""<duration> · <policy>""), and six views — Activity (default, excludes info and patch-check noise but always keeps failures), Policies, Installs, Failures, By day and All — each labelled with its count. The table columns are Time, Trigger (Recurring check-in / Event: X / Manual / Startup / Login / Logout / Policy ID X / raw value), Policy / package, Result (Success / Failure - <value> / In progress / -) and a right-aligned Elapsed; a filter with no rows renders ""Nothing matches this filter."", and a parse failure renders ""Failed to parse jamf.log: <error>"" with Retry.",Workspace > macOS JAMF > Policies tab; view tab list; Re-parse / Retry,src/workspaces/macos-jamf/MacosJamfPoliciesTab.tsx; src-tauri/src/jamf/policy_log.rs,macos,full,"Extends JAMF-002 (stats strip, the six views with their noise rules, column set and empty/error copy).",pass,story,none,,e2e_browser: stories/other-workspaces.spec.ts :: [JAMF-009] the Policies tab parses jamf.log into counted views,2026-09-24T21:30:00Z,,,
JAMF-010,macos-jamf,JAMF Self Service usage table,As a Mac admin I want to see what users did in Self Service.,"The Self Service tab parses selfservice.log (~/Library/Logs/JAMF/selfservice.log; a missing file yields an empty list rather than an error) and shows ""Self Service usage"", ""<n> event(s) - ~/Library/Logs/JAMF/selfservice.log"", a Reload button and a table of Time, Action, Item, Result. Actions come from the line shape: ""Binary Request: <name>"" becomes the operation name (triggerPolicy, doRecon), ""Request: <endpoint>"" becomes action ""request"" with the endpoint as the item, ""WARNING: …"" becomes ""warning"", ""Server Connectivity State change - state: <s>, …"" becomes ""connectivity"" with the state as the result, ""Application successfully launched"" becomes ""launch"", and other lines become ""info"" with the raw message as the item; untimestamped continuation lines are dropped. Loading shows ""Loading Self Service log..."" and failure shows ""Failed to parse Self Service log: <error>"" with Retry.",Workspace > macOS JAMF > Self Service tab; Reload / Retry,src/workspaces/macos-jamf/MacosJamfSelfServiceTab.tsx; src-tauri/src/jamf/self_service.rs; src-tauri/src/jamf/paths.rs,macos,full,"Extends JAMF-002 (the classifier rules, the missing-file-is-empty rule and the table columns).",pass,story,none,,e2e_browser: stories/other-workspaces.spec.ts :: [JAMF-010] the Self Service tab parses selfservice.log into actions,2026-09-24T21:30:00Z,,,
JAMF-011,macos-jamf,JAMF store slice states and panel layout,As a Mac admin I want switching tabs to be instant and existing data to survive failures.,"Each panel (environment, policies, profiles, selfService, connect, logs) has its own slice with status idle/loading/ok/error/notInstalled; loading a slice twice is prevented by the panels' idle guards, failLoad keeps the previously loaded data and records the error, markNotInstalled clears any prior data, and the workspace shell keeps the banner and tab strip fixed while only the tab body scrolls (it also declares keepsViewOnLogLoad so opening a log from its sidebar stays in the JAMF workspace instead of ejecting to the Log workspace).",Workspace > macOS JAMF (tab switching); sidebar log list,src/workspaces/macos-jamf/jamf-store.ts; src/workspaces/macos-jamf/MacosJamfWorkspace.tsx; src/workspaces/macos-jamf/index.ts,macos,full,"Extends JAMF-001/JAMF-002; the sidebar-stay behaviour is asserted by e2e/jamf.spec.ts ""loads a log into the JAMF workspace"".",pass,story,none,,component_test: beginLoad → finishLoad transitions a slice to ok with data,2026-09-24T21:30:00Z,,,
JAMF-012,macos-jamf,JAMF-deployed profile filtering and drill-down,"As a Mac admin I want only the profiles JAMF actually deployed, with the same payload detail as macOS Diagnostics.","jamf_filter_profiles lists profiles via the macOS system_profiler path and keeps a profile when its organisation matches the expected organisation case-insensitively or when any payload type or payload identifier starts with com.jamfsoftware. or com.jamf.; the tab supplies the expected organisation only when JAMF itself is installed (so another vendor's profiles are not relabelled as JAMF-deployed) and waits for the environment slice before its first fetch. The tab shows ""JAMF-deployed profiles"" with ""<n> profile(s)"" and a selectable list (the selected button gets aria-pressed); the right pane renders ProfileDrilldown for the selected profile or ""Select a profile to view payloads."", with ""Listing profiles..."" while loading and ""Failed to list profiles: <error>"" with Retry on failure.",Workspace > macOS JAMF > Profiles tab; profile list buttons,src/workspaces/macos-jamf/MacosJamfProfilesTab.tsx; src-tauri/src/jamf/profiles.rs; src-tauri/src/commands/jamf.rs,macos,full,Extends JAMF-002 (the matching rule and the organisation-from-environment guard). Shared drill-down from src/workspaces/macos-diag/ProfileDrilldown.tsx.,pass,story,none,,e2e_browser: stories/other-workspaces.spec.ts :: [JAMF-012] another vendor's MDM organisation is not sent to the profile filter,2026-09-24T21:30:00Z,,,
EVID-001,evidence,Adjacent evidence preview for registry snapshots and event exports,As an analyst I want to inspect a snapshot or export without leaving the bundle summary.,"Clicking a collected registry-snapshot or event-log-export artifact opens the ""Adjacent evidence preview"" section, showing the artifact path and origin while ""Inspecting adjacent evidence..."" resolves, then either a registry snapshot view (summary, Keys and Values counters and one card per key with its value count and ""<name> [<valueType>]: <value>"" rows) or an event-export view (summary plus Channel, Format upper-cased, File size and Modified rows). With neither selected the section reads ""Select a registry snapshot or curated event export to inspect it here.""; a preview rejection shows the error in the warning banner, and in a build without the dsregcmd feature the backend answers ""Registry snapshot preview is not available in lite builds. Use a full build with the dsregcmd feature enabled."" while any other intake kind is refused with ""artifact preview is currently supported for registry snapshots and event-log exports only"".",Evidence bundle summary dialog > Inventory > Review registry snapshot / Review event export,src/components/dialogs/EvidenceBundleDialog.tsx; src-tauri/src/commands/bundle_ops.rs,all,full,Extends CHROME-018; the lite/no-dsregcmd refusal is a real degraded path. Edition: full (registry preview needs the dsregcmd feature).,pass,story,none,,rust_test: commands::bundle_ops::tests::inspect_evidence_artifact_previews_registry_and_event_exports,2026-09-24T21:30:00Z,,,
EVID-002,evidence,"Choose collection categories, families and presets",As an admin I want to scope a diagnostic collection before it runs.,"Collect Diagnostics starts with every category enabled and shows Quick Presets (Full Collection, Intune + Autopilot, Networking, Security, Quick System Info) that replace the enabled set and clear family overrides; clicking a category checkbox toggles it and clears that category's family overrides, expanding a category lists its families, unchecking a family marks it disabled (the parent checkbox renders indeterminate), and disabling the last family of a category switches that category off while enabling a family of a disabled category turns it back on. The footer counts ""<n> of <total> families selected"" and Collect is disabled (greyed) at zero families; when every category is on and no family is overridden the request sends a null family filter to mean ""collect everything"", otherwise it sends the effective family list.",Tools > Collect Diagnostics… (menu id tools.collect_diagnostics); preset buttons; category/family checkboxes; Cancel / Collect,src/components/dialogs/CollectDiagnosticsDialog.tsx; src/lib/collection-categories.ts,windows (collector feature),full,"Extends CHROME-019 (the selection algebra, the indeterminate state and the null-means-all request shape).",pass,story,none,,"component_test: shows presets, category checkboxes, and starts collection",2026-09-24T21:30:00Z,,,
EVID-003,evidence,"Collection completion receipt, gaps and bundle hand-off","As an admin I want a receipt that says what was collected, what was missed, and lets me open the bundle.","A successful collection shows ""Collection Complete"" with ""Finished in <n.n>s"", Collected/Missing/Failed count cards in the theme's status colours, the bundle id, and a ""Show <n> missing/failed details"" toggle that expands each gap as ""<artifactId> (<category>): <reason>"". A run that produced no artifacts but has gaps is instead presented as ""Collection Failed"" (no duration or count cards) showing the first gap's reason, and Collect failures after the dialog closes are converted into that same failed result so the user always gets a receipt. Both states offer Close and, when a bundle path exists, ""Open Bundle"" which loads the bundle folder into the log workspace with preferFolder.",Collection receipt dialog after Tools > Collect Diagnostics… > Collect; Close / Open Bundle,src/components/dialogs/CollectionCompleteDialog.tsx; src/components/dialogs/CollectDiagnosticsDialog.tsx; src/lib/log-source.ts,windows (collector feature),full,"Extends CHROME-019 (the failure-as-receipt path, the gap detail toggle and the Open Bundle folder load).",pass,story,none,,"component_test: shows counts, gaps, Close, and Open Bundle",2026-09-24T21:30:00Z,,,
EVID-004,evidence,Evidence artifact intake classification rules,As an analyst I want each manifest artifact labelled with how the app will read it.,"Intake kind comes from the manifest category (logs → Log, registry → RegistrySnapshot, event-log/event-logs → EventLogExport, command-output → CommandOutput, screenshots → Screenshot, exports → Export, anything else → Unknown/Unsupported). An artifact that does not exist on disk is reported Missing rather than guessed; registry snapshots, event exports, screenshots and exports are Recognized with fixed summaries; command-output is Recognized and named ""dsregcmd command output"" when the path, family or a parse hint mentions dsregcmd/entra/azuread/join, otherwise ""<family> command output"" or ""Command output""; text logs are parsed for real, marked Recognized when parser quality is better than text fallback and Generic when it is only TextFallback, Unsupported when the file is not text-like or cannot be read as UTF-8, and carry totalLines/entryCount/parseErrors/cleanParse diagnostics.",IPC inspect_evidence_bundle; Evidence bundle summary dialog > Inventory,src-tauri/src/commands/bundle_ops.rs,all,full,Extends CHROME-018. Focused classifier test added 2026-09-24 (the story had no dedicated test).,pass,story,none,,rust_test: commands::bundle_ops::tests::artifact_intake_kind_classifies_every_bundle_category_case_insensitively,2026-09-24T22:45:00Z,pass,2026-09-24T22:45:00Z,
EVID-005,evidence,Evidence artifact open and preview routing per workspace,"As an analyst I want an artifact button to do the right thing — open it where it belongs, preview it, or tell me why it cannot.","Only collected artifacts that exist on disk are interactive; the action label and reason depend on the active workspace: in the Log workspace only category ""logs"" with a .log/.lo_/.txt extension is openable (""Open in log workspace""), otherwise ""The log workspace currently opens collected text log artifacts only.""; in Intune/new-Intune the same text rule applies plus a term match on intune/ime/appworkload/agentexecutor/healthscripts/appactionprocessor (""Open in Intune workspace"" / ""Open in new Intune workspace""), otherwise ""This artifact does not look like an Intune IME log source.""; in dsregcmd the file must be text-like and match dsregcmd/entra/azuread/join (""Open in dsregcmd workspace""), otherwise ""This artifact does not look like a dsregcmd capture."" or ""The dsregcmd workspace currently opens dsregcmd text captures only."". Artifacts not collected say ""Only collected artifacts can be opened."", missing files say ""This artifact is not available on disk."", registry-snapshot and event-log-export artifacts instead offer ""Review registry snapshot"" / ""Review event export"", and any open failure is surfaced in the warning banner.",Evidence bundle summary dialog > Inventory > artifact buttons,src/components/dialogs/EvidenceBundleDialog.tsx; src/hooks/use-app-actions.ts,all,full,Extends CHROME-018 (the per-workspace eligibility rules and the exact refusal copy).,pass,story,none,,e2e_browser: stories/other-workspaces.spec.ts :: [EVID-005] the Intune and dsregcmd workspaces each use their own term rule,2026-09-24T21:30:00Z,,,
EVID-006,evidence,Evidence bundle and artifact inspection failures are explicit,As an analyst I want to be told when a folder is not a usable bundle instead of seeing an empty summary.,"inspect_evidence_bundle rejects an unsafe path (symbolic link or reparse point ancestor) with ""<symbolic link or reparse point is not followed>: <path>"", a missing path with ""bundle path does not exist: <path>"", a file path with ""bundle path is not a folder: <path>"", a folder without manifest.json with ""manifest.json was not found under <path>"", malformed manifest JSON with ""failed to parse <path>: <error>"", and a manifest that does not identify a bundle with ""<path> is not a recognized evidence bundle"". inspect_evidence_artifact rejects a missing path with ""artifact path does not exist: <path>"" and a directory with ""artifact path is not a file: <path>"". Recursive bundle collection skips entries it refuses to follow and records explicit child diagnostics instead of silently dropping them.",IPC inspect_evidence_bundle / inspect_evidence_artifact (surfaced by the dialog's error banner),src-tauri/src/commands/bundle_ops.rs,all,full,Extends CHROME-018; also records the symlink/reparse-point refusal contract.,pass,story,none,,rust_test: commands::bundle_ops::tests::inspect_evidence_artifact_previews_registry_and_event_exports,2026-09-24T21:30:00Z,,,
EVID-007,evidence,Evidence bundle dialog gating and bundle root resolution,As an analyst I want the bundle summary to describe the bundle I am actually working in.,"The dialog renders nothing unless it is open and bundle metadata exists; the bundle root is resolved per active workspace — the log store's folder source path, a known source whose pathKind is folder, otherwise the manifest's parent directory; the Intune/new-Intune evidence bundle's manifest directory; or the dsregcmd source context's bundlePath. Escape closes it (handled while open), clicking the backdrop closes it, the Close button closes it, and focus is moved to the dialog on open and restored to the previously focused element on close; while open, an inspectEvidenceBundle call populates details, and a rejection clears them and shows the error text (e.g. ""Failed to inspect evidence bundle."") in the dialog's error banner without hiding the tabs.",Tools > Evidence Bundle Summary (menu id tools.bundle_summary → show_evidence_bundle); Escape / backdrop / Close,src/components/dialogs/EvidenceBundleDialog.tsx; src/stores/ui-store.ts,all,full,"Extends CHROME-018 (root resolution, gating and the failure banner). Edition: full (the dialog itself is present in both editions; the menu entry is feature-gated server-side).",pass,story,none,,component_test: renders nothing without bundle metadata,2026-09-24T21:30:00Z,,,
EVID-008,evidence,"Evidence bundle header, required-missing banner and summary tab","As an analyst I want the bundle's identity, provenance and investigation guidance in one place.","The header shows the label ""Evidence Bundle"", the bundleLabel (or bundleId, or ""Collected evidence summary"") and the summary (or ""This folder was recognized as a CMTrace Open evidence bundle.""). When any expected-evidence record is required and not available a red banner states ""<n> required evidence item(s) is/are missing from this bundle."" and lists the first three relative paths plus ""+N more"". Summary shows the Collected/Missing/Failed/Skipped counts, a Bundle metadata card (Bundle ID, Case reference, Device, Primary user, Tenant, Platform, OS version, Collected, Collector profile, Collector version, each falling back to ""Not reported""), a Current intake view card (Manifest path, Notes path, Evidence root, ""<n> files, <n> folders visible at bundle root"", selected source basename or ""No file selected""), a Primary evidence entry points list marking each path Available or Missing, and an Investigation guidance card rendering handoffSummary, priorityQuestions and observedGaps when present.",Evidence bundle summary dialog > Summary tab,src/components/dialogs/EvidenceBundleDialog.tsx,all,full,"Extends CHROME-018 (count cards, metadata rows, entry-point availability, guidance and the required-missing banner).",pass,story,none,,component_test: opens Summary/Inventory/Notes/Manifest and empty inventory copy from a store fixture,2026-09-24T21:30:00Z,,,
EVID-009,evidence,Evidence bundle inventory tab,"As an analyst I want to know which artifacts were collected, how each one will be read, and which had parsing problems.","Inventory aggregates the artifact records into category counts (labels de-slugified and title-cased), intake status chips (Recognized / Generic text / Unsupported / Missing on disk, coloured) and a ""Recognized intake families: …"" line, and warns ""Parser quality watchlist: <n> recognized log artifact(s) reported parse issues."" when any artifact's parse diagnostics carry errors. Each artifact renders as a button showing its status badge, category, intake badge, family, relative path, recognized-as text plus parse-quality label (Structured / Semi-structured / Text fallback), the intake summary, a parse-diagnostics line (""<n> entries from <n> lines with no parse issues"" or ""… with <n> parse issues""), the action label, the selected parser (with specialization), origin path and notes. Buttons are disabled when the artifact is neither openable nor previewable. Empty copies: ""No artifact records were found in the manifest."", ""No intake diagnostics are available yet."", ""No artifact detail was available."" and, for expected evidence, ""No expected-evidence detail was recorded in the manifest."" — expected-evidence rows are labelled Available, Required gap or Optional gap with their reason.",Evidence bundle summary dialog > Inventory tab,src/components/dialogs/EvidenceBundleDialog.tsx; src-tauri/src/commands/bundle_ops.rs,all,full,Extends CHROME-018.,pass,story,none,,component_test: opens Summary/Inventory/Notes/Manifest and empty inventory copy from a store fixture,2026-09-24T21:30:00Z,,,
EVID-010,evidence,Evidence bundle notes and manifest previews,As an analyst I want to read the collector's notes and the raw manifest from the dialog.,"The Notes tab renders notesContent and the Manifest tab renders manifestContent in a wrapped monospace pre; when a pane has no content it shows ""No content was available for this file."" The footer always shows ""Notes file: <basename>"" from the bundle metadata's notes path and a Close button.",Evidence bundle summary dialog > Notes / Manifest tabs; footer Close,src/components/dialogs/EvidenceBundleDialog.tsx; src-tauri/src/commands/bundle_ops.rs,all,full,Extends CHROME-018.,pass,story,none,,component_test: opens Summary/Inventory/Notes/Manifest and empty inventory copy from a store fixture,2026-09-24T21:30:00Z,,,
EVID-011,evidence,"GUID registry dialog tabs, counts, filtering and copy","As an Intune engineer I want to look a GUID up by name, GUID or publisher and copy it.","The dialog lists GUID registry entries sorted by name with tabs All, Apps, Scripts and Remediations; a non-All tab is hidden when its count is zero and each visible tab is labelled ""<label> (<count>)"". The filter input (placeholder ""Filter by name, GUID, or publisher..."") matches name, GUID or publisher case-insensitively and the counter reads ""<n> entries"" when nothing is filtered or ""<n> / <m>"" when it is; the Type column appears only on All, and rows show Name, GUID, Publisher and a coloured Source label (AppName, Name, FilePath, Graph API). Clicking a row — or pressing Enter/Space on it — copies the GUID to the clipboard (title ""Click to copy GUID"", aria-label ""Copy GUID <guid>""). With no registry built the body reads ""No GUID registry data available. Run an Intune analysis or enable Graph API in Settings."", and a filter with no match reads ""No matches for ""<query>"""".",Tools > GUID Registry (menu id tools.guid_registry); dialog Close,src/components/dialogs/GuidRegistryDialog.tsx; src/workspaces/intune/intune-store.ts,all,full,"Extends CHROME-017 (counts, zero-count tab hiding, sort order, the ""n / m"" counter and the no-match copy).",pass,story,none,,component_test: shows the empty-state hint when no GUID registry has been built,2026-09-24T21:30:00Z,,,
REG-001,registry,Registry key search is implemented but not reachable from the UI,As an analyst I want to search registry keys and values and step through the matches.,"The registry store implements setSearchQuery (case-insensitive search over key paths, value names and value data via searchRegistryKeys), searchNext/searchPrevious with wrap-around and searchCurrentIndex, expandToPath (expanding every ancestor of a match and selecting it), and KeyTree already scrolls the selected index into view and force-includes the selected row in the virtualizer's range — but no control in the app calls setSearchQuery, so a user cannot enter a registry search today (coverage gap: the store capability ships without a UI).",None today (no rendered search control); store API useRegistryStore.setSearchQuery / searchNext / searchPrevious,src/stores/registry-store.ts; src/lib/registry-utils.ts; src/components/registry-view/KeyTree.tsx,all,both,Extends LOG-024; documents a store capability with no UI entry point.,blocked,story,harness,"Store-level search (setSearchQuery/searchNext/searchPrevious/expandToPath) has no caller outside the registry store and KeyTree only reacts to selectedKeyPath, so key search is unreachable from the UI.",static analysis of src/stores/registry-store.ts and src/components/registry-view/KeyTree.tsx (no browser surface),2026-09-24T22:45:00Z,blocked,2026-09-24T22:45:00Z,
REG-002,registry,"Registry snapshot loading, caching and auto-expansion",As an analyst I want a .reg tab to open quickly and remember its tree between tab switches.,"Opening a registry tab calls parse_registry_file for the active file (showing ""Loading registry data..."" until data arrives) unless a module-level cache already holds the result for that path, in which case it is applied immediately; successful parses are cached with a 30-entry cap (clearCachedRegistry evicts explicitly). Applying data builds the key tree from the flat key list, auto-expands every node that has children, and resets selection, search and clear state; a parse failure is logged (""[registry-viewer] failed to parse registry file"") and leaves the panel on its loading copy. The header shows ""Registry Keys"" plus ""<n> keys, <n> values"" from the parse result.",Log workspace > registry tab (open a .reg file); tab switch back to an already-parsed file,src/components/registry-view/RegistryViewer.tsx; src/stores/registry-store.ts; src-tauri/src/commands/registry_ops.rs,all,both,"Extends LOG-024 (loading state, 30-entry cache and auto-expand-all).",blocked,story,harness,"The first registry open parses, auto-expands and reports its own key/value counts, but re-opening the tab for a second fixture never showed that file's counts (""2 keys, 5 values"" never appeared within 15s), so the per-path cache/re-open path is unverified.","e2e_browser: e2e/stories/other-workspaces.spec.ts ""[REG-002] the first open parses and auto-expands, a return to it is cached"" (test.fixme)",2026-09-24T22:45:00Z,blocked,2026-09-24T22:45:00Z,
REG-003,registry,"Registry value rendering: types, defaults, deletes and truncation",As an analyst I want value kinds and deletions obvious at a glance.,"Name/Type/Data rows render the kind through the label map (REG_SZ, REG_DWORD, REG_QWORD, REG_BINARY, REG_EXPAND_SZ, REG_MULTI_SZ, REG_NONE, ""(deleted)""), the (Default) value name bolded while other names stay regular, delete-marker data in red italics, and every other data string truncated with ""..."" beyond 500 characters (the untruncated value stays available as the cell title). Long names and data are ellipsised in the cell but wrap in the tooltip/header.",Log workspace > registry tab > selected key > Name/Type/Data table,src/components/registry-view/ValueTable.tsx; src/lib/registry-utils.ts,all,both,Extends LOG-024.,pass,story,none,,"component_test: shows key/value counts, tree selection, and Name/Type/Data values",2026-09-24T21:30:00Z,,,
REG-004,registry,Registry value table empty and edge cases,As an analyst I want the value pane to explain itself instead of showing a blank panel.,"With no key selected the value pane shows ""Select a key to view its values"". With a selected key that has no values it shows the key path followed by ""This key has no values."", or ""This key is marked for deletion."" when the key was deleted in the snapshot; the key path header is also rendered above the table when values exist.",Log workspace > registry (.reg) tab > key tree selection,src/components/registry-view/ValueTable.tsx,all,both,Extends LOG-024 (the pane's empty and delete-marked states).,partial,story,coverage,component_test: src/components/registry-view/RegistryViewer.test.tsx seeds useRegistryStore; add a key with no values and an isDelete key,component_test: src/components/registry-view/RegistryViewer.test.tsx (+19 tests passed),2026-09-24T21:30:00Z,,,
